"Name","ID","State","Tags","eval/completion_loss (Min)","model.top_k","model.expert_rank","model.num_experts","model.disable_expert_mask","model.ident_expert_mask","model.prefill_expert","optimizer.learning_rate","router_z_loss_weight","global_step","Notes","User","Group","Job Type","Created","Updated","End Time","Runtime","Sweep","Hostname","Description","Commit","GitHub","GPU Count","GPU Type","data.add_router_token","data.always_include_file_sep","data.cache_dir","data.cache_options.batch_size","data.cache_options.final_copy_cpus","data.cache_options.final_copy_memory","data.cache_options.num_shard_groups","data.cache_options.shard_tokenize_memory","data.cache_options.target_size_per_flush","data.data_format","data.eos_token","data.file_content_field","data.file_path_field","data.file_sep_token","data.files_field","data.id_field","data.middle_token","data.pack","data.pad_token","data.predict_fim_token","data.predict_prefix","data.predict_router_token","data.prefix_token","data.replacer_trim_chars","data.repo_name_field","data.repo_name_token","data.route_every_k_tokens","data.router_token","data.shuffle","data.suffix_token","data.tokenizer","data.train_urls","data.validation_urls","embedding_router_token_ft","epoch","full_ft","full_ft_base_weights_optimizer.beta1","full_ft_base_weights_optimizer.beta2","full_ft_base_weights_optimizer.epsilon","full_ft_base_weights_optimizer.learning_rate","full_ft_base_weights_optimizer.lr_schedule","full_ft_base_weights_optimizer.max_grad_norm","full_ft_base_weights_optimizer.min_lr_ratio","full_ft_base_weights_optimizer.rewarmup","full_ft_base_weights_optimizer.warmup","full_ft_base_weights_optimizer.weight_decay","git_commit","initialize_from_hf","lb_loss_weight","model.activation_function","model.attn_backend","model.divide_by_topk","model.expert_bias_update_rate","model.expert_init","model.expert_init_scale","model.expert_type","model.flash_attention_block_size","model.gradient_checkpointing","model.gradient_checkpointing_block_size","model.hidden_dim","model.initializer_range","model.intermediate_dim","model.layer_norm_epsilon","model.lossless_exp_bias_update_rate","model.max_window_layers","model.mult_by_topk","model.num_heads","model.num_kv_heads","model.num_layers","model.reference_checkpoint","model.rope.factor","model.rope.theta","model.route_each_layer","model.router_act_before_topk","model.router_activation","model.router_init_scale","model.scale","model.scan_layers","model.seq_len","model.tie_word_embeddings","model.upcast_attn","model.use_bias","model.use_flash_attention","model.use_layer_norm_weight","model.use_sliding_window","optimizer.beta1","optimizer.beta2","optimizer.epsilon","optimizer.lr_schedule","optimizer.max_grad_norm","optimizer.min_lr_ratio","optimizer.rewarmup","optimizer.warmup","optimizer.weight_decay","router_z_loss_normalize_by_seqlen","save_torch_state_path","trainer.abort_if_loss_above","trainer.allow_partial_checkpoint","trainer.batch_axis","trainer.checkpointer.append_run_id_to_base_path","trainer.checkpointer.base_path","trainer.checkpointer.keep","trainer.checkpointer.save_interval","trainer.fsdp_axis","trainer.id","trainer.jax_config.jax_softmax_custom_jvp","trainer.jax_config.jax_threefry_partitionable","trainer.log_dir","trainer.max_eval_batches","trainer.max_eval_samples","trainer.model_axis_size","trainer.mp.compute_dtype","trainer.mp.output_dtype","trainer.mp.param_dtype","trainer.num_train_steps","trainer.per_device_eval_parallelism","trainer.per_device_parallelism","trainer.profiler","trainer.profiler_num_steps","trainer.profiler_perfetto_link","trainer.profiler_start_step","trainer.ray.auto_start_cluster","trainer.ray.start_workers","trainer.replica_dcn_axis_size","trainer.replica_ici_axis_size","trainer.require_accelerator","trainer.seed","trainer.shutdown_at_exit","trainer.steps_per_eval","trainer.tensor_parallel_axes","trainer.tracker.entity","trainer.tracker.name","trainer.tracker.project","trainer.tracker.resume","trainer.tracker.save_code","trainer.tracker.save_xla_dumps","trainer.tracker.tags","trainer.train_batch_size","trainer.wandb.entity","trainer.wandb.name","trainer.wandb.project","trainer.wandb.resume","trainer.wandb.save_code","trainer.wandb.save_xla_dumps","trainer.wandb.tags","z_loss_weight","aborted","backend","eval/all_lm_loss","eval/loss","eval/router/lb_loss","eval/router/used_count","eval/router/used_count_00","eval/router/used_count_01","eval/router/used_count_02","eval/router/used_count_03","eval/router/used_count_04","eval/router/used_count_05","eval/router/used_count_06","eval/router/used_count_07","eval/router/used_count_08","eval/router/used_count_09","eval/router/used_count_10","eval/router/used_count_11","eval/router/used_count_12","eval/router/used_count_13","eval/router/used_count_14","eval/router/used_count_15","eval/router/used_count_16","eval/router/used_count_17","eval/router/used_count_18","eval/router/used_count_19","eval/router/used_count_20","eval/router/used_count_21","eval/router/used_count_22","eval/router/used_count_23","eval/router/used_count_24","eval/router/used_count_25","eval/router/used_count_26","eval/router/used_count_27","eval/router/z_loss","num_devices","num_hosts","optim/avg_grad_norm","optim/learning_rate","optim/max_grad_norm","optim/min_grad_norm","parameter_count","run_progress","throughput/device_kind","throughput/duration","throughput/examples_per_second","throughput/flops_per_example","throughput/gflops_per_second","throughput/loading_time","throughput/mfu","throughput/theoretical_flops","throughput/theoretical_flops_per_device","throughput/tokens_per_second","throughput/total_gflops","throughput/total_tokens","train/all_lm_loss","train/completion_loss","train/loss","train/router/lb_loss","train/router/used_count","train/router/used_count_00","train/router/used_count_01","train/router/used_count_02","train/router/used_count_03","train/router/used_count_04","train/router/used_count_05","train/router/used_count_06","train/router/used_count_07","train/router/used_count_08","train/router/used_count_09","train/router/used_count_10","train/router/used_count_11","train/router/used_count_12","train/router/used_count_13","train/router/used_count_14","train/router/used_count_15","train/router/used_count_16","train/router/used_count_17","train/router/used_count_18","train/router/used_count_19","train/router/used_count_20","train/router/used_count_21","train/router/used_count_22","train/router/used_count_23","train/router/used_count_24","train/router/used_count_25","train/router/used_count_26","train/router/used_count_27","train/router/z_loss","train/seen_tokens","train/throughput/hook_time","trainable_params"
"rstarcoder_sweep_routed_mlp_zloss_scaling_2","ghoj3763","finished","routed_mlp_zloss_scaling, rstarcoder_sweep","0.604368269443512","4","128","32","false","false","true","0.000139","0.00004","999","-","","","","2025-03-23T03:22:26.000Z","2025-03-24T05:17:25.000Z","2025-03-24T05:17:25.000Z","93299","","t1v-n-b71e9d20-w-0","","38c5ec219fc54912f227562e661d9e9a598d5454","","","","false","false","gs://usc2-datacache/20250122-flattened-shuffled/starcoder","128","4","6442450944","128","3221225472","512MB","flattened","<|endoftext|>","content","path","<file_sep>","files","blob_id","<fim_middle>","true","<fim_pad>","false","false","false","<fim_prefix>","<>|","repo_name","<repo_name>","","<|router|>","false","<fim_suffix>","bigcode/starcoder2-3b","[""gs://usc-stack-v2/20250122-flattened-shuffled/shard-{00..58}.jsonl.gz""]","[""gs://usc-stack-v2/20250122-flattened-shuffled/shard-{59..60}.jsonl.gz""]","false","0","false","","","","","","","","","","","38c5ec219fc54912f227562e661d9e9a598d5454","bigcode/starcoder2-3b","0","gelu_new","SPLASH","","","MLP_ZERO_DOWN","0.01","MLP","512","true","5","3072","0.02","12288","0.00001","","","false","24","2","30","meta-llama/Llama-2-7b-hf","1","999999.4420358812","false","false","softmax","0.02","1","true","4096","true","false","true","true","true","","0.9","0.95","1e-8","cosine","1","0.1","0","0.01","0","true","gs://usc2-ckpt/starcoder2-3b-state-dicts","8","false","batch","true","gs://usc2-ckpt/starcoder2-3b-misc","[{""every"":10000}]","0:15:00","embed","ghoj3763","true","true","logs","","512","1","jax.numpy.bfloat16","jax.numpy.bfloat16","jax.numpy.float32","1000","4","4","false","100","false","5","true","true","1","1","true","0","false","10","[""mlp"",""heads""]","","rstarcoder_sweep_routed_mlp_zloss_scaling_2","levanter-seqmoe","allow","true","false","[""rstarcoder_sweep"",""routed_mlp_zloss_scaling""]","256","","rstarcoder_sweep_routed_mlp_zloss_scaling_2","levanter-seqmoe","allow","true","false","[""rstarcoder_sweep"",""routed_mlp_zloss_scaling""]","0","","tpu","0.6043893098831177","0.604390025138855","","28","","","","","","","","","","","","","","","","","","","","","","","","","","","","","0.01909727044403553","4","1","0.010402027517557144","0.000013900312296755146","0.02221410535275936","0.00009195098391501232","3879828480","1","TPU v4","85.73820348599111","2.985833497687273","124149250916352","370688.9920988262","0.2055998139985604","33.69899928171147","1100000000000000","275000000000000","12229.97400652707","31750426026.351524","1047527424","0.569301962852478","0.569301962852478","0.5693026781082153","","28","","","","","","","","","","","","","","","","","","","","","","","","","","","","","0.019976601004600525","280031","0.00424254999961704","849457152"
"rstarcoder_sweep_routed_mlp_scaling_2","v6nmy4m3","running","routed_mlp_scaling, rstarcoder_sweep","0.6047342419624329","4","128","32","false","false","true","0.000139","0","760","-","","","","2025-03-24T10:51:26.000Z","2025-03-25T06:52:18.000Z","2025-03-25T06:52:18.000Z","72052","","t1v-n-460b315a-w-0","","18059a734e8a0966e1b3aff5cc5207784d5dd50d","","","","false","false","gs://usc2-datacache/20250122-flattened-shuffled/starcoder","128","4","6442450944","128","3221225472","512MB","flattened","<|endoftext|>","content","path","<file_sep>","files","blob_id","<fim_middle>","true","<fim_pad>","false","false","false","<fim_prefix>","<>|","repo_name","<repo_name>","","<|router|>","false","<fim_suffix>","bigcode/starcoder2-3b","[""gs://usc-stack-v2/20250122-flattened-shuffled/shard-{00..58}.jsonl.gz""]","[""gs://usc-stack-v2/20250122-flattened-shuffled/shard-{59..60}.jsonl.gz""]","false","0","false","","","","","","","","","","","18059a734e8a0966e1b3aff5cc5207784d5dd50d","bigcode/starcoder2-3b","0","gelu_new","SPLASH","","","MLP_ZERO_DOWN","0.01","MLP","512","true","5","3072","0.02","12288","0.00001","","","false","24","2","30","meta-llama/Llama-2-7b-hf","1","999999.4420358812","false","false","softmax","0.02","1","true","4096","true","false","true","true","true","","0.9","0.95","1e-8","cosine","1","0.1","0","0.01","0","true","gs://usc2-ckpt/starcoder2-3b-state-dicts","8","false","batch","true","gs://usc2-ckpt/starcoder2-3b-misc","[{""every"":10000}]","0:15:00","embed","v6nmy4m3","true","true","logs","","512","1","jax.numpy.bfloat16","jax.numpy.bfloat16","jax.numpy.float32","1000","4","4","false","100","false","5","true","true","1","1","true","0","false","10","[""mlp"",""heads""]","","rstarcoder_sweep_routed_mlp_scaling_2","levanter-seqmoe","allow","true","false","[""rstarcoder_sweep"",""routed_mlp_scaling""]","256","","rstarcoder_sweep_routed_mlp_scaling_2","levanter-seqmoe","allow","true","false","[""rstarcoder_sweep"",""routed_mlp_scaling""]","0","","tpu","0.6047765016555786","0.6047765016555786","","27","","","","","","","","","","","","","","","","","","","","","","","","","","","","","","4","1","0.010883371345698832","0.00003118042877758853","0.02325749583542347","5.394491954914885e-15","3879828480","0.761","TPU v4","86.21812778399908","2.9692131640964505","124149250916352","368625.5901335457","0.3069922389986459","33.51141728486779","1100000000000000","275000000000000","12161.89712013906","24154478258.285446","796917760","0.5825545191764832","0.5825545191764832","0.5825545191764832","","25","","","","","","","","","","","","","","","","","","","","","","","","","","","","","","281791","67.50295875799202","849457152"
"rstarcoder_sweep_routed_mlp_lflb_granularity_78","csmojau2","finished","routed_mlp_lflb_granularity, rstarcoder_sweep","0.604967474937439","2","256","16","false","false","true","0.000139","0.001","499","-","","","","2025-03-05T08:28:36.000Z","2025-03-05T21:22:54.000Z","2025-03-05T21:22:54.000Z","46458","","t1v-n-62054ed5-w-0","","e6e0216dcd172ce715fd489a56b2bb3563b1fef1","","","","false","false","gs://usc2-datacache/20250122-flattened-shuffled/starcoder","128","4","6442450944","128","3221225472","512MB","flattened","<|endoftext|>","content","path","<file_sep>","files","blob_id","<fim_middle>","true","<fim_pad>","false","false","false","<fim_prefix>","<>|","repo_name","<repo_name>","","<|router|>","false","<fim_suffix>","bigcode/starcoder2-3b","[""gs://usc-stack-v2/20250122-flattened-shuffled/shard-{00..58}.jsonl.gz""]","[""gs://usc-stack-v2/20250122-flattened-shuffled/shard-{59..60}.jsonl.gz""]","false","0","false","","","","","","","","","","","e6e0216dcd172ce715fd489a56b2bb3563b1fef1","bigcode/starcoder2-3b","0","gelu_new","SPLASH","","0.0001","MLP_ZERO_DOWN","0.01","MLP","512","true","5","3072","0.02","12288","0.00001","","","false","24","2","30","meta-llama/Llama-2-7b-hf","1","999999.4420358812","false","true","softmax","0.02","1","true","4096","true","false","true","true","true","","0.9","0.95","1e-8","cosine","1","0.1","0","0.01","0","true","gs://usc2-ckpt/starcoder2-3b-state-dicts","8","false","batch","true","gs://usc2-ckpt/starcoder2-3b-misc","[{""every"":10000}]","0:15:00","embed","csmojau2","true","true","logs","","512","1","jax.numpy.bfloat16","jax.numpy.bfloat16","jax.numpy.float32","500","4","4","false","100","false","5","true","true","1","1","true","0","false","10","[""mlp"",""heads""]","willandwill","rstarcoder_sweep_routed_mlp_lflb_granularity_78","levanter-seqmoe","allow","true","false","[""rstarcoder_sweep"",""routed_mlp_lflb_granularity""]","256","willandwill","rstarcoder_sweep_routed_mlp_lflb_granularity_78","levanter-seqmoe","allow","true","false","[""rstarcoder_sweep"",""routed_mlp_lflb_granularity""]","0","","tpu","0.604967474937439","0.6049683094024658","","10","","","","","","","","","","","","","","","","","","","","","","","","","","","","","0.0008966082241386175","4","1","0.0108855739235878","0.000013901259990234394","0.024690065532922745","0.0004880985652562231","3879773184","1","TPU v4","85.48429631099862","2.9947020803523","124149250916352","371790.019993379","0.1626159219958936","33.79909272667082","1100000000000000","275000000000000","12266.29972112302","15859321909.05847","523239424","0.5623465776443481","0.5623465776443481","0.5623473525047302","","2","","","","","","","","","","","","","","","","","","","","","","","","","","","","","0.0008442903636023402","302463","0.0032584500004304573","849401856"
"rstarcoder_sweep_routed_mlp_zloss_5","osp6qinj","finished","routed_mlp_zloss, rstarcoder_sweep","0.6049942970275879","4","128","32","false","false","true","0.000139","0.000001","499","-","","","","2025-03-21T08:06:48.000Z","2025-03-23T15:46:37.000Z","2025-03-23T15:46:37.000Z","200389","","t1v-n-1aac8ec2-w-0","","4c89513d877eb57ebd59bdb4abc1fb92dbc97a7d","","","","false","false","gs://usc2-datacache/20250122-flattened-shuffled/starcoder","128","4","6442450944","128","3221225472","512MB","flattened","<|endoftext|>","content","path","<file_sep>","files","blob_id","<fim_middle>","true","<fim_pad>","false","false","false","<fim_prefix>","<>|","repo_name","<repo_name>","","<|router|>","false","<fim_suffix>","bigcode/starcoder2-3b","[""gs://usc-stack-v2/20250122-flattened-shuffled/shard-{00..58}.jsonl.gz""]","[""gs://usc-stack-v2/20250122-flattened-shuffled/shard-{59..60}.jsonl.gz""]","false","0","false","","","","","","","","","","","4c89513d877eb57ebd59bdb4abc1fb92dbc97a7d","bigcode/starcoder2-3b","0","gelu_new","SPLASH","","","MLP_ZERO_DOWN","0.01","MLP","512","true","5","3072","0.02","12288","0.00001","","","false","24","2","30","meta-llama/Llama-2-7b-hf","1","999999.4420358812","false","false","softmax","0.02","1","true","4096","true","false","true","true","true","","0.9","0.95","1e-8","cosine","1","0.1","0","0.01","0","true","gs://usc2-ckpt/starcoder2-3b-state-dicts","8","true","batch","true","gs://usc2-ckpt/starcoder2-3b-misc","[{""every"":10000}]","0:15:00","embed","osp6qinj","true","true","logs","","512","1","jax.numpy.bfloat16","jax.numpy.bfloat16","jax.numpy.float32","500","4","4","false","100","false","5","true","true","1","1","true","0","false","10","[""mlp"",""heads""]","","rstarcoder_sweep_routed_mlp_zloss_5","levanter-seqmoe","allow","true","false","[""rstarcoder_sweep"",""routed_mlp_zloss""]","256","","rstarcoder_sweep_routed_mlp_zloss_5","levanter-seqmoe","allow","true","false","[""rstarcoder_sweep"",""routed_mlp_zloss""]","0","","tpu","0.6049942970275879","0.6049960255622864","","32","","","","","","","","","","","","","","","","","","","","","","","","","","","","","1.7037006616592407","4","1","0.010605285875499249","0.000013901259990234394","0.02415134571492672","0.00006364970613503829","3879828480","1","TPU v4","85.75235519099806","2.9853407457999923","124149250916352","370627.8173211327","0.16636102300253697","33.69343793828479","1100000000000000","275000000000000","12227.955694796769","15859321909.05847","523239424","0.562495768070221","0.562495768070221","0.5624972581863403","","32","","","","","","","","","","","","","","","","","","","","","","","","","","","","","1.4927810430526731","302463","0.0034156199981225654","849457152"
"rstarcoder_sweep_routed_mlp_lblb_granularity_62","mnzg3v6b","finished","routed_mlp_lblb_granularity, rstarcoder_sweep","0.6050211787223816","2","256","16","false","false","true","0.000139","0.001","499","-","","","","2025-03-05T08:23:24.000Z","2025-03-05T21:20:25.000Z","2025-03-05T21:20:25.000Z","46621","","t1v-n-e296036e-w-0","","e6e0216dcd172ce715fd489a56b2bb3563b1fef1","","","","false","false","gs://usc2-datacache/20250122-flattened-shuffled/starcoder","128","4","6442450944","128","3221225472","512MB","flattened","<|endoftext|>","content","path","<file_sep>","files","blob_id","<fim_middle>","true","<fim_pad>","false","false","false","<fim_prefix>","<>|","repo_name","<repo_name>","","<|router|>","false","<fim_suffix>","bigcode/starcoder2-3b","[""gs://usc-stack-v2/20250122-flattened-shuffled/shard-{00..58}.jsonl.gz""]","[""gs://usc-stack-v2/20250122-flattened-shuffled/shard-{59..60}.jsonl.gz""]","false","0","false","","","","","","","","","","","e6e0216dcd172ce715fd489a56b2bb3563b1fef1","bigcode/starcoder2-3b","0.00001","gelu_new","SPLASH","","","MLP_ZERO_DOWN","0.01","MLP","512","true","5","3072","0.02","12288","0.00001","","","false","24","2","30","meta-llama/Llama-2-7b-hf","1","999999.4420358812","false","false","softmax","0.02","1","true","4096","true","false","true","true","true","","0.9","0.95","1e-8","cosine","1","0.1","0","0.01","0","true","gs://usc2-ckpt/starcoder2-3b-state-dicts","8","false","batch","true","gs://usc2-ckpt/starcoder2-3b-misc","[{""every"":10000}]","0:15:00","embed","mnzg3v6b","true","true","logs","","512","1","jax.numpy.bfloat16","jax.numpy.bfloat16","jax.numpy.float32","500","4","4","false","100","false","5","true","true","1","1","true","0","false","10","[""mlp"",""heads""]","willandwill","rstarcoder_sweep_routed_mlp_lblb_granularity_62","levanter-seqmoe","allow","true","false","[""rstarcoder_sweep"",""routed_mlp_lblb_granularity""]","256","willandwill","rstarcoder_sweep_routed_mlp_lblb_granularity_62","levanter-seqmoe","allow","true","false","[""rstarcoder_sweep"",""routed_mlp_lblb_granularity""]","0","","tpu","0.6050361394882202","0.6054837703704834","44.5318489074707","7","","","","","","","","","","","","","","","","","","","","","","","","","","","","","0.0017245602793991566","4","1","0.011415015906095505","0.000013901259990234394","0.025849418714642525","0.0004281855945009738","3879773184","1","TPU v4","85.57587619200058","2.9914972699272258","124149250916352","371392.1451797771","0.19689574600488413","33.762922289070644","1100000000000000","275000000000000","12253.172817621917","15859321909.05847","523239424","0.5623403787612915","0.5623403787612915","0.5627637505531311","42.050201416015625","8","","","","","","","","","","","","","","","","","","","","","","","","","","","","","0.0019135834882035851","302463","0.003635619999840856","849401856"
"rstarcoder_sweep_routed_mlp_lflb_more_experts_54","bozpqzjx","finished","routed_mlp_lflb_more_experts, rstarcoder_sweep","0.6050472259521484","4","128","64","false","false","true","0.000139","0.001","499","-","","","","2025-03-05T08:22:53.000Z","2025-03-05T23:42:29.000Z","2025-03-05T23:42:29.000Z","55176","","t1v-n-dbe7f3c6-w-0","","e6e0216dcd172ce715fd489a56b2bb3563b1fef1","","","","false","false","gs://usc2-datacache/20250122-flattened-shuffled/starcoder","128","4","6442450944","128","3221225472","512MB","flattened","<|endoftext|>","content","path","<file_sep>","files","blob_id","<fim_middle>","true","<fim_pad>","false","false","false","<fim_prefix>","<>|","repo_name","<repo_name>","","<|router|>","false","<fim_suffix>","bigcode/starcoder2-3b","[""gs://usc-stack-v2/20250122-flattened-shuffled/shard-{00..58}.jsonl.gz""]","[""gs://usc-stack-v2/20250122-flattened-shuffled/shard-{59..60}.jsonl.gz""]","false","0","false","","","","","","","","","","","e6e0216dcd172ce715fd489a56b2bb3563b1fef1","bigcode/starcoder2-3b","0","gelu_new","SPLASH","","0.0001","MLP_ZERO_DOWN","0.01","MLP","512","true","5","3072","0.02","12288","0.00001","","","false","24","2","30","meta-llama/Llama-2-7b-hf","1","999999.4420358812","false","true","softmax","0.02","1","true","4096","true","false","true","true","true","","0.9","0.95","1e-8","cosine","1","0.1","0","0.01","0","true","gs://usc2-ckpt/starcoder2-3b-state-dicts","8","false","batch","true","gs://usc2-ckpt/starcoder2-3b-misc","[{""every"":10000}]","0:15:00","embed","bozpqzjx","true","true","logs","","512","1","jax.numpy.bfloat16","jax.numpy.bfloat16","jax.numpy.float32","500","4","4","false","100","false","5","true","true","1","1","true","0","false","10","[""mlp"",""heads""]","willandwill","rstarcoder_sweep_routed_mlp_lflb_more_experts_54","levanter-seqmoe","allow","true","false","[""rstarcoder_sweep"",""routed_mlp_lflb_more_experts""]","256","willandwill","rstarcoder_sweep_routed_mlp_lflb_more_experts_54","levanter-seqmoe","allow","true","false","[""rstarcoder_sweep"",""routed_mlp_lflb_more_experts""]","0","","tpu","0.605056881904602","0.6050581932067871","","31","","","","","","","","","","","","","","","","","","","","","","","","","","","","","0.0014025724958628416","4","1","0.010137910023331642","0.000013901259990234394","0.022996677085757256","0.00013009828398935497","4634901504","1","TPU v4","100.66298784700484","2.5431392955381775","124149250916352","315728.8385170038","0.17862582900124835","28.702621683363983","1100000000000000","275000000000000","10416.698554524375","15859321909.05847","523239424","0.562487781047821","0.562487781047821","0.5624897480010986","","8","","","","","","","","","","","","","","","","","","","","","","","","","","","","","0.0019535596948117018","302463","0.0029518000010284595","1604530176"
"rstarcoder_sweep_routed_mlp_lflb_more_experts_52","q4j5s7sy","finished","routed_mlp_lflb_more_experts, rstarcoder_sweep","0.6050613522529602","4","128","32","false","false","true","0.000139","0.001","499","-","","","","2025-03-05T20:57:07.000Z","2025-03-06T09:53:52.000Z","2025-03-06T09:53:52.000Z","46605","","t1v-n-c16a4861-w-0","","e6e0216dcd172ce715fd489a56b2bb3563b1fef1","","","","false","false","gs://usc2-datacache/20250122-flattened-shuffled/starcoder","128","4","6442450944","128","3221225472","512MB","flattened","<|endoftext|>","content","path","<file_sep>","files","blob_id","<fim_middle>","true","<fim_pad>","false","false","false","<fim_prefix>","<>|","repo_name","<repo_name>","","<|router|>","false","<fim_suffix>","bigcode/starcoder2-3b","[""gs://usc-stack-v2/20250122-flattened-shuffled/shard-{00..58}.jsonl.gz""]","[""gs://usc-stack-v2/20250122-flattened-shuffled/shard-{59..60}.jsonl.gz""]","false","0","false","","","","","","","","","","","e6e0216dcd172ce715fd489a56b2bb3563b1fef1","bigcode/starcoder2-3b","0","gelu_new","SPLASH","","0.0001","MLP_ZERO_DOWN","0.01","MLP","512","true","5","3072","0.02","12288","0.00001","","","false","24","2","30","meta-llama/Llama-2-7b-hf","1","999999.4420358812","false","true","softmax","0.02","1","true","4096","true","false","true","true","true","","0.9","0.95","1e-8","cosine","1","0.1","0","0.01","0","true","gs://usc2-ckpt/starcoder2-3b-state-dicts","8","false","batch","true","gs://usc2-ckpt/starcoder2-3b-misc","[{""every"":10000}]","0:15:00","embed","q4j5s7sy","true","true","logs","","512","1","jax.numpy.bfloat16","jax.numpy.bfloat16","jax.numpy.float32","500","4","4","false","100","false","5","true","true","1","1","true","0","false","10","[""mlp"",""heads""]","willandwill","rstarcoder_sweep_routed_mlp_lflb_more_experts_52","levanter-seqmoe","allow","true","false","[""rstarcoder_sweep"",""routed_mlp_lflb_more_experts""]","256","willandwill","rstarcoder_sweep_routed_mlp_lflb_more_experts_52","levanter-seqmoe","allow","true","false","[""rstarcoder_sweep"",""routed_mlp_lflb_more_experts""]","0","","tpu","0.6050684452056885","0.6050699353218079","","21","","","","","","","","","","","","","","","","","","","","","","","","","","","","","0.0014258784940466285","4","1","0.010359514504671097","0.000013901259990234394","0.023303741589188576","0.00032943120459094644","3879828480","1","TPU v4","85.59709436798585","2.9907557247147225","124149250916352","371300.08289712423","0.17434769598185085","33.75455299064766","1100000000000000","275000000000000","12250.135448431503","15859321909.05847","523239424","0.5624165534973145","0.5624165534973145","0.56241774559021","","7","","","","","","","","","","","","","","","","","","","","","","","","","","","","","0.0012620807392522693","302463","0.0032644399907439947","849457152"
"rstarcoder_sweep_routed_mlp_lflb_41_rerun","bhswlxcr","finished","rerun, routed_mlp_lflb, rstarcoder_sweep","0.6050613522529602","4","128","32","false","false","true","0.000139","0.001","499","-","","","","2025-03-19T09:59:29.000Z","2025-03-23T15:45:14.000Z","2025-03-23T15:45:14.000Z","366345","","t1v-n-ca36f625-w-0","","4c89513d877eb57ebd59bdb4abc1fb92dbc97a7d","","","","false","false","gs://usc2-datacache/20250122-flattened-shuffled/starcoder","128","4","6442450944","128","3221225472","512MB","flattened","<|endoftext|>","content","path","<file_sep>","files","blob_id","<fim_middle>","true","<fim_pad>","false","false","false","<fim_prefix>","<>|","repo_name","<repo_name>","","<|router|>","false","<fim_suffix>","bigcode/starcoder2-3b","[""gs://usc-stack-v2/20250122-flattened-shuffled/shard-{00..58}.jsonl.gz""]","[""gs://usc-stack-v2/20250122-flattened-shuffled/shard-{59..60}.jsonl.gz""]","false","0","false","","","","","","","","","","","4c89513d877eb57ebd59bdb4abc1fb92dbc97a7d","bigcode/starcoder2-3b","0","gelu_new","SPLASH","","0.0001","MLP_ZERO_DOWN","0.01","MLP","512","true","5","3072","0.02","12288","0.00001","","","false","24","2","30","meta-llama/Llama-2-7b-hf","1","999999.4420358812","false","true","softmax","0.02","1","true","4096","true","false","true","true","true","","0.9","0.95","1e-8","cosine","1","0.1","0","0.01","0","true","gs://usc2-ckpt/starcoder2-3b-state-dicts","8","true","batch","true","gs://usc2-ckpt/starcoder2-3b-misc","[{""every"":10000}]","0:15:00","embed","bhswlxcr","true","true","logs","","512","1","jax.numpy.bfloat16","jax.numpy.bfloat16","jax.numpy.float32","500","4","4","false","100","false","5","true","true","1","1","true","0","false","10","[""mlp"",""heads""]","","rstarcoder_sweep_routed_mlp_lflb_41_rerun","levanter-seqmoe","allow","true","false","[""rstarcoder_sweep"",""routed_mlp_lflb"",""rerun""]","256","","rstarcoder_sweep_routed_mlp_lflb_41_rerun","levanter-seqmoe","allow","true","false","[""rstarcoder_sweep"",""routed_mlp_lflb"",""rerun""]","0","","tpu","0.6050684452056885","0.6050699353218079","","21","","","","","","","","","","","","","","","","","","","","","","","","","","","","","0.0014258784940466285","4","1","0.010359514504671097","0.000013901259990234394","0.023303741589188576","0.00032943120459094644","3879828480","1","TPU v4","85.59437016499578","2.9908509111816843","124149250916352","371311.90022569493","0.1584319260000484","33.75562729324499","1100000000000000","275000000000000","12250.52533220018","15859321909.05847","523239424","0.5624165534973145","0.5624165534973145","0.56241774559021","","7","","","","","","","","","","","","","","","","","","","","","","","","","","","","","0.0012620807392522693","302463","0.0034152699954574928","849457152"
"rstarcoder_sweep_routed_mlp_lflb_41","cva5mmcs","finished","routed_mlp_lflb, rstarcoder_sweep","0.6050613522529602","4","128","32","false","false","true","0.000139","0.001","499","-","","","","2025-03-04T16:24:53.000Z","2025-03-05T05:22:18.000Z","2025-03-05T05:22:18.000Z","46645","","t1v-n-32048a0e-w-0","","e6e0216dcd172ce715fd489a56b2bb3563b1fef1","","","","false","false","gs://usc2-datacache/20250122-flattened-shuffled/starcoder","128","4","6442450944","128","3221225472","512MB","flattened","<|endoftext|>","content","path","<file_sep>","files","blob_id","<fim_middle>","true","<fim_pad>","false","false","false","<fim_prefix>","<>|","repo_name","<repo_name>","","<|router|>","false","<fim_suffix>","bigcode/starcoder2-3b","[""gs://usc-stack-v2/20250122-flattened-shuffled/shard-{00..58}.jsonl.gz""]","[""gs://usc-stack-v2/20250122-flattened-shuffled/shard-{59..60}.jsonl.gz""]","false","0","false","","","","","","","","","","","e6e0216dcd172ce715fd489a56b2bb3563b1fef1","bigcode/starcoder2-3b","0","gelu_new","SPLASH","","0.0001","MLP_ZERO_DOWN","0.01","MLP","512","true","5","3072","0.02","12288","0.00001","","","false","24","2","30","meta-llama/Llama-2-7b-hf","1","999999.4420358812","false","true","softmax","0.02","1","true","4096","true","false","true","true","true","","0.9","0.95","1e-8","cosine","1","0.1","0","0.01","0","true","gs://usc2-ckpt/starcoder2-3b-state-dicts","8","false","batch","true","gs://usc2-ckpt/starcoder2-3b-misc","[{""every"":10000}]","0:15:00","embed","cva5mmcs","true","true","logs","","512","1","jax.numpy.bfloat16","jax.numpy.bfloat16","jax.numpy.float32","500","4","4","false","100","false","5","true","true","1","1","true","0","false","10","[""mlp"",""heads""]","willandwill","rstarcoder_sweep_routed_mlp_lflb_41","levanter-seqmoe","allow","true","false","[""rstarcoder_sweep"",""routed_mlp_lflb""]","256","willandwill","rstarcoder_sweep_routed_mlp_lflb_41","levanter-seqmoe","allow","true","false","[""rstarcoder_sweep"",""routed_mlp_lflb""]","0","","tpu","0.6050684452056885","0.6050699353218079","","21","","","","","","","","","","","","","","","","","","","","","","","","","","","","","0.0014258784940466285","4","1","0.010359514504671097","0.000013901259990234394","0.023303741589188576","0.00032943120459094644","3879828480","1","TPU v4","85.5968987899978","2.99076255820981","124149250916352","371300.9312704205","0.18813616399711464","33.75463011549277","1100000000000000","275000000000000","12250.163438427382","15859321909.05847","523239424","0.5624165534973145","0.5624165534973145","0.56241774559021","","7","","","","","","","","","","","","","","","","","","","","","","","","","","","","","0.0012620807392522693","302463","0.0036188199956086464","849457152"
"rstarcoder_sweep_routed_mlp_zloss_3","k6xujkar","finished","routed_mlp_zloss, routed_mlp_zloss_scaling, rstarcoder_sweep","0.6050723195075989","4","128","32","false","false","true","0.000139","0.00004","499","-","","","","2025-03-21T08:17:09.000Z","2025-03-25T06:08:35.000Z","2025-03-21T21:16:04.000Z","46735","","t1v-n-af581622-w-0","","38c5ec219fc54912f227562e661d9e9a598d5454","","","","false","false","gs://usc2-datacache/20250122-flattened-shuffled/starcoder","128","4","6442450944","128","3221225472","512MB","flattened","<|endoftext|>","content","path","<file_sep>","files","blob_id","<fim_middle>","true","<fim_pad>","false","false","false","<fim_prefix>","<>|","repo_name","<repo_name>","","<|router|>","false","<fim_suffix>","bigcode/starcoder2-3b","[""gs://usc-stack-v2/20250122-flattened-shuffled/shard-{00..58}.jsonl.gz""]","[""gs://usc-stack-v2/20250122-flattened-shuffled/shard-{59..60}.jsonl.gz""]","false","0","false","","","","","","","","","","","38c5ec219fc54912f227562e661d9e9a598d5454","bigcode/starcoder2-3b","0","gelu_new","SPLASH","","","MLP_ZERO_DOWN","0.01","MLP","512","true","5","3072","0.02","12288","0.00001","","","false","24","2","30","meta-llama/Llama-2-7b-hf","1","999999.4420358812","false","false","softmax","0.02","1","true","4096","true","false","true","true","true","","0.9","0.95","1e-8","cosine","1","0.1","0","0.01","0","true","gs://usc2-ckpt/starcoder2-3b-state-dicts","8","false","batch","true","gs://usc2-ckpt/starcoder2-3b-misc","[{""every"":10000}]","0:15:00","embed","k6xujkar","true","true","logs","","512","1","jax.numpy.bfloat16","jax.numpy.bfloat16","jax.numpy.float32","500","4","4","false","100","false","5","true","true","1","1","true","0","false","10","[""mlp"",""heads""]","","rstarcoder_sweep_routed_mlp_zloss_3","levanter-seqmoe","allow","true","false","[""rstarcoder_sweep"",""routed_mlp_zloss""]","256","","rstarcoder_sweep_routed_mlp_zloss_3","levanter-seqmoe","allow","true","false","[""rstarcoder_sweep"",""routed_mlp_zloss""]","0","","tpu","0.6050723195075989","0.6050743460655212","","32","","","","","","","","","","","","","","","","","","","","","","","","","","","","","0.04840819165110588","4","1","0.010553761385381222","0.000013901259990234394","0.023423990234732628","0.000641498772893101","3879828480","1","TPU v4","85.73532595399593","2.985933711121191","124149250916352","370701.4335215788","0.17462610300572123","33.70013032014353","1100000000000000","275000000000000","12230.384480752398","15859321909.05847","523239424","0.5624489784240723","0.5624489784240723","0.5624510049819946","","32","","","","","","","","","","","","","","","","","","","","","","","","","","","","","0.050414957106113434","302463","0.00338532000023406","849457152"
"rstarcoder_sweep_routed_mlp_zloss_4","xy6cbkbu","finished","routed_mlp_zloss, rstarcoder_sweep","0.6050765514373779","4","128","32","false","false","true","0.000139","0.000006","499","-","","","","2025-03-21T08:16:42.000Z","2025-03-21T21:15:07.000Z","2025-03-21T21:15:07.000Z","46705","","t1v-n-b71e9d20-w-0","","38c5ec219fc54912f227562e661d9e9a598d5454","","","","false","false","gs://usc2-datacache/20250122-flattened-shuffled/starcoder","128","4","6442450944","128","3221225472","512MB","flattened","<|endoftext|>","content","path","<file_sep>","files","blob_id","<fim_middle>","true","<fim_pad>","false","false","false","<fim_prefix>","<>|","repo_name","<repo_name>","","<|router|>","false","<fim_suffix>","bigcode/starcoder2-3b","[""gs://usc-stack-v2/20250122-flattened-shuffled/shard-{00..58}.jsonl.gz""]","[""gs://usc-stack-v2/20250122-flattened-shuffled/shard-{59..60}.jsonl.gz""]","false","0","false","","","","","","","","","","","38c5ec219fc54912f227562e661d9e9a598d5454","bigcode/starcoder2-3b","0","gelu_new","SPLASH","","","MLP_ZERO_DOWN","0.01","MLP","512","true","5","3072","0.02","12288","0.00001","","","false","24","2","30","meta-llama/Llama-2-7b-hf","1","999999.4420358812","false","false","softmax","0.02","1","true","4096","true","false","true","true","true","","0.9","0.95","1e-8","cosine","1","0.1","0","0.01","0","true","gs://usc2-ckpt/starcoder2-3b-state-dicts","8","false","batch","true","gs://usc2-ckpt/starcoder2-3b-misc","[{""every"":10000}]","0:15:00","embed","xy6cbkbu","true","true","logs","","512","1","jax.numpy.bfloat16","jax.numpy.bfloat16","jax.numpy.float32","500","4","4","false","100","false","5","true","true","1","1","true","0","false","10","[""mlp"",""heads""]","","rstarcoder_sweep_routed_mlp_zloss_4","levanter-seqmoe","allow","true","false","[""rstarcoder_sweep"",""routed_mlp_zloss""]","256","","rstarcoder_sweep_routed_mlp_zloss_4","levanter-seqmoe","allow","true","false","[""rstarcoder_sweep"",""routed_mlp_zloss""]","0","","tpu","0.6050765514373779","0.6050781607627869","","32","","","","","","","","","","","","","","","","","","","","","","","","","","","","","0.28024616837501526","4","1","0.011142736300826073","0.000013901259990234394","0.025082441046833992","0.0001720325235510245","3879828480","1","TPU v4","85.73471775899816","2.9859548930880093","124149250916352","370704.06324689224","0.19647272199654253","33.700369386081114","1100000000000000","275000000000000","12230.471242088486","15859321909.05847","523239424","0.5623536109924316","0.5623536109924316","0.5623551607131958","","31","","","","","","","","","","","","","","","","","","","","","","","","","","","","","0.25782692432403564","302463","0.003817860000708606","849457152"
"rstarcoder_sweep_routed_mlp_lblb_more_experts_48","nmatvipx","finished","routed_mlp_lblb_more_experts, rstarcoder_sweep","0.605080783367157","4","128","48","false","false","true","0.000139","0.001","499","-","","","","2025-03-05T07:58:54.000Z","2025-03-05T21:57:12.000Z","2025-03-05T21:57:12.000Z","50298","","t1v-n-c95440db-w-0","","e6e0216dcd172ce715fd489a56b2bb3563b1fef1","","","","false","false","gs://usc2-datacache/20250122-flattened-shuffled/starcoder","128","4","6442450944","128","3221225472","512MB","flattened","<|endoftext|>","content","path","<file_sep>","files","blob_id","<fim_middle>","true","<fim_pad>","false","false","false","<fim_prefix>","<>|","repo_name","<repo_name>","","<|router|>","false","<fim_suffix>","bigcode/starcoder2-3b","[""gs://usc-stack-v2/20250122-flattened-shuffled/shard-{00..58}.jsonl.gz""]","[""gs://usc-stack-v2/20250122-flattened-shuffled/shard-{59..60}.jsonl.gz""]","false","0","false","","","","","","","","","","","e6e0216dcd172ce715fd489a56b2bb3563b1fef1","bigcode/starcoder2-3b","0.00001","gelu_new","SPLASH","","","MLP_ZERO_DOWN","0.01","MLP","512","true","5","3072","0.02","12288","0.00001","","","false","24","2","30","meta-llama/Llama-2-7b-hf","1","999999.4420358812","false","false","softmax","0.02","1","true","4096","true","false","true","true","true","","0.9","0.95","1e-8","cosine","1","0.1","0","0.01","0","true","gs://usc2-ckpt/starcoder2-3b-state-dicts","8","false","batch","true","gs://usc2-ckpt/starcoder2-3b-misc","[{""every"":10000}]","0:15:00","embed","nmatvipx","true","true","logs","","512","1","jax.numpy.bfloat16","jax.numpy.bfloat16","jax.numpy.float32","500","4","4","false","100","false","5","true","true","1","1","true","0","false","10","[""mlp"",""heads""]","willandwill","rstarcoder_sweep_routed_mlp_lblb_more_experts_48","levanter-seqmoe","allow","true","false","[""rstarcoder_sweep"",""routed_mlp_lblb_more_experts""]","256","willandwill","rstarcoder_sweep_routed_mlp_lblb_more_experts_48","levanter-seqmoe","allow","true","false","[""rstarcoder_sweep"",""routed_mlp_lblb_more_experts""]","0","","tpu","0.6051073670387268","0.6057407855987549","63.08420181274414","18","","","","","","","","","","","","","","","","","","","","","","","","","","","","","0.0018876658286899328","4","1","0.019549660384655","0.000013901259990234394","0.039989765733480453","0.003589075757190585","4257364992","1","TPU v4","92.49344131399994","2.76776381506795","124149250916352","343615.80435407057","0.17485428300278727","31.237800395824593","1100000000000000","275000000000000","11336.760586518323","15859321909.05847","523239424","0.5623056888580322","0.5623056888580322","0.562903106212616","59.423553466796875","21","","","","","","","","","","","","","","","","","","","","","","","","","","","","","0.002514970488846302","302463","0.003676609994727187","1226993664"
"rstarcoder_sweep_routed_mlp_lblb_33","ztayrajx","finished","routed_mlp_lblb, rstarcoder_sweep","0.6050851941108704","4","128","32","false","false","true","0.000139","0.001","499","-","","","","2025-03-04T15:53:24.000Z","2025-03-05T04:50:40.000Z","2025-03-05T04:50:40.000Z","46636","","t1v-n-a33f14ff-w-0","","e6e0216dcd172ce715fd489a56b2bb3563b1fef1","","","","false","false","gs://usc2-datacache/20250122-flattened-shuffled/starcoder","128","4","6442450944","128","3221225472","512MB","flattened","<|endoftext|>","content","path","<file_sep>","files","blob_id","<fim_middle>","true","<fim_pad>","false","false","false","<fim_prefix>","<>|","repo_name","<repo_name>","","<|router|>","false","<fim_suffix>","bigcode/starcoder2-3b","[""gs://usc-stack-v2/20250122-flattened-shuffled/shard-{00..58}.jsonl.gz""]","[""gs://usc-stack-v2/20250122-flattened-shuffled/shard-{59..60}.jsonl.gz""]","false","0","false","","","","","","","","","","","e6e0216dcd172ce715fd489a56b2bb3563b1fef1","bigcode/starcoder2-3b","0.00001","gelu_new","SPLASH","","","MLP_ZERO_DOWN","0.01","MLP","512","true","5","3072","0.02","12288","0.00001","","","false","24","2","30","meta-llama/Llama-2-7b-hf","1","999999.4420358812","false","false","softmax","0.02","1","true","4096","true","false","true","true","true","","0.9","0.95","1e-8","cosine","1","0.1","0","0.01","0","true","gs://usc2-ckpt/starcoder2-3b-state-dicts","8","false","batch","true","gs://usc2-ckpt/starcoder2-3b-misc","[{""every"":10000}]","0:15:00","embed","ztayrajx","true","true","logs","","512","1","jax.numpy.bfloat16","jax.numpy.bfloat16","jax.numpy.float32","500","4","4","false","100","false","5","true","true","1","1","true","0","false","10","[""mlp"",""heads""]","willandwill","rstarcoder_sweep_routed_mlp_lblb_33","levanter-seqmoe","allow","true","false","[""rstarcoder_sweep"",""routed_mlp_lblb""]","256","willandwill","rstarcoder_sweep_routed_mlp_lblb_33","levanter-seqmoe","allow","true","false","[""rstarcoder_sweep"",""routed_mlp_lblb""]","0","","tpu","0.605085551738739","0.6055358648300171","44.79482650756836","21","","","","","","","","","","","","","","","","","","","","","","","","","","","","","0.0017524202121421697","4","1","0.01023254357278347","0.000013901259990234394","0.0231062825769186","0.0002996587136294693","3879828480","1","TPU v4","85.73415739598568","2.9859744094479974","124149250916352","370706.48618836544","0.15322442399337888","33.70058965348777","1100000000000000","275000000000000","12230.551181098996","15859321909.05847","523239424","0.5624642968177795","0.5624642968177795","0.5628901720046997","42.34798049926758","20","","","","","","","","","","","","","","","","","","","","","","","","","","","","","0.0016332818195223808","302463","0.003143309004371986","849457152"
"rstarcoder_sweep_routed_mlp_lblb_33_rerun","7uz4glwu","finished","rerun, routed_mlp_lblb, rstarcoder_sweep","0.6050851941108704","4","128","32","false","false","true","0.000139","0.001","499","-","","","","2025-03-19T10:03:17.000Z","2025-03-19T23:00:41.000Z","2025-03-19T23:00:41.000Z","46644","","t1v-n-4c39a49e-w-0","","38c5ec219fc54912f227562e661d9e9a598d5454","","","","false","false","gs://usc2-datacache/20250122-flattened-shuffled/starcoder","128","4","6442450944","128","3221225472","512MB","flattened","<|endoftext|>","content","path","<file_sep>","files","blob_id","<fim_middle>","true","<fim_pad>","false","false","false","<fim_prefix>","<>|","repo_name","<repo_name>","","<|router|>","false","<fim_suffix>","bigcode/starcoder2-3b","[""gs://usc-stack-v2/20250122-flattened-shuffled/shard-{00..58}.jsonl.gz""]","[""gs://usc-stack-v2/20250122-flattened-shuffled/shard-{59..60}.jsonl.gz""]","false","0","false","","","","","","","","","","","38c5ec219fc54912f227562e661d9e9a598d5454","bigcode/starcoder2-3b","0.00001","gelu_new","SPLASH","","","MLP_ZERO_DOWN","0.01","MLP","512","true","5","3072","0.02","12288","0.00001","","","false","24","2","30","meta-llama/Llama-2-7b-hf","1","999999.4420358812","false","false","softmax","0.02","1","true","4096","true","false","true","true","true","","0.9","0.95","1e-8","cosine","1","0.1","0","0.01","0","true","gs://usc2-ckpt/starcoder2-3b-state-dicts","8","false","batch","true","gs://usc2-ckpt/starcoder2-3b-misc","[{""every"":10000}]","0:15:00","embed","7uz4glwu","true","true","logs","","512","1","jax.numpy.bfloat16","jax.numpy.bfloat16","jax.numpy.float32","500","4","4","false","100","false","5","true","true","1","1","true","0","false","10","[""mlp"",""heads""]","","rstarcoder_sweep_routed_mlp_lblb_33_rerun","levanter-seqmoe","allow","true","false","[""rstarcoder_sweep"",""routed_mlp_lblb"",""rerun""]","256","","rstarcoder_sweep_routed_mlp_lblb_33_rerun","levanter-seqmoe","allow","true","false","[""rstarcoder_sweep"",""routed_mlp_lblb"",""rerun""]","0","","tpu","0.605085551738739","0.6055358648300171","44.79482650756836","21","","","","","","","","","","","","","","","","","","","","","","","","","","","","","0.0017524202121421697","4","1","0.01023254357278347","0.000013901259990234394","0.0231062825769186","0.0002996587136294693","3879828480","1","TPU v4","85.73372570700303","2.985989444514354","124149250916352","370708.3527805911","0.15935976299806498","33.7007593436901","1100000000000000","275000000000000","12230.612764730797","15859321909.05847","523239424","0.5624642968177795","0.5624642968177795","0.5628901720046997","42.34798049926758","20","","","","","","","","","","","","","","","","","","","","","","","","","","","","","0.0016332818195223808","302463","0.003125449999060947","849457152"
"rstarcoder_sweep_routed_mlp_lblb_more_experts_47","yoaw2buf","finished","routed_mlp_lblb_more_experts, rstarcoder_sweep","0.6050851941108704","4","128","32","false","false","true","0.000139","0.001","499","-","","","","2025-03-05T07:58:53.000Z","2025-03-05T20:55:58.000Z","2025-03-05T20:55:58.000Z","46625","","t1v-n-c16a4861-w-0","","e6e0216dcd172ce715fd489a56b2bb3563b1fef1","","","","false","false","gs://usc2-datacache/20250122-flattened-shuffled/starcoder","128","4","6442450944","128","3221225472","512MB","flattened","<|endoftext|>","content","path","<file_sep>","files","blob_id","<fim_middle>","true","<fim_pad>","false","false","false","<fim_prefix>","<>|","repo_name","<repo_name>","","<|router|>","false","<fim_suffix>","bigcode/starcoder2-3b","[""gs://usc-stack-v2/20250122-flattened-shuffled/shard-{00..58}.jsonl.gz""]","[""gs://usc-stack-v2/20250122-flattened-shuffled/shard-{59..60}.jsonl.gz""]","false","0","false","","","","","","","","","","","e6e0216dcd172ce715fd489a56b2bb3563b1fef1","bigcode/starcoder2-3b","0.00001","gelu_new","SPLASH","","","MLP_ZERO_DOWN","0.01","MLP","512","true","5","3072","0.02","12288","0.00001","","","false","24","2","30","meta-llama/Llama-2-7b-hf","1","999999.4420358812","false","false","softmax","0.02","1","true","4096","true","false","true","true","true","","0.9","0.95","1e-8","cosine","1","0.1","0","0.01","0","true","gs://usc2-ckpt/starcoder2-3b-state-dicts","8","false","batch","true","gs://usc2-ckpt/starcoder2-3b-misc","[{""every"":10000}]","0:15:00","embed","yoaw2buf","true","true","logs","","512","1","jax.numpy.bfloat16","jax.numpy.bfloat16","jax.numpy.float32","500","4","4","false","100","false","5","true","true","1","1","true","0","false","10","[""mlp"",""heads""]","willandwill","rstarcoder_sweep_routed_mlp_lblb_more_experts_47","levanter-seqmoe","allow","true","false","[""rstarcoder_sweep"",""routed_mlp_lblb_more_experts""]","256","willandwill","rstarcoder_sweep_routed_mlp_lblb_more_experts_47","levanter-seqmoe","allow","true","false","[""rstarcoder_sweep"",""routed_mlp_lblb_more_experts""]","0","","tpu","0.605085551738739","0.6055358648300171","44.79482650756836","21","","","","","","","","","","","","","","","","","","","","","","","","","","","","","0.0017524202121421697","4","1","0.01023254357278347","0.000013901259990234394","0.0231062825769186","0.0002996587136294693","3879828480","1","TPU v4","85.73415987299813","2.985974323177883","124149250916352","370706.4754779953","0.1597807770012878","33.700588679817756","1100000000000000","275000000000000","12230.550827736608","15859321909.05847","523239424","0.5624642968177795","0.5624642968177795","0.5628901720046997","42.34798049926758","20","","","","","","","","","","","","","","","","","","","","","","","","","","","","","0.0016332818195223808","302463","0.0032906190026551485","849457152"
"rstarcoder_sweep_routed_mlp_lflb_43","blzzka2n","finished","routed_mlp_lflb, rstarcoder_sweep","0.6050991415977478","4","128","32","false","false","true","0.000139","0.001","499","-","","","","2025-03-04T16:14:05.000Z","2025-03-05T05:12:10.000Z","2025-03-05T05:12:10.000Z","46685","","t1v-n-088aa22f-w-0","","e6e0216dcd172ce715fd489a56b2bb3563b1fef1","","","","false","false","gs://usc2-datacache/20250122-flattened-shuffled/starcoder","128","4","6442450944","128","3221225472","512MB","flattened","<|endoftext|>","content","path","<file_sep>","files","blob_id","<fim_middle>","true","<fim_pad>","false","false","false","<fim_prefix>","<>|","repo_name","<repo_name>","","<|router|>","false","<fim_suffix>","bigcode/starcoder2-3b","[""gs://usc-stack-v2/20250122-flattened-shuffled/shard-{00..58}.jsonl.gz""]","[""gs://usc-stack-v2/20250122-flattened-shuffled/shard-{59..60}.jsonl.gz""]","false","0","false","","","","","","","","","","","e6e0216dcd172ce715fd489a56b2bb3563b1fef1","bigcode/starcoder2-3b","0","gelu_new","SPLASH","","0.001","MLP_ZERO_DOWN","0.01","MLP","512","true","5","3072","0.02","12288","0.00001","","","false","24","2","30","meta-llama/Llama-2-7b-hf","1","999999.4420358812","false","true","softmax","0.02","1","true","4096","true","false","true","true","true","","0.9","0.95","1e-8","cosine","1","0.1","0","0.01","0","true","gs://usc2-ckpt/starcoder2-3b-state-dicts","8","false","batch","true","gs://usc2-ckpt/starcoder2-3b-misc","[{""every"":10000}]","0:15:00","embed","blzzka2n","true","true","logs","","512","1","jax.numpy.bfloat16","jax.numpy.bfloat16","jax.numpy.float32","500","4","4","false","100","false","5","true","true","1","1","true","0","false","10","[""mlp"",""heads""]","willandwill","rstarcoder_sweep_routed_mlp_lflb_43","levanter-seqmoe","allow","true","false","[""rstarcoder_sweep"",""routed_mlp_lflb""]","256","willandwill","rstarcoder_sweep_routed_mlp_lflb_43","levanter-seqmoe","allow","true","false","[""rstarcoder_sweep"",""routed_mlp_lflb""]","0","","tpu","0.6067124605178833","0.6067434549331665","","18","","","","","","","","","","","","","","","","","","","","","","","","","","","","","0.031038127839565277","4","1","0.01432513352483511","0.000013901259990234394","0.022838883101940155","0.006800246424973011","3879828480","1","TPU v4","85.59705132900126","2.990757228494205","124149250916352","371300.2695902205","0.17985896000027424","33.75456996274732","1100000000000000","275000000000000","12250.141607912265","15859321909.05847","523239424","0.5639392137527466","0.5639392137527466","0.5639685392379761","","4","","","","","","","","","","","","","","","","","","","","","","","","","","","","","0.02940729632973671","302463","0.003470840005320497","849457152"
"rstarcoder_sweep_routed_mlp_lflb_more_experts_53","swai66nv","finished","routed_mlp_lflb_more_experts, rstarcoder_sweep","0.6051012277603149","4","128","48","false","false","true","0.000139","0.001","499","-","","","","2025-03-05T08:21:39.000Z","2025-03-05T22:25:39.000Z","2025-03-05T22:25:39.000Z","50640","","t1v-n-b595536e-w-0","","e6e0216dcd172ce715fd489a56b2bb3563b1fef1","","","","false","false","gs://usc2-datacache/20250122-flattened-shuffled/starcoder","128","4","6442450944","128","3221225472","512MB","flattened","<|endoftext|>","content","path","<file_sep>","files","blob_id","<fim_middle>","true","<fim_pad>","false","false","false","<fim_prefix>","<>|","repo_name","<repo_name>","","<|router|>","false","<fim_suffix>","bigcode/starcoder2-3b","[""gs://usc-stack-v2/20250122-flattened-shuffled/shard-{00..58}.jsonl.gz""]","[""gs://usc-stack-v2/20250122-flattened-shuffled/shard-{59..60}.jsonl.gz""]","false","0","false","","","","","","","","","","","e6e0216dcd172ce715fd489a56b2bb3563b1fef1","bigcode/starcoder2-3b","0","gelu_new","SPLASH","","0.0001","MLP_ZERO_DOWN","0.01","MLP","512","true","5","3072","0.02","12288","0.00001","","","false","24","2","30","meta-llama/Llama-2-7b-hf","1","999999.4420358812","false","true","softmax","0.02","1","true","4096","true","false","true","true","true","","0.9","0.95","1e-8","cosine","1","0.1","0","0.01","0","true","gs://usc2-ckpt/starcoder2-3b-state-dicts","8","false","batch","true","gs://usc2-ckpt/starcoder2-3b-misc","[{""every"":10000}]","0:15:00","embed","swai66nv","true","true","logs","","512","1","jax.numpy.bfloat16","jax.numpy.bfloat16","jax.numpy.float32","500","4","4","false","100","false","5","true","true","1","1","true","0","false","10","[""mlp"",""heads""]","willandwill","rstarcoder_sweep_routed_mlp_lflb_more_experts_53","levanter-seqmoe","allow","true","false","[""rstarcoder_sweep"",""routed_mlp_lflb_more_experts""]","256","willandwill","rstarcoder_sweep_routed_mlp_lflb_more_experts_53","levanter-seqmoe","allow","true","false","[""rstarcoder_sweep"",""routed_mlp_lflb_more_experts""]","0","","tpu","0.6051012277603149","0.6051040887832642","","18","","","","","","","","","","","","","","","","","","","","","","","","","","","","","0.002882228698581457","4","1","0.010128282010555267","0.000013901259990234394","0.022392770275473595","0.0008341356879100204","4257364992","1","TPU v4","93.11885728699416","2.749174629699363","124149250916352","341307.97091541527","0.1684761040014564","31.02799735594684","1100000000000000","275000000000000","11260.61928324859","15859321909.05847","523239424","0.562283992767334","0.562283992767334","0.5622865557670593","","5","","","","","","","","","","","","","","","","","","","","","","","","","","","","","0.002567501273006201","302463","0.003736179998668376","1226993664"
"rstarcoder_sweep_routed_mlp_lflb_granularity_73","7i7oehbk","finished","routed_mlp_lflb_granularity, rstarcoder_sweep","0.6051322221755981","1","512","8","false","false","true","0.000139","0.001","499","-","","","","2025-03-05T08:22:01.000Z","2025-03-05T21:17:33.000Z","2025-03-05T21:17:33.000Z","46532","","t1v-n-7e9aa5a6-w-0","","e6e0216dcd172ce715fd489a56b2bb3563b1fef1","","","","false","false","gs://usc2-datacache/20250122-flattened-shuffled/starcoder","128","4","6442450944","128","3221225472","512MB","flattened","<|endoftext|>","content","path","<file_sep>","files","blob_id","<fim_middle>","true","<fim_pad>","false","false","false","<fim_prefix>","<>|","repo_name","<repo_name>","","<|router|>","false","<fim_suffix>","bigcode/starcoder2-3b","[""gs://usc-stack-v2/20250122-flattened-shuffled/shard-{00..58}.jsonl.gz""]","[""gs://usc-stack-v2/20250122-flattened-shuffled/shard-{59..60}.jsonl.gz""]","false","0","false","","","","","","","","","","","e6e0216dcd172ce715fd489a56b2bb3563b1fef1","bigcode/starcoder2-3b","0","gelu_new","SPLASH","","0.0001","MLP_ZERO_DOWN","0.01","MLP","512","true","5","3072","0.02","12288","0.00001","","","false","24","2","30","meta-llama/Llama-2-7b-hf","1","999999.4420358812","false","true","softmax","0.02","1","true","4096","true","false","true","true","true","","0.9","0.95","1e-8","cosine","1","0.1","0","0.01","0","true","gs://usc2-ckpt/starcoder2-3b-state-dicts","8","false","batch","true","gs://usc2-ckpt/starcoder2-3b-misc","[{""every"":10000}]","0:15:00","embed","7i7oehbk","true","true","logs","","512","1","jax.numpy.bfloat16","jax.numpy.bfloat16","jax.numpy.float32","500","4","4","false","100","false","5","true","true","1","1","true","0","false","10","[""mlp"",""heads""]","willandwill","rstarcoder_sweep_routed_mlp_lflb_granularity_73","levanter-seqmoe","allow","true","false","[""rstarcoder_sweep"",""routed_mlp_lflb_granularity""]","256","willandwill","rstarcoder_sweep_routed_mlp_lflb_granularity_73","levanter-seqmoe","allow","true","false","[""rstarcoder_sweep"",""routed_mlp_lflb_granularity""]","0","","tpu","0.6051580905914307","0.6051589846611023","","1","","","","","","","","","","","","","","","","","","","","","","","","","","","","","0.000890307012014091","4","1","0.018630092963576317","0.000013901259990234394","0.03065463900566101","0.010960455983877182","3879745536","1","TPU v4","85.4135553820015","2.997182342487347","124149250916352","372097.9426795213","0.17688076000194997","33.82708569813829","1100000000000000","275000000000000","12276.458874828171","15859321909.05847","523239424","0.5624960660934448","0.5624960660934448","0.5624970197677612","","2","","","","","","","","","","","","","","","","","","","","","","","","","","","","","0.000910080794710666","302463","0.0034042199986288324","849374208"
"rstarcoder_sweep_routed_mlp_30","phlnhomq","finished","routed_mlp, rstarcoder_sweep","0.6051430702209473","4","128","32","false","false","true","0.000139","0","499","-","","","","2025-03-02T16:59:44.000Z","2025-03-03T05:57:16.000Z","2025-03-03T05:57:16.000Z","46652","","t1v-n-600a8f14-w-0","","e6e0216dcd172ce715fd489a56b2bb3563b1fef1","","","","false","false","gs://usc2-datacache/20250122-flattened-shuffled/starcoder","128","4","6442450944","128","3221225472","512MB","flattened","<|endoftext|>","content","path","<file_sep>","files","blob_id","<fim_middle>","true","<fim_pad>","false","false","false","<fim_prefix>","<>|","repo_name","<repo_name>","","<|router|>","false","<fim_suffix>","bigcode/starcoder2-3b","[""gs://usc-stack-v2/20250122-flattened-shuffled/shard-{00..58}.jsonl.gz""]","[""gs://usc-stack-v2/20250122-flattened-shuffled/shard-{59..60}.jsonl.gz""]","false","0","false","","","","","","","","","","","e6e0216dcd172ce715fd489a56b2bb3563b1fef1","bigcode/starcoder2-3b","0","gelu_new","SPLASH","","","MLP_ZERO_DOWN","0.01","MLP","512","true","5","3072","0.02","12288","0.00001","","","false","24","2","30","meta-llama/Llama-2-7b-hf","1","999999.4420358812","false","false","softmax","0.02","1","true","4096","true","false","true","true","true","","0.9","0.95","1e-8","cosine","1","0.1","0","0.01","0","true","gs://usc2-ckpt/starcoder2-3b-state-dicts","8","false","batch","true","gs://usc2-ckpt/starcoder2-3b-misc","[{""every"":10000}]","0:15:00","embed","phlnhomq","true","true","logs","","512","1","jax.numpy.bfloat16","jax.numpy.bfloat16","jax.numpy.float32","500","4","4","false","100","false","5","true","true","1","1","true","0","false","10","[""mlp"",""heads""]","willandwill","rstarcoder_sweep_routed_mlp_30","levanter-seqmoe","allow","true","false","[""rstarcoder_sweep"",""routed_mlp""]","256","willandwill","rstarcoder_sweep_routed_mlp_30","levanter-seqmoe","allow","true","false","[""rstarcoder_sweep"",""routed_mlp""]","0","","tpu","0.6051430702209473","0.6051430702209473","","30","","","","","","","","","","","","","","","","","","","","","","","","","","","","","","4","1","0.014472356997430325","0.000013901259990234394","0.0312172994017601","2.1425942346286336e-14","3879828480","1","TPU v4","85.73696862700308","2.9858765022789964","124149250916352","370694.3310866746","0.15974345300492132","33.69948464424314","1100000000000000","275000000000000","12230.15015333477","15859321909.05847","523239424","0.5624454617500305","0.5624454617500305","0.5624454617500305","","31","","","","","","","","","","","","","","","","","","","","","","","","","","","","","","302463","0.0037570700005744584","849457152"
"rstarcoder_sweep_routed_mlp_30_rerun","tavvkjfi","finished","rerun, routed_mlp, routed_mlp_scaling, rstarcoder_sweep","0.6051430702209473","4","128","32","false","false","true","0.000139","0","499","-","","","","2025-03-19T09:48:17.000Z","2025-03-25T06:10:49.000Z","2025-03-19T22:45:28.000Z","46631","","t1v-n-7e9aa5a6-w-0","","38c5ec219fc54912f227562e661d9e9a598d5454","","","","false","false","gs://usc2-datacache/20250122-flattened-shuffled/starcoder","128","4","6442450944","128","3221225472","512MB","flattened","<|endoftext|>","content","path","<file_sep>","files","blob_id","<fim_middle>","true","<fim_pad>","false","false","false","<fim_prefix>","<>|","repo_name","<repo_name>","","<|router|>","false","<fim_suffix>","bigcode/starcoder2-3b","[""gs://usc-stack-v2/20250122-flattened-shuffled/shard-{00..58}.jsonl.gz""]","[""gs://usc-stack-v2/20250122-flattened-shuffled/shard-{59..60}.jsonl.gz""]","false","0","false","","","","","","","","","","","38c5ec219fc54912f227562e661d9e9a598d5454","bigcode/starcoder2-3b","0","gelu_new","SPLASH","","","MLP_ZERO_DOWN","0.01","MLP","512","true","5","3072","0.02","12288","0.00001","","","false","24","2","30","meta-llama/Llama-2-7b-hf","1","999999.4420358812","false","false","softmax","0.02","1","true","4096","true","false","true","true","true","","0.9","0.95","1e-8","cosine","1","0.1","0","0.01","0","true","gs://usc2-ckpt/starcoder2-3b-state-dicts","8","false","batch","true","gs://usc2-ckpt/starcoder2-3b-misc","[{""every"":10000}]","0:15:00","embed","tavvkjfi","true","true","logs","","512","1","jax.numpy.bfloat16","jax.numpy.bfloat16","jax.numpy.float32","500","4","4","false","100","false","5","true","true","1","1","true","0","false","10","[""mlp"",""heads""]","","rstarcoder_sweep_routed_mlp_30_rerun","levanter-seqmoe","allow","true","false","[""rstarcoder_sweep"",""routed_mlp"",""rerun""]","256","","rstarcoder_sweep_routed_mlp_30_rerun","levanter-seqmoe","allow","true","false","[""rstarcoder_sweep"",""routed_mlp"",""rerun""]","0","","tpu","0.6051430702209473","0.6051430702209473","","30","","","","","","","","","","","","","","","","","","","","","","","","","","","","","","4","1","0.014472356997430325","0.000013901259990234394","0.0312172994017601","2.1425942346286336e-14","3879828480","1","TPU v4","85.74845494190231","2.985476533349193","124149250916352","370644.6752436497","0.15415819198824465","33.694970476695424","1100000000000000","275000000000000","12228.511880598297","15859321909.05847","523239424","0.5624454617500305","0.5624454617500305","0.5624454617500305","","31","","","","","","","","","","","","","","","","","","","","","","","","","","","","","","302463","0.003115409053862095","849457152"
"rstarcoder_sweep_routed_mlp_zloss_2","boqwy6oc","finished","routed_mlp_zloss, rstarcoder_sweep","0.6051454544067383","4","128","32","false","false","true","0.000139","0.000251","499","-","","","","2025-03-21T12:26:33.000Z","2025-03-22T01:25:15.000Z","2025-03-22T01:25:15.000Z","46722","","t1v-n-5e3ad592-w-0","","38c5ec219fc54912f227562e661d9e9a598d5454","","","","false","false","gs://usc2-datacache/20250122-flattened-shuffled/starcoder","128","4","6442450944","128","3221225472","512MB","flattened","<|endoftext|>","content","path","<file_sep>","files","blob_id","<fim_middle>","true","<fim_pad>","false","false","false","<fim_prefix>","<>|","repo_name","<repo_name>","","<|router|>","false","<fim_suffix>","bigcode/starcoder2-3b","[""gs://usc-stack-v2/20250122-flattened-shuffled/shard-{00..58}.jsonl.gz""]","[""gs://usc-stack-v2/20250122-flattened-shuffled/shard-{59..60}.jsonl.gz""]","false","0","false","","","","","","","","","","","38c5ec219fc54912f227562e661d9e9a598d5454","bigcode/starcoder2-3b","0","gelu_new","SPLASH","","","MLP_ZERO_DOWN","0.01","MLP","512","true","5","3072","0.02","12288","0.00001","","","false","24","2","30","meta-llama/Llama-2-7b-hf","1","999999.4420358812","false","false","softmax","0.02","1","true","4096","true","false","true","true","true","","0.9","0.95","1e-8","cosine","1","0.1","0","0.01","0","true","gs://usc2-ckpt/starcoder2-3b-state-dicts","8","false","batch","true","gs://usc2-ckpt/starcoder2-3b-misc","[{""every"":10000}]","0:15:00","embed","boqwy6oc","true","true","logs","","512","1","jax.numpy.bfloat16","jax.numpy.bfloat16","jax.numpy.float32","500","4","4","false","100","false","5","true","true","1","1","true","0","false","10","[""mlp"",""heads""]","","rstarcoder_sweep_routed_mlp_zloss_2","levanter-seqmoe","allow","true","false","[""rstarcoder_sweep"",""routed_mlp_zloss""]","256","","rstarcoder_sweep_routed_mlp_zloss_2","levanter-seqmoe","allow","true","false","[""rstarcoder_sweep"",""routed_mlp_zloss""]","0","","tpu","0.6051479578018188","0.6051490902900696","","26","","","","","","","","","","","","","","","","","","","","","","","","","","","","","0.004461426287889481","4","1","0.012708905152976511","0.000013901259990234394","0.027440279722213745","0.00005409908044384792","3879828480","1","TPU v4","85.73725694899622","2.985866461208229","124149250916352","370693.0844952605","0.2142706500017084","33.699371317750945","1100000000000000","275000000000000","12230.109025108906","15859321909.05847","523239424","0.5623724460601807","0.5623724460601807","0.5623737573623657","","25","","","","","","","","","","","","","","","","","","","","","","","","","","","","","0.005144747905433178","302463","0.003609920007875189","849457152"
"rstarcoder_sweep_routed_mlp_lflb_more_experts_55","rwtswqsy","finished","routed_mlp_lflb_more_experts, rstarcoder_sweep","0.6051557064056396","4","128","96","false","false","true","0.000139","0.001","499","-","","","","2025-03-05T20:59:03.000Z","2025-03-23T12:25:39.000Z","2025-03-23T12:25:39.000Z","1524396","","t1v-n-88da68b9-w-0","","4c89513d877eb57ebd59bdb4abc1fb92dbc97a7d","","","","false","false","gs://usc2-datacache/20250122-flattened-shuffled/starcoder","128","4","6442450944","128","3221225472","512MB","flattened","<|endoftext|>","content","path","<file_sep>","files","blob_id","<fim_middle>","true","<fim_pad>","false","false","false","<fim_prefix>","<>|","repo_name","<repo_name>","","<|router|>","false","<fim_suffix>","bigcode/starcoder2-3b","[""gs://usc-stack-v2/20250122-flattened-shuffled/shard-{00..58}.jsonl.gz""]","[""gs://usc-stack-v2/20250122-flattened-shuffled/shard-{59..60}.jsonl.gz""]","false","0","false","","","","","","","","","","","4c89513d877eb57ebd59bdb4abc1fb92dbc97a7d","bigcode/starcoder2-3b","0","gelu_new","SPLASH","","0.0001","MLP_ZERO_DOWN","0.01","MLP","512","true","5","3072","0.02","12288","0.00001","","","false","24","2","30","meta-llama/Llama-2-7b-hf","1","999999.4420358812","false","true","softmax","0.02","1","true","4096","true","false","true","true","true","","0.9","0.95","1e-8","cosine","1","0.1","0","0.01","0","true","gs://usc2-ckpt/starcoder2-3b-state-dicts","8","true","batch","true","gs://usc2-ckpt/starcoder2-3b-misc","[{""every"":10000}]","0:15:00","embed","rwtswqsy","true","true","logs","","512","1","jax.numpy.bfloat16","jax.numpy.bfloat16","jax.numpy.float32","500","4","4","false","100","false","5","true","true","1","1","true","0","false","10","[""mlp"",""heads""]","","rstarcoder_sweep_routed_mlp_lflb_more_experts_55","levanter-seqmoe","allow","true","false","[""rstarcoder_sweep"",""routed_mlp_lflb_more_experts""]","256","","rstarcoder_sweep_routed_mlp_lflb_more_experts_55","levanter-seqmoe","allow","true","false","[""rstarcoder_sweep"",""routed_mlp_lflb_more_experts""]","0","","tpu","0.6052217483520508","0.6052243709564209","","33","","","","","","","","","","","","","","","","","","","","","","","","","","","","","0.002435990609228611","4","1","0.011008888483047484","0.000013901259990234394","0.024330109357833862","0.0011171293444931507","5389974528","1","TPU v4","115.54668140300056","2.2155547601330947","124149250916352","275059.46383468166","0.15400670599774458","25.00540580315288","1100000000000000","275000000000000","9074.912297505156","15859321909.05847","523239424","0.5624693632125854","0.5624693632125854","0.562472403049469","","16","","","","","","","","","","","","","","","","","","","","","","","","","","","","","0.003000958124175668","302463","5.549331690002873","2359603200"
"rstarcoder_sweep_routed_mlp_zloss_1","zdr5wwu5","finished","routed_mlp_zloss, rstarcoder_sweep","0.6051605939865112","4","128","32","false","false","true","0.000139","0.001585","499","-","","","","2025-03-21T12:33:10.000Z","2025-03-22T01:30:42.000Z","2025-03-22T01:30:42.000Z","46652","","t1v-n-b4cf25a9-w-0","","38c5ec219fc54912f227562e661d9e9a598d5454","","","","false","false","gs://usc2-datacache/20250122-flattened-shuffled/starcoder","128","4","6442450944","128","3221225472","512MB","flattened","<|endoftext|>","content","path","<file_sep>","files","blob_id","<fim_middle>","true","<fim_pad>","false","false","false","<fim_prefix>","<>|","repo_name","<repo_name>","","<|router|>","false","<fim_suffix>","bigcode/starcoder2-3b","[""gs://usc-stack-v2/20250122-flattened-shuffled/shard-{00..58}.jsonl.gz""]","[""gs://usc-stack-v2/20250122-flattened-shuffled/shard-{59..60}.jsonl.gz""]","false","0","false","","","","","","","","","","","38c5ec219fc54912f227562e661d9e9a598d5454","bigcode/starcoder2-3b","0","gelu_new","SPLASH","","","MLP_ZERO_DOWN","0.01","MLP","512","true","5","3072","0.02","12288","0.00001","","","false","24","2","30","meta-llama/Llama-2-7b-hf","1","999999.4420358812","false","false","softmax","0.02","1","true","4096","true","false","true","true","true","","0.9","0.95","1e-8","cosine","1","0.1","0","0.01","0","true","gs://usc2-ckpt/starcoder2-3b-state-dicts","8","false","batch","true","gs://usc2-ckpt/starcoder2-3b-misc","[{""every"":10000}]","0:15:00","embed","zdr5wwu5","true","true","logs","","512","1","jax.numpy.bfloat16","jax.numpy.bfloat16","jax.numpy.float32","500","4","4","false","100","false","5","true","true","1","1","true","0","false","10","[""mlp"",""heads""]","","rstarcoder_sweep_routed_mlp_zloss_1","levanter-seqmoe","allow","true","false","[""rstarcoder_sweep"",""routed_mlp_zloss""]","256","","rstarcoder_sweep_routed_mlp_zloss_1","levanter-seqmoe","allow","true","false","[""rstarcoder_sweep"",""routed_mlp_zloss""]","0","","tpu","0.6051832437515259","0.6051845550537109","","14","","","","","","","","","","","","","","","","","","","","","","","","","","","","","0.0008960574050433934","4","1","0.01430550031363964","0.000013901259990234394","0.031775329262018204","0.0003579140466172248","3879828480","1","TPU v4","85.73432900299667","2.9859684326805898","124149250916352","370705.7441771688","0.17679516099451575","33.700522197924435","1100000000000000","275000000000000","12230.526700259696","15859321909.05847","523239424","0.5623348951339722","0.5623348951339722","0.5623363852500916","","14","","","","","","","","","","","","","","","","","","","","","","","","","","","","","0.0009130585240200162","302463","0.003663659997982904","849457152"
"rstarcoder_sweep_routed_mlp_lblb_34","ampobunx","finished","routed_mlp_lblb, rstarcoder_sweep","0.6051614880561829","4","128","32","false","false","true","0.000139","0.001","499","-","","","","2025-03-04T15:53:22.000Z","2025-03-05T04:50:31.000Z","2025-03-05T04:50:31.000Z","46629","","t1v-n-1e4bc7f6-w-0","","e6e0216dcd172ce715fd489a56b2bb3563b1fef1","","","","false","false","gs://usc2-datacache/20250122-flattened-shuffled/starcoder","128","4","6442450944","128","3221225472","512MB","flattened","<|endoftext|>","content","path","<file_sep>","files","blob_id","<fim_middle>","true","<fim_pad>","false","false","false","<fim_prefix>","<>|","repo_name","<repo_name>","","<|router|>","false","<fim_suffix>","bigcode/starcoder2-3b","[""gs://usc-stack-v2/20250122-flattened-shuffled/shard-{00..58}.jsonl.gz""]","[""gs://usc-stack-v2/20250122-flattened-shuffled/shard-{59..60}.jsonl.gz""]","false","0","false","","","","","","","","","","","e6e0216dcd172ce715fd489a56b2bb3563b1fef1","bigcode/starcoder2-3b","0.000027","gelu_new","SPLASH","","","MLP_ZERO_DOWN","0.01","MLP","512","true","5","3072","0.02","12288","0.00001","","","false","24","2","30","meta-llama/Llama-2-7b-hf","1","999999.4420358812","false","false","softmax","0.02","1","true","4096","true","false","true","true","true","","0.9","0.95","1e-8","cosine","1","0.1","0","0.01","0","true","gs://usc2-ckpt/starcoder2-3b-state-dicts","8","false","batch","true","gs://usc2-ckpt/starcoder2-3b-misc","[{""every"":10000}]","0:15:00","embed","ampobunx","true","true","logs","","512","1","jax.numpy.bfloat16","jax.numpy.bfloat16","jax.numpy.float32","500","4","4","false","100","false","5","true","true","1","1","true","0","false","10","[""mlp"",""heads""]","willandwill","rstarcoder_sweep_routed_mlp_lblb_34","levanter-seqmoe","allow","true","false","[""rstarcoder_sweep"",""routed_mlp_lblb""]","256","willandwill","rstarcoder_sweep_routed_mlp_lblb_34","levanter-seqmoe","allow","true","false","[""rstarcoder_sweep"",""routed_mlp_lblb""]","0","","tpu","0.6051614880561829","0.6060858368873596","34.28285217285156","22","","","","","","","","","","","","","","","","","","","","","","","","","","","","","0.0013189087621867657","4","1","0.00983203575015068","0.000013901259990234394","0.019306182861328125","0.004062936175614595","3879828480","1","TPU v4","85.73557733697817","2.9859249561452006","124149250916352","370700.3465978679","0.15761260595172644","33.70003150889708","1100000000000000","275000000000000","12230.348620370742","15859321909.05847","523239424","0.5625578165054321","0.5625578165054321","0.5634333491325378","32.42575454711914","21","","","","","","","","","","","","","","","","","","","","","","","","","","","","","0.0016098028281703591","302463","0.003226249013096094","849457152"
"rstarcoder_sweep_routed_mlp_lflb_more_experts_56","sh4t5l35","finished","routed_mlp_lflb_more_experts, rstarcoder_sweep","0.605173647403717","4","128","128","false","false","true","0.000139","0.001","499","-","","","","2025-03-05T08:21:30.000Z","2025-03-23T13:47:29.000Z","2025-03-23T13:47:29.000Z","1574759","","t1v-n-cb465963-w-0","","4c89513d877eb57ebd59bdb4abc1fb92dbc97a7d","","","","false","false","gs://usc2-datacache/20250122-flattened-shuffled/starcoder","128","4","6442450944","128","3221225472","512MB","flattened","<|endoftext|>","content","path","<file_sep>","files","blob_id","<fim_middle>","true","<fim_pad>","false","false","false","<fim_prefix>","<>|","repo_name","<repo_name>","","<|router|>","false","<fim_suffix>","bigcode/starcoder2-3b","[""gs://usc-stack-v2/20250122-flattened-shuffled/shard-{00..58}.jsonl.gz""]","[""gs://usc-stack-v2/20250122-flattened-shuffled/shard-{59..60}.jsonl.gz""]","false","0","false","","","","","","","","","","","4c89513d877eb57ebd59bdb4abc1fb92dbc97a7d","bigcode/starcoder2-3b","0","gelu_new","SPLASH","","0.0001","MLP_ZERO_DOWN","0.01","MLP","512","true","5","3072","0.02","12288","0.00001","","","false","24","2","30","meta-llama/Llama-2-7b-hf","1","999999.4420358812","false","true","softmax","0.02","1","true","4096","true","false","true","true","true","","0.9","0.95","1e-8","cosine","1","0.1","0","0.01","0","true","gs://usc2-ckpt/starcoder2-3b-state-dicts","8","true","batch","true","gs://usc2-ckpt/starcoder2-3b-misc","[{""every"":10000}]","0:15:00","embed","sh4t5l35","true","true","logs","","512","1","jax.numpy.bfloat16","jax.numpy.bfloat16","jax.numpy.float32","500","4","4","false","100","false","5","true","true","1","1","true","0","false","10","[""mlp"",""heads""]","","rstarcoder_sweep_routed_mlp_lflb_more_experts_56","levanter-seqmoe","allow","true","false","[""rstarcoder_sweep"",""routed_mlp_lflb_more_experts""]","256","","rstarcoder_sweep_routed_mlp_lflb_more_experts_56","levanter-seqmoe","allow","true","false","[""rstarcoder_sweep"",""routed_mlp_lflb_more_experts""]","0","","tpu","0.6051818132400513","0.605184018611908","","49","","","","","","","","","","","","","","","","","","","","","","","","","","","","","0.0022166180424392223","4","1","0.010290216654539108","0.000013901259990234394","0.022430796176195145","0.001437186379916966","6145047552","1","TPU v4","130.4994697309994","1.961693794830713","124149250916352","243542.81515548893","0.15319371499936096","22.140255923226267","1100000000000000","275000000000000","8035.0977836266","15859321909.05847","523239424","0.5622749328613281","0.5622749328613281","0.5622772574424744","","26","","","","","","","","","","","","","","","","","","","","","","","","","","","","","0.002411110792309046","302463","0.003193888998794137","3114676224"
"rstarcoder_sweep_routed_mlp_lblb_more_experts_49","kdxt43be","finished","routed_mlp_lblb_more_experts, rstarcoder_sweep","0.6051816940307617","4","128","64","false","false","true","0.000139","0.001","499","-","","","","2025-03-05T21:20:12.000Z","2025-03-23T16:32:02.000Z","2025-03-23T16:32:02.000Z","1537910","","t1v-n-00b68d48-w-0","","4c89513d877eb57ebd59bdb4abc1fb92dbc97a7d","","","","false","false","gs://usc2-datacache/20250122-flattened-shuffled/starcoder","128","4","6442450944","128","3221225472","512MB","flattened","<|endoftext|>","content","path","<file_sep>","files","blob_id","<fim_middle>","true","<fim_pad>","false","false","false","<fim_prefix>","<>|","repo_name","<repo_name>","","<|router|>","false","<fim_suffix>","bigcode/starcoder2-3b","[""gs://usc-stack-v2/20250122-flattened-shuffled/shard-{00..58}.jsonl.gz""]","[""gs://usc-stack-v2/20250122-flattened-shuffled/shard-{59..60}.jsonl.gz""]","false","0","false","","","","","","","","","","","4c89513d877eb57ebd59bdb4abc1fb92dbc97a7d","bigcode/starcoder2-3b","0.00001","gelu_new","SPLASH","","","MLP_ZERO_DOWN","0.01","MLP","512","true","5","3072","0.02","12288","0.00001","","","false","24","2","30","meta-llama/Llama-2-7b-hf","1","999999.4420358812","false","false","softmax","0.02","1","true","4096","true","false","true","true","true","","0.9","0.95","1e-8","cosine","1","0.1","0","0.01","0","true","gs://usc2-ckpt/starcoder2-3b-state-dicts","8","true","batch","true","gs://usc2-ckpt/starcoder2-3b-misc","[{""every"":10000}]","0:15:00","embed","kdxt43be","true","true","logs","","512","1","jax.numpy.bfloat16","jax.numpy.bfloat16","jax.numpy.float32","500","4","4","false","100","false","5","true","true","1","1","true","0","false","10","[""mlp"",""heads""]","","rstarcoder_sweep_routed_mlp_lblb_more_experts_49","levanter-seqmoe","allow","true","false","[""rstarcoder_sweep"",""routed_mlp_lblb_more_experts""]","256","","rstarcoder_sweep_routed_mlp_lblb_more_experts_49","levanter-seqmoe","allow","true","false","[""rstarcoder_sweep"",""routed_mlp_lblb_more_experts""]","0","","tpu","0.6051839590072632","0.6060194373130798","83.23542022705078","13","","","","","","","","","","","","","","","","","","","","","","","","","","","","","0.0023577071260660887","4","1","0.011002842336893082","0.000013901259990234394","0.02253379672765732","0.00291800731793046","4634901504","1","TPU v4","99.68781486200167","2.568016967313227","124149250916352","318817.3828324191","0.1781105359987123","28.983398439310832","1100000000000000","275000000000000","10518.597498114976","15859321909.05847","523239424","0.5624761581420898","0.5624761581420898","0.5632660984992981","78.56891632080078","16","","","","","","","","","","","","","","","","","","","","","","","","","","","","","0.002908234717324376","302463","0.003609460000006948","1604530176"
"rstarcoder_sweep_routed_mlp_lflb_granularity_88","s66zc2lj","finished","routed_mlp_lflb_granularity, rstarcoder_sweep","0.6052021980285645","16","32","128","false","false","true","0.000139","0.001","499","-","","","","2025-03-05T21:18:33.000Z","2025-03-06T10:07:31.000Z","2025-03-06T10:07:31.000Z","46138","","t1v-n-7e9aa5a6-w-0","","e6e0216dcd172ce715fd489a56b2bb3563b1fef1","","","","false","false","gs://usc2-datacache/20250122-flattened-shuffled/starcoder","128","4","6442450944","128","3221225472","512MB","flattened","<|endoftext|>","content","path","<file_sep>","files","blob_id","<fim_middle>","true","<fim_pad>","false","false","false","<fim_prefix>","<>|","repo_name","<repo_name>","","<|router|>","false","<fim_suffix>","bigcode/starcoder2-3b","[""gs://usc-stack-v2/20250122-flattened-shuffled/shard-{00..58}.jsonl.gz""]","[""gs://usc-stack-v2/20250122-flattened-shuffled/shard-{59..60}.jsonl.gz""]","false","0","false","","","","","","","","","","","e6e0216dcd172ce715fd489a56b2bb3563b1fef1","bigcode/starcoder2-3b","0","gelu_new","SPLASH","","0.0001","MLP_ZERO_DOWN","0.01","MLP","512","true","5","3072","0.02","12288","0.00001","","","false","24","2","30","meta-llama/Llama-2-7b-hf","1","999999.4420358812","false","true","softmax","0.02","1","true","4096","true","false","true","true","true","","0.9","0.95","1e-8","cosine","1","0.1","0","0.01","0","true","gs://usc2-ckpt/starcoder2-3b-state-dicts","8","false","batch","true","gs://usc2-ckpt/starcoder2-3b-misc","[{""every"":10000}]","0:15:00","embed","s66zc2lj","true","true","logs","","512","1","jax.numpy.bfloat16","jax.numpy.bfloat16","jax.numpy.float32","500","4","4","false","100","false","5","true","true","1","1","true","0","false","10","[""mlp"",""heads""]","willandwill","rstarcoder_sweep_routed_mlp_lflb_granularity_88","levanter-seqmoe","allow","true","false","[""rstarcoder_sweep"",""routed_mlp_lflb_granularity""]","256","willandwill","rstarcoder_sweep_routed_mlp_lflb_granularity_88","levanter-seqmoe","allow","true","false","[""rstarcoder_sweep"",""routed_mlp_lflb_granularity""]","0","","tpu","0.6052021980285645","0.6052035689353943","","85","","","","","","","","","","","","","","","","","","","","","","","","","","","","","0.0013696111273020506","4","1","0.009438246488571169","0.000013901259990234394","0.020948592573404312","0.0008293448481708765","3880160256","1","TPU v4","84.7712946709944","3.019890176191844","124149250916352","374917.1032238677","0.16326119100267533","34.08337302035161","1100000000000000","275000000000000","12369.470161681793","15859321909.05847","523239424","0.5624685287475586","0.5624685287475586","0.5624699592590332","","7","","","","","","","","","","","","","","","","","","","","","","","","","","","","","0.0014570101629942656","302463","0.0035962200054200366","849788928"
"rstarcoder_sweep_routed_mlp_zloss_0","nfxagrhm","finished","routed_mlp_zloss, rstarcoder_sweep","0.6052069067955017","4","128","32","false","false","true","0.000139","0.01","499","-","","","","2025-03-21T08:09:31.000Z","2025-03-21T21:06:01.000Z","2025-03-21T21:06:01.000Z","46590","","t1v-n-c1623c81-w-0","","38c5ec219fc54912f227562e661d9e9a598d5454","","","","false","false","gs://usc2-datacache/20250122-flattened-shuffled/starcoder","128","4","6442450944","128","3221225472","512MB","flattened","<|endoftext|>","content","path","<file_sep>","files","blob_id","<fim_middle>","true","<fim_pad>","false","false","false","<fim_prefix>","<>|","repo_name","<repo_name>","","<|router|>","false","<fim_suffix>","bigcode/starcoder2-3b","[""gs://usc-stack-v2/20250122-flattened-shuffled/shard-{00..58}.jsonl.gz""]","[""gs://usc-stack-v2/20250122-flattened-shuffled/shard-{59..60}.jsonl.gz""]","false","0","false","","","","","","","","","","","38c5ec219fc54912f227562e661d9e9a598d5454","bigcode/starcoder2-3b","0","gelu_new","SPLASH","","","MLP_ZERO_DOWN","0.01","MLP","512","true","5","3072","0.02","12288","0.00001","","","false","24","2","30","meta-llama/Llama-2-7b-hf","1","999999.4420358812","false","false","softmax","0.02","1","true","4096","true","false","true","true","true","","0.9","0.95","1e-8","cosine","1","0.1","0","0.01","0","true","gs://usc2-ckpt/starcoder2-3b-state-dicts","8","false","batch","true","gs://usc2-ckpt/starcoder2-3b-misc","[{""every"":10000}]","0:15:00","embed","nfxagrhm","true","true","logs","","512","1","jax.numpy.bfloat16","jax.numpy.bfloat16","jax.numpy.float32","500","4","4","false","100","false","5","true","true","1","1","true","0","false","10","[""mlp"",""heads""]","","rstarcoder_sweep_routed_mlp_zloss_0","levanter-seqmoe","allow","true","false","[""rstarcoder_sweep"",""routed_mlp_zloss""]","256","","rstarcoder_sweep_routed_mlp_zloss_0","levanter-seqmoe","allow","true","false","[""rstarcoder_sweep"",""routed_mlp_zloss""]","0","","tpu","0.6052069067955017","0.6052106022834778","","11","","","","","","","","","","","","","","","","","","","","","","","","","","","","","0.0003703398688230663","4","1","0.010260003618896008","0.000013901259990234394","0.02229710109531879","0.0016535638133063912","3879828480","1","TPU v4","85.73422954899434","2.9859718964839392","124149250916352","370706.17420576","0.16742894599883584","33.70056129143273","1100000000000000","275000000000000","12230.540887998215","15859321909.05847","523239424","0.5624486207962036","0.5624486207962036","0.5624529719352722","","15","","","","","","","","","","","","","","","","","","","","","","","","","","","","","0.0004338615981396288","302463","0.003351709005073644","849457152"
"rstarcoder_sweep_routed_mlp_lblb_granularity_72","ixg3slhc","finished","routed_mlp_lblb_granularity, rstarcoder_sweep","0.6052175164222717","16","32","128","false","false","true","0.000139","0.001","499","-","","","","2025-03-05T08:22:36.000Z","2025-03-05T21:24:04.000Z","2025-03-05T21:24:04.000Z","46888","","t1v-n-5e762d4d-w-0","","e6e0216dcd172ce715fd489a56b2bb3563b1fef1","","","","false","false","gs://usc2-datacache/20250122-flattened-shuffled/starcoder","128","4","6442450944","128","3221225472","512MB","flattened","<|endoftext|>","content","path","<file_sep>","files","blob_id","<fim_middle>","true","<fim_pad>","false","false","false","<fim_prefix>","<>|","repo_name","<repo_name>","","<|router|>","false","<fim_suffix>","bigcode/starcoder2-3b","[""gs://usc-stack-v2/20250122-flattened-shuffled/shard-{00..58}.jsonl.gz""]","[""gs://usc-stack-v2/20250122-flattened-shuffled/shard-{59..60}.jsonl.gz""]","false","0","false","","","","","","","","","","","e6e0216dcd172ce715fd489a56b2bb3563b1fef1","bigcode/starcoder2-3b","0.00001","gelu_new","SPLASH","","","MLP_ZERO_DOWN","0.01","MLP","512","true","5","3072","0.02","12288","0.00001","","","false","24","2","30","meta-llama/Llama-2-7b-hf","1","999999.4420358812","false","false","softmax","0.02","1","true","4096","true","false","true","true","true","","0.9","0.95","1e-8","cosine","1","0.1","0","0.01","0","true","gs://usc2-ckpt/starcoder2-3b-state-dicts","8","false","batch","true","gs://usc2-ckpt/starcoder2-3b-misc","[{""every"":10000}]","0:15:00","embed","ixg3slhc","true","true","logs","","512","1","jax.numpy.bfloat16","jax.numpy.bfloat16","jax.numpy.float32","500","4","4","false","100","false","5","true","true","1","1","true","0","false","10","[""mlp"",""heads""]","willandwill","rstarcoder_sweep_routed_mlp_lblb_granularity_72","levanter-seqmoe","allow","true","false","[""rstarcoder_sweep"",""routed_mlp_lblb_granularity""]","256","willandwill","rstarcoder_sweep_routed_mlp_lblb_granularity_72","levanter-seqmoe","allow","true","false","[""rstarcoder_sweep"",""routed_mlp_lblb_granularity""]","0","","tpu","0.6052175164222717","0.6056420207023621","42.1796760559082","72","","","","","","","","","","","","","","","","","","","","","","","","","","","","","0.0019405161729082463","4","1","0.009948911145329475","0.000013901259990234394","0.021303504705429077","0.001785536529496312","3880160256","1","TPU v4","85.25479389999964","3.002763695614319","124149250916352","372790.8634893345","0.1476814130001003","33.89007849903041","1100000000000000","275000000000000","12299.32009723625","15859321909.05847","523239424","0.5623679757118225","0.5623679757118225","0.5627698302268982","39.874237060546875","74","","","","","","","","","","","","","","","","","","","","","","","","","","","","","0.0026526872534304857","302463","0.0029263600008562207","849788928"
"rstarcoder_sweep_routed_mlp_lblb_more_experts_50","y2cdmfna","finished","routed_mlp_lblb_more_experts, rstarcoder_sweep","0.6052240133285522","4","128","96","false","false","true","0.000139","0.001","499","-","","","","2025-03-05T08:23:04.000Z","2025-03-06T01:44:21.000Z","2025-03-06T01:44:21.000Z","62477","","t1v-n-f240cf82-w-0","","e6e0216dcd172ce715fd489a56b2bb3563b1fef1","","","","false","false","gs://usc2-datacache/20250122-flattened-shuffled/starcoder","128","4","6442450944","128","3221225472","512MB","flattened","<|endoftext|>","content","path","<file_sep>","files","blob_id","<fim_middle>","true","<fim_pad>","false","false","false","<fim_prefix>","<>|","repo_name","<repo_name>","","<|router|>","false","<fim_suffix>","bigcode/starcoder2-3b","[""gs://usc-stack-v2/20250122-flattened-shuffled/shard-{00..58}.jsonl.gz""]","[""gs://usc-stack-v2/20250122-flattened-shuffled/shard-{59..60}.jsonl.gz""]","false","0","false","","","","","","","","","","","e6e0216dcd172ce715fd489a56b2bb3563b1fef1","bigcode/starcoder2-3b","0.00001","gelu_new","SPLASH","","","MLP_ZERO_DOWN","0.01","MLP","512","true","5","3072","0.02","12288","0.00001","","","false","24","2","30","meta-llama/Llama-2-7b-hf","1","999999.4420358812","false","false","softmax","0.02","1","true","4096","true","false","true","true","true","","0.9","0.95","1e-8","cosine","1","0.1","0","0.01","0","true","gs://usc2-ckpt/starcoder2-3b-state-dicts","8","false","batch","true","gs://usc2-ckpt/starcoder2-3b-misc","[{""every"":10000}]","0:15:00","embed","y2cdmfna","true","true","logs","","512","1","jax.numpy.bfloat16","jax.numpy.bfloat16","jax.numpy.float32","500","4","4","false","100","false","5","true","true","1","1","true","0","false","10","[""mlp"",""heads""]","willandwill","rstarcoder_sweep_routed_mlp_lblb_more_experts_50","levanter-seqmoe","allow","true","false","[""rstarcoder_sweep"",""routed_mlp_lblb_more_experts""]","256","willandwill","rstarcoder_sweep_routed_mlp_lblb_more_experts_50","levanter-seqmoe","allow","true","false","[""rstarcoder_sweep"",""routed_mlp_lblb_more_experts""]","0","","tpu","0.6052685976028442","0.6060742735862732","80.29512023925781","26","","","","","","","","","","","","","","","","","","","","","","","","","","","","","0.0015517360297963023","4","1","0.01085022371262312","0.000013901259990234394","0.020766787230968475","0.00462281983345747","5389974528","1","TPU v4","115.06815324700436","2.2247684765607776","124149250916352","276203.33982733416","0.18278782100242097","25.10939452975765","1100000000000000","275000000000000","9112.651679992943","15859321909.05847","523239424","0.5624057650566101","0.5624057650566101","0.5631813406944275","77.30760192871094","28","","","","","","","","","","","","","","","","","","","","","","","","","","","","","0.0019625374116003513","302463","0.0035801800040644594","2359603200"
"rstarcoder_sweep_routed_mlp_lblb_more_experts_51","3s5dhax3","finished","routed_mlp_lblb_more_experts, rstarcoder_sweep","0.6052342057228088","4","128","128","false","false","true","0.000139","0.001","499","-","","","","2025-03-05T08:25:28.000Z","2025-03-06T04:12:20.000Z","2025-03-06T04:12:20.000Z","71212","","t1v-n-2e9f25c1-w-0","","e6e0216dcd172ce715fd489a56b2bb3563b1fef1","","","","false","false","gs://usc2-datacache/20250122-flattened-shuffled/starcoder","128","4","6442450944","128","3221225472","512MB","flattened","<|endoftext|>","content","path","<file_sep>","files","blob_id","<fim_middle>","true","<fim_pad>","false","false","false","<fim_prefix>","<>|","repo_name","<repo_name>","","<|router|>","false","<fim_suffix>","bigcode/starcoder2-3b","[""gs://usc-stack-v2/20250122-flattened-shuffled/shard-{00..58}.jsonl.gz""]","[""gs://usc-stack-v2/20250122-flattened-shuffled/shard-{59..60}.jsonl.gz""]","false","0","false","","","","","","","","","","","e6e0216dcd172ce715fd489a56b2bb3563b1fef1","bigcode/starcoder2-3b","0.00001","gelu_new","SPLASH","","","MLP_ZERO_DOWN","0.01","MLP","512","true","5","3072","0.02","12288","0.00001","","","false","24","2","30","meta-llama/Llama-2-7b-hf","1","999999.4420358812","false","false","softmax","0.02","1","true","4096","true","false","true","true","true","","0.9","0.95","1e-8","cosine","1","0.1","0","0.01","0","true","gs://usc2-ckpt/starcoder2-3b-state-dicts","8","false","batch","true","gs://usc2-ckpt/starcoder2-3b-misc","[{""every"":10000}]","0:15:00","embed","3s5dhax3","true","true","logs","","512","1","jax.numpy.bfloat16","jax.numpy.bfloat16","jax.numpy.float32","500","4","4","false","100","false","5","true","true","1","1","true","0","false","10","[""mlp"",""heads""]","willandwill","rstarcoder_sweep_routed_mlp_lblb_more_experts_51","levanter-seqmoe","allow","true","false","[""rstarcoder_sweep"",""routed_mlp_lblb_more_experts""]","256","willandwill","rstarcoder_sweep_routed_mlp_lblb_more_experts_51","levanter-seqmoe","allow","true","false","[""rstarcoder_sweep"",""routed_mlp_lblb_more_experts""]","0","","tpu","0.6052621006965637","0.6061686873435974","90.42139434814452","25","","","","","","","","","","","","","","","","","","","","","","","","","","","","","0.0015918825520202518","4","1","0.010960284620523453","0.000013901259990234394","0.02000296860933304","0.006256896071135998","6145047552","1","TPU v4","130.6645079059963","1.959216041927572","124149250916352","243235.20398860815","0.2319100650056498","22.11229127169165","1100000000000000","275000000000000","8024.948907735336","15859321909.05847","523239424","0.5624669194221497","0.5624669194221497","0.5633557438850403","88.49656677246094","28","","","","","","","","","","","","","","","","","","","","","","","","","","","","","0.0020777303725481033","302463","0.003673390005133115","3114676224"
"rstarcoder_sweep_routed_mlp_29","m2yfic33","finished","routed_mlp, rstarcoder_sweep","0.6052749752998352","4","128","32","false","false","true","0.000052","0","499","-","","","","2025-03-02T16:44:27.000Z","2025-03-03T05:41:42.000Z","2025-03-03T05:41:42.000Z","46635","","t1v-n-e16a4652-w-0","","e6e0216dcd172ce715fd489a56b2bb3563b1fef1","","","","false","false","gs://usc2-datacache/20250122-flattened-shuffled/starcoder","128","4","6442450944","128","3221225472","512MB","flattened","<|endoftext|>","content","path","<file_sep>","files","blob_id","<fim_middle>","true","<fim_pad>","false","false","false","<fim_prefix>","<>|","repo_name","<repo_name>","","<|router|>","false","<fim_suffix>","bigcode/starcoder2-3b","[""gs://usc-stack-v2/20250122-flattened-shuffled/shard-{00..58}.jsonl.gz""]","[""gs://usc-stack-v2/20250122-flattened-shuffled/shard-{59..60}.jsonl.gz""]","false","0","false","","","","","","","","","","","e6e0216dcd172ce715fd489a56b2bb3563b1fef1","bigcode/starcoder2-3b","0","gelu_new","SPLASH","","","MLP_ZERO_DOWN","0.01","MLP","512","true","5","3072","0.02","12288","0.00001","","","false","24","2","30","meta-llama/Llama-2-7b-hf","1","999999.4420358812","false","false","softmax","0.02","1","true","4096","true","false","true","true","true","","0.9","0.95","1e-8","cosine","1","0.1","0","0.01","0","true","gs://usc2-ckpt/starcoder2-3b-state-dicts","8","false","batch","true","gs://usc2-ckpt/starcoder2-3b-misc","[{""every"":10000}]","0:15:00","embed","m2yfic33","true","true","logs","","512","1","jax.numpy.bfloat16","jax.numpy.bfloat16","jax.numpy.float32","500","4","4","false","100","false","5","true","true","1","1","true","0","false","10","[""mlp"",""heads""]","willandwill","rstarcoder_sweep_routed_mlp_29","levanter-seqmoe","allow","true","false","[""rstarcoder_sweep"",""routed_mlp""]","256","willandwill","rstarcoder_sweep_routed_mlp_29","levanter-seqmoe","allow","true","false","[""rstarcoder_sweep"",""routed_mlp""]","0","","tpu","0.6052749752998352","0.6052749752998352","","32","","","","","","","","","","","","","","","","","","","","","","","","","","","","","","4","1","0.012083515524864197","0.0000052004716053488664","0.03189731016755104","8.301270213451062e-7","3879828480","1","TPU v4","85.73563090899552","2.9859230903862173","124149250916352","370700.1149652877","0.21724525799800176","33.70001045138979","1100000000000000","275000000000000","12230.340978221946","15859321909.05847","523239424","0.5626260638237","0.5626260638237","0.5626259446144104","","30","","","","","","","","","","","","","","","","","","","","","","","","","","","","","","302463","0.002778478999971412","849457152"
"rstarcoder_sweep_routed_mlp_lblb_granularity_57","blqwaz6y","finished","routed_mlp_lblb_granularity, rstarcoder_sweep","0.6052770018577576","1","512","8","false","false","true","0.000139","0.001","499","-","","","","2025-03-05T08:22:16.000Z","2025-03-05T21:18:54.000Z","2025-03-05T21:18:54.000Z","46598","","t1v-n-9416ac59-w-0","","e6e0216dcd172ce715fd489a56b2bb3563b1fef1","","","","false","false","gs://usc2-datacache/20250122-flattened-shuffled/starcoder","128","4","6442450944","128","3221225472","512MB","flattened","<|endoftext|>","content","path","<file_sep>","files","blob_id","<fim_middle>","true","<fim_pad>","false","false","false","<fim_prefix>","<>|","repo_name","<repo_name>","","<|router|>","false","<fim_suffix>","bigcode/starcoder2-3b","[""gs://usc-stack-v2/20250122-flattened-shuffled/shard-{00..58}.jsonl.gz""]","[""gs://usc-stack-v2/20250122-flattened-shuffled/shard-{59..60}.jsonl.gz""]","false","0","false","","","","","","","","","","","e6e0216dcd172ce715fd489a56b2bb3563b1fef1","bigcode/starcoder2-3b","0.00001","gelu_new","SPLASH","","","MLP_ZERO_DOWN","0.01","MLP","512","true","5","3072","0.02","12288","0.00001","","","false","24","2","30","meta-llama/Llama-2-7b-hf","1","999999.4420358812","false","false","softmax","0.02","1","true","4096","true","false","true","true","true","","0.9","0.95","1e-8","cosine","1","0.1","0","0.01","0","true","gs://usc2-ckpt/starcoder2-3b-state-dicts","8","false","batch","true","gs://usc2-ckpt/starcoder2-3b-misc","[{""every"":10000}]","0:15:00","embed","blqwaz6y","true","true","logs","","512","1","jax.numpy.bfloat16","jax.numpy.bfloat16","jax.numpy.float32","500","4","4","false","100","false","5","true","true","1","1","true","0","false","10","[""mlp"",""heads""]","willandwill","rstarcoder_sweep_routed_mlp_lblb_granularity_57","levanter-seqmoe","allow","true","false","[""rstarcoder_sweep"",""routed_mlp_lblb_granularity""]","256","willandwill","rstarcoder_sweep_routed_mlp_lblb_granularity_57","levanter-seqmoe","allow","true","false","[""rstarcoder_sweep"",""routed_mlp_lblb_granularity""]","0","","tpu","0.6054023504257202","0.6054855585098267","8.262807846069336","5","","","","","","","","","","","","","","","","","","","","","","","","","","","","","0.0005004957201890647","4","1","0.01232689432799816","0.000013901259990234394","0.01912705786526203","0.006111091934144497","3879745536","1","TPU v4","85.43077870600246","2.996578093721779","124149250916352","372022.92564790894","0.15640590700058965","33.820265967991716","1100000000000000","275000000000000","12273.983871884408","15859321909.05847","523239424","0.5625551342964172","0.5625551342964172","0.5626323819160461","7.659326553344727","5","","","","","","","","","","","","","","","","","","","","","","","","","","","","","0.0005892878980375826","302463","0.0030406599980778992","849374208"
"rstarcoder_sweep_routed_mlp_lflb_granularity_83","4mhehozq","finished","routed_mlp_lflb_granularity, rstarcoder_sweep","0.605283260345459","8","64","64","false","false","true","0.000139","0.001","499","-","","","","2025-03-05T08:07:03.000Z","2025-03-05T20:58:03.000Z","2025-03-05T20:58:03.000Z","46260","","t1v-n-9532a7fe-w-0","","e6e0216dcd172ce715fd489a56b2bb3563b1fef1","","","","false","false","gs://usc2-datacache/20250122-flattened-shuffled/starcoder","128","4","6442450944","128","3221225472","512MB","flattened","<|endoftext|>","content","path","<file_sep>","files","blob_id","<fim_middle>","true","<fim_pad>","false","false","false","<fim_prefix>","<>|","repo_name","<repo_name>","","<|router|>","false","<fim_suffix>","bigcode/starcoder2-3b","[""gs://usc-stack-v2/20250122-flattened-shuffled/shard-{00..58}.jsonl.gz""]","[""gs://usc-stack-v2/20250122-flattened-shuffled/shard-{59..60}.jsonl.gz""]","false","0","false","","","","","","","","","","","e6e0216dcd172ce715fd489a56b2bb3563b1fef1","bigcode/starcoder2-3b","0","gelu_new","SPLASH","","0.0001","MLP_ZERO_DOWN","0.01","MLP","512","true","5","3072","0.02","12288","0.00001","","","false","24","2","30","meta-llama/Llama-2-7b-hf","1","999999.4420358812","false","true","softmax","0.02","1","true","4096","true","false","true","true","true","","0.9","0.95","1e-8","cosine","1","0.1","0","0.01","0","true","gs://usc2-ckpt/starcoder2-3b-state-dicts","8","false","batch","true","gs://usc2-ckpt/starcoder2-3b-misc","[{""every"":10000}]","0:15:00","embed","4mhehozq","true","true","logs","","512","1","jax.numpy.bfloat16","jax.numpy.bfloat16","jax.numpy.float32","500","4","4","false","100","false","5","true","true","1","1","true","0","false","10","[""mlp"",""heads""]","willandwill","rstarcoder_sweep_routed_mlp_lflb_granularity_83","levanter-seqmoe","allow","true","false","[""rstarcoder_sweep"",""routed_mlp_lflb_granularity""]","256","willandwill","rstarcoder_sweep_routed_mlp_lflb_granularity_83","levanter-seqmoe","allow","true","false","[""rstarcoder_sweep"",""routed_mlp_lflb_granularity""]","0","","tpu","0.6052843928337097","0.6052858233451843","","41","","","","","","","","","","","","","","","","","","","","","","","","","","","","","0.0013897244352847338","4","1","0.009897314012050629","0.000013901259990234394","0.02176926471292973","0.00027165349456481636","3879939072","1","TPU v4","84.9118891689941","3.01488993479466","124149250916352","374296.3270000064","0.15649274500174215","34.026938818182394","1100000000000000","275000000000000","12348.989172918928","15859321909.05847","523239424","0.5624420046806335","0.5624420046806335","0.5624434947967529","","6","","","","","","","","","","","","","","","","","","","","","","","","","","","","","0.001480073668062687","302463","0.003321219999634195","849567744"
"rstarcoder_sweep_routed_mlp_lblb_granularity_67","6pyi67tw","finished","routed_mlp_lblb_granularity, rstarcoder_sweep","0.6052844524383545","8","64","64","false","false","true","0.000139","0.001","499","-","","","","2025-03-05T08:31:56.000Z","2025-03-05T21:25:56.000Z","2025-03-05T21:25:56.000Z","46440","","t1v-n-4bf59725-w-0","","e6e0216dcd172ce715fd489a56b2bb3563b1fef1","","","","false","false","gs://usc2-datacache/20250122-flattened-shuffled/starcoder","128","4","6442450944","128","3221225472","512MB","flattened","<|endoftext|>","content","path","<file_sep>","files","blob_id","<fim_middle>","true","<fim_pad>","false","false","false","<fim_prefix>","<>|","repo_name","<repo_name>","","<|router|>","false","<fim_suffix>","bigcode/starcoder2-3b","[""gs://usc-stack-v2/20250122-flattened-shuffled/shard-{00..58}.jsonl.gz""]","[""gs://usc-stack-v2/20250122-flattened-shuffled/shard-{59..60}.jsonl.gz""]","false","0","false","","","","","","","","","","","e6e0216dcd172ce715fd489a56b2bb3563b1fef1","bigcode/starcoder2-3b","0.00001","gelu_new","SPLASH","","","MLP_ZERO_DOWN","0.01","MLP","512","true","5","3072","0.02","12288","0.00001","","","false","24","2","30","meta-llama/Llama-2-7b-hf","1","999999.4420358812","false","false","softmax","0.02","1","true","4096","true","false","true","true","true","","0.9","0.95","1e-8","cosine","1","0.1","0","0.01","0","true","gs://usc2-ckpt/starcoder2-3b-state-dicts","8","false","batch","true","gs://usc2-ckpt/starcoder2-3b-misc","[{""every"":10000}]","0:15:00","embed","6pyi67tw","true","true","logs","","512","1","jax.numpy.bfloat16","jax.numpy.bfloat16","jax.numpy.float32","500","4","4","false","100","false","5","true","true","1","1","true","0","false","10","[""mlp"",""heads""]","willandwill","rstarcoder_sweep_routed_mlp_lblb_granularity_67","levanter-seqmoe","allow","true","false","[""rstarcoder_sweep"",""routed_mlp_lblb_granularity""]","256","willandwill","rstarcoder_sweep_routed_mlp_lblb_granularity_67","levanter-seqmoe","allow","true","false","[""rstarcoder_sweep"",""routed_mlp_lblb_granularity""]","0","","tpu","0.6052888035774231","0.6057392358779907","44.71453094482422","40","","","","","","","","","","","","","","","","","","","","","","","","","","","","","0.002569988602772355","4","1","0.00935223326086998","0.000013901259990234394","0.02089611254632473","0.0006772594060748816","3879939072","1","TPU v4","85.15215955899475","3.006382942321494","124149250916352","373240.1902569118","0.16968150000320747","33.930926386991985","1100000000000000","275000000000000","12314.14453174884","15859321909.05847","523239424","0.5624719858169556","0.5624719858169556","0.5628988742828369","42.27337646484375","38","","","","","","","","","","","","","","","","","","","","","","","","","","","","","0.0032279109582304955","302463","0.003526969005179126","849567744"
"rstarcoder_sweep_routed_mlp_lblb_35","vrd3hzcm","finished","routed_mlp_lblb, rstarcoder_sweep","0.6053951382637024","4","128","32","false","false","true","0.000139","0.001","499","-","","","","2025-03-04T16:20:31.000Z","2025-03-05T05:26:10.000Z","2025-03-05T05:26:10.000Z","47139","","t1v-n-ccb6d305-w-0","","e6e0216dcd172ce715fd489a56b2bb3563b1fef1","","","","false","false","gs://usc2-datacache/20250122-flattened-shuffled/starcoder","128","4","6442450944","128","3221225472","512MB","flattened","<|endoftext|>","content","path","<file_sep>","files","blob_id","<fim_middle>","true","<fim_pad>","false","false","false","<fim_prefix>","<>|","repo_name","<repo_name>","","<|router|>","false","<fim_suffix>","bigcode/starcoder2-3b","[""gs://usc-stack-v2/20250122-flattened-shuffled/shard-{00..58}.jsonl.gz""]","[""gs://usc-stack-v2/20250122-flattened-shuffled/shard-{59..60}.jsonl.gz""]","false","0","false","","","","","","","","","","","e6e0216dcd172ce715fd489a56b2bb3563b1fef1","bigcode/starcoder2-3b","0.000072","gelu_new","SPLASH","","","MLP_ZERO_DOWN","0.01","MLP","512","true","5","3072","0.02","12288","0.00001","","","false","24","2","30","meta-llama/Llama-2-7b-hf","1","999999.4420358812","false","false","softmax","0.02","1","true","4096","true","false","true","true","true","","0.9","0.95","1e-8","cosine","1","0.1","0","0.01","0","true","gs://usc2-ckpt/starcoder2-3b-state-dicts","8","false","batch","true","gs://usc2-ckpt/starcoder2-3b-misc","[{""every"":10000}]","0:15:00","embed","vrd3hzcm","true","true","logs","","512","1","jax.numpy.bfloat16","jax.numpy.bfloat16","jax.numpy.float32","500","4","4","false","100","false","5","true","true","1","1","true","0","false","10","[""mlp"",""heads""]","willandwill","rstarcoder_sweep_routed_mlp_lblb_35","levanter-seqmoe","allow","true","false","[""rstarcoder_sweep"",""routed_mlp_lblb""]","256","willandwill","rstarcoder_sweep_routed_mlp_lblb_35","levanter-seqmoe","allow","true","false","[""rstarcoder_sweep"",""routed_mlp_lblb""]","0","","tpu","0.6053951382637024","0.6065453290939331","15.962751388549805","26","","","","","","","","","","","","","","","","","","","","","","","","","","","","","0.001342432340607047","4","1","0.009868117049336432","0.000013901259990234394","0.019542895257472992","0.003713634330779314","3879828480","1","TPU v4","85.73726638899825","2.985866132452874","124149250916352","370693.0436805294","0.18896634800330503","33.69936760732085","1100000000000000","275000000000000","12230.107678526972","15859321909.05847","523239424","0.5624921321868896","0.5624921321868896","0.5636093020439148","15.491981506347656","27","","","","","","","","","","","","","","","","","","","","","","","","","","","","","0.0017537478124722838","302463","0.003548909997334704","849457152"
"rstarcoder_sweep_routed_mlp_31","2diz3cau","finished","routed_mlp, rstarcoder_sweep","0.6054078340530396","4","128","32","false","false","true","0.000373","0","499","-","","","","2025-03-02T17:00:44.000Z","2025-03-03T05:58:51.000Z","2025-03-03T05:58:51.000Z","46687","","t1v-n-35cce83e-w-0","","e6e0216dcd172ce715fd489a56b2bb3563b1fef1","","","","false","false","gs://usc2-datacache/20250122-flattened-shuffled/starcoder","128","4","6442450944","128","3221225472","512MB","flattened","<|endoftext|>","content","path","<file_sep>","files","blob_id","<fim_middle>","true","<fim_pad>","false","false","false","<fim_prefix>","<>|","repo_name","<repo_name>","","<|router|>","false","<fim_suffix>","bigcode/starcoder2-3b","[""gs://usc-stack-v2/20250122-flattened-shuffled/shard-{00..58}.jsonl.gz""]","[""gs://usc-stack-v2/20250122-flattened-shuffled/shard-{59..60}.jsonl.gz""]","false","0","false","","","","","","","","","","","e6e0216dcd172ce715fd489a56b2bb3563b1fef1","bigcode/starcoder2-3b","0","gelu_new","SPLASH","","","MLP_ZERO_DOWN","0.01","MLP","512","true","5","3072","0.02","12288","0.00001","","","false","24","2","30","meta-llama/Llama-2-7b-hf","1","999999.4420358812","false","false","softmax","0.02","1","true","4096","true","false","true","true","true","","0.9","0.95","1e-8","cosine","1","0.1","0","0.01","0","true","gs://usc2-ckpt/starcoder2-3b-state-dicts","8","false","batch","true","gs://usc2-ckpt/starcoder2-3b-misc","[{""every"":10000}]","0:15:00","embed","2diz3cau","true","true","logs","","512","1","jax.numpy.bfloat16","jax.numpy.bfloat16","jax.numpy.float32","500","4","4","false","100","false","5","true","true","1","1","true","0","false","10","[""mlp"",""heads""]","willandwill","rstarcoder_sweep_routed_mlp_31","levanter-seqmoe","allow","true","false","[""rstarcoder_sweep"",""routed_mlp""]","256","willandwill","rstarcoder_sweep_routed_mlp_31","levanter-seqmoe","allow","true","false","[""rstarcoder_sweep"",""routed_mlp""]","0","","tpu","0.6054250597953796","0.6054250597953796","","1","","","","","","","","","","","","","","","","","","","","","","","","","","","","","","4","1","0.007598142605274916","0.00003730337994056754","0.014383836649358273","0","3879828480","1","TPU v4","85.73676062800223","2.985883746071794","124149250916352","370695.23039812426","0.19922054200287675","33.69956639982948","1100000000000000","275000000000000","12230.179823910068","15859321909.05847","523239424","0.5624935030937195","0.5624935030937195","0.5624935626983643","","1","","","","","","","","","","","","","","","","","","","","","","","","","","","","","","302463","0.003577548995963298","849457152"
"rstarcoder_sweep_routed_mlp_lblb_36","d77kdtej","finished","routed_mlp_lblb, rstarcoder_sweep","0.6054397821426392","4","128","32","false","false","true","0.000139","0.001","499","-","","","","2025-03-04T16:13:57.000Z","2025-03-05T05:11:55.000Z","2025-03-05T05:11:55.000Z","46678","","t1v-n-01608ff8-w-0","","e6e0216dcd172ce715fd489a56b2bb3563b1fef1","","","","false","false","gs://usc2-datacache/20250122-flattened-shuffled/starcoder","128","4","6442450944","128","3221225472","512MB","flattened","<|endoftext|>","content","path","<file_sep>","files","blob_id","<fim_middle>","true","<fim_pad>","false","false","false","<fim_prefix>","<>|","repo_name","<repo_name>","","<|router|>","false","<fim_suffix>","bigcode/starcoder2-3b","[""gs://usc-stack-v2/20250122-flattened-shuffled/shard-{00..58}.jsonl.gz""]","[""gs://usc-stack-v2/20250122-flattened-shuffled/shard-{59..60}.jsonl.gz""]","false","0","false","","","","","","","","","","","e6e0216dcd172ce715fd489a56b2bb3563b1fef1","bigcode/starcoder2-3b","0.000193","gelu_new","SPLASH","","","MLP_ZERO_DOWN","0.01","MLP","512","true","5","3072","0.02","12288","0.00001","","","false","24","2","30","meta-llama/Llama-2-7b-hf","1","999999.4420358812","false","false","softmax","0.02","1","true","4096","true","false","true","true","true","","0.9","0.95","1e-8","cosine","1","0.1","0","0.01","0","true","gs://usc2-ckpt/starcoder2-3b-state-dicts","8","false","batch","true","gs://usc2-ckpt/starcoder2-3b-misc","[{""every"":10000}]","0:15:00","embed","d77kdtej","true","true","logs","","512","1","jax.numpy.bfloat16","jax.numpy.bfloat16","jax.numpy.float32","500","4","4","false","100","false","5","true","true","1","1","true","0","false","10","[""mlp"",""heads""]","willandwill","rstarcoder_sweep_routed_mlp_lblb_36","levanter-seqmoe","allow","true","false","[""rstarcoder_sweep"",""routed_mlp_lblb""]","256","willandwill","rstarcoder_sweep_routed_mlp_lblb_36","levanter-seqmoe","allow","true","false","[""rstarcoder_sweep"",""routed_mlp_lblb""]","0","","tpu","0.6054397821426392","0.6080631613731384","13.608620643615724","29","","","","","","","","","","","","","","","","","","","","","","","","","","","","","0.001932936953380704","4","1","0.010740338824689388","0.000013901259990234394","0.020597826689481735","0.00481197377666831","3879828480","1","TPU v4","85.73512619100075","2.985940668352002","124149250916352","370702.2972565725","0.18306268399464895","33.70020884150659","1100000000000000","275000000000000","12230.4129775698","15859321909.05847","523239424","0.5625188946723938","0.5625188946723938","0.5650452971458435","13.096219062805176","29","","","","","","","","","","","","","","","","","","","","","","","","","","","","","0.002176418201997876","302463","0.0033482399958302267","849457152"
"rstarcoder_sweep_routed_mlp_lblb_37","zuhemwfd","finished","routed_mlp_lblb, rstarcoder_sweep","0.6054755449295044","4","128","32","false","false","true","0.000139","0.001","499","-","","","","2025-03-04T16:08:16.000Z","2025-03-05T05:05:35.000Z","2025-03-05T05:05:35.000Z","46639","","t1v-n-e4fe0af6-w-0","","e6e0216dcd172ce715fd489a56b2bb3563b1fef1","","","","false","false","gs://usc2-datacache/20250122-flattened-shuffled/starcoder","128","4","6442450944","128","3221225472","512MB","flattened","<|endoftext|>","content","path","<file_sep>","files","blob_id","<fim_middle>","true","<fim_pad>","false","false","false","<fim_prefix>","<>|","repo_name","<repo_name>","","<|router|>","false","<fim_suffix>","bigcode/starcoder2-3b","[""gs://usc-stack-v2/20250122-flattened-shuffled/shard-{00..58}.jsonl.gz""]","[""gs://usc-stack-v2/20250122-flattened-shuffled/shard-{59..60}.jsonl.gz""]","false","0","false","","","","","","","","","","","e6e0216dcd172ce715fd489a56b2bb3563b1fef1","bigcode/starcoder2-3b","0.000518","gelu_new","SPLASH","","","MLP_ZERO_DOWN","0.01","MLP","512","true","5","3072","0.02","12288","0.00001","","","false","24","2","30","meta-llama/Llama-2-7b-hf","1","999999.4420358812","false","false","softmax","0.02","1","true","4096","true","false","true","true","true","","0.9","0.95","1e-8","cosine","1","0.1","0","0.01","0","true","gs://usc2-ckpt/starcoder2-3b-state-dicts","8","false","batch","true","gs://usc2-ckpt/starcoder2-3b-misc","[{""every"":10000}]","0:15:00","embed","zuhemwfd","true","true","logs","","512","1","jax.numpy.bfloat16","jax.numpy.bfloat16","jax.numpy.float32","500","4","4","false","100","false","5","true","true","1","1","true","0","false","10","[""mlp"",""heads""]","willandwill","rstarcoder_sweep_routed_mlp_lblb_37","levanter-seqmoe","allow","true","false","[""rstarcoder_sweep"",""routed_mlp_lblb""]","256","willandwill","rstarcoder_sweep_routed_mlp_lblb_37","levanter-seqmoe","allow","true","false","[""rstarcoder_sweep"",""routed_mlp_lblb""]","0","","tpu","0.6054755449295044","0.6121109127998352","12.78681468963623","32","","","","","","","","","","","","","","","","","","","","","","","","","","","","","0.0023023290559649467","4","1","0.010761810466647148","0.000013901259990234394","0.01891542784869671","0.005889742635190487","3879828480","1","TPU v4","85.73326791","2.986005389048514","124149250916352","370710.3322825632","0.16173919799621217","33.70093929841483","1100000000000000","275000000000000","12230.678073542713","15859321909.05847","523239424","0.5626052021980286","0.5626052021980286","0.5690649151802063","12.442298889160156","32","","","","","","","","","","","","","","","","","","","","","","","","","","","","","0.0027492062654346228","302463","0.003273110000009183","849457152"
"rstarcoder_sweep_routed_mlp_scaling_1","ubkqlyhj","finished","routed_mlp_scaling, rstarcoder_sweep","0.6055553555488586","4","128","32","false","false","true","0.000139","0","249","-","","","","2025-03-21T12:13:55.000Z","2025-03-21T18:43:36.000Z","2025-03-21T18:43:36.000Z","23381","","t1v-n-7e9aa5a6-w-0","","38c5ec219fc54912f227562e661d9e9a598d5454","","","","false","false","gs://usc2-datacache/20250122-flattened-shuffled/starcoder","128","4","6442450944","128","3221225472","512MB","flattened","<|endoftext|>","content","path","<file_sep>","files","blob_id","<fim_middle>","true","<fim_pad>","false","false","false","<fim_prefix>","<>|","repo_name","<repo_name>","","<|router|>","false","<fim_suffix>","bigcode/starcoder2-3b","[""gs://usc-stack-v2/20250122-flattened-shuffled/shard-{00..58}.jsonl.gz""]","[""gs://usc-stack-v2/20250122-flattened-shuffled/shard-{59..60}.jsonl.gz""]","false","0","false","","","","","","","","","","","38c5ec219fc54912f227562e661d9e9a598d5454","bigcode/starcoder2-3b","0","gelu_new","SPLASH","","","MLP_ZERO_DOWN","0.01","MLP","512","true","5","3072","0.02","12288","0.00001","","","false","24","2","30","meta-llama/Llama-2-7b-hf","1","999999.4420358812","false","false","softmax","0.02","1","true","4096","true","false","true","true","true","","0.9","0.95","1e-8","cosine","1","0.1","0","0.01","0","true","gs://usc2-ckpt/starcoder2-3b-state-dicts","8","false","batch","true","gs://usc2-ckpt/starcoder2-3b-misc","[{""every"":10000}]","0:15:00","embed","ubkqlyhj","true","true","logs","","512","1","jax.numpy.bfloat16","jax.numpy.bfloat16","jax.numpy.float32","250","4","4","false","100","false","5","true","true","1","1","true","0","false","10","[""mlp"",""heads""]","","rstarcoder_sweep_routed_mlp_scaling_1","levanter-seqmoe","allow","true","false","[""rstarcoder_sweep"",""routed_mlp_scaling""]","256","","rstarcoder_sweep_routed_mlp_scaling_1","levanter-seqmoe","allow","true","false","[""rstarcoder_sweep"",""routed_mlp_scaling""]","0","","tpu","0.6055601835250854","0.6055601835250854","","31","","","","","","","","","","","","","","","","","","","","","","","","","","","","","","4","1","0.011906825006008148","0.00001390501893183682","0.028782086446881298","2.863892933566148e-15","3879828480","1","TPU v4","85.73762441403233","2.985853664008231","124149250916352","370691.49573246686","0.1648550410754979","33.699226884769715","1100000000000000","275000000000000","12230.056607777717","7913769850.411942","261095424","0.5833278298377991","0.5833278298377991","0.5833278894424438","","25","","","","","","","","","","","","","","","","","","","","","","","","","","","","","","273839","0.0031492800917476416","849457152"
"rstarcoder_sweep_routed_mlp_32","imxaja4d","finished","routed_mlp, rstarcoder_sweep","0.6055592894554138","4","128","32","false","false","true","0.001","0","499","-","","","","2025-03-02T16:41:29.000Z","2025-03-03T05:39:43.000Z","2025-03-03T05:39:43.000Z","46694","","t1v-n-a1307b98-w-0","","e6e0216dcd172ce715fd489a56b2bb3563b1fef1","","","","false","false","gs://usc2-datacache/20250122-flattened-shuffled/starcoder","128","4","6442450944","128","3221225472","512MB","flattened","<|endoftext|>","content","path","<file_sep>","files","blob_id","<fim_middle>","true","<fim_pad>","false","false","false","<fim_prefix>","<>|","repo_name","<repo_name>","","<|router|>","false","<fim_suffix>","bigcode/starcoder2-3b","[""gs://usc-stack-v2/20250122-flattened-shuffled/shard-{00..58}.jsonl.gz""]","[""gs://usc-stack-v2/20250122-flattened-shuffled/shard-{59..60}.jsonl.gz""]","false","0","false","","","","","","","","","","","e6e0216dcd172ce715fd489a56b2bb3563b1fef1","bigcode/starcoder2-3b","0","gelu_new","SPLASH","","","MLP_ZERO_DOWN","0.01","MLP","512","true","5","3072","0.02","12288","0.00001","","","false","24","2","30","meta-llama/Llama-2-7b-hf","1","999999.4420358812","false","false","softmax","0.02","1","true","4096","true","false","true","true","true","","0.9","0.95","1e-8","cosine","1","0.1","0","0.01","0","true","gs://usc2-ckpt/starcoder2-3b-state-dicts","8","false","batch","true","gs://usc2-ckpt/starcoder2-3b-misc","[{""every"":10000}]","0:15:00","embed","imxaja4d","true","true","logs","","512","1","jax.numpy.bfloat16","jax.numpy.bfloat16","jax.numpy.float32","500","4","4","false","100","false","5","true","true","1","1","true","0","false","10","[""mlp"",""heads""]","willandwill","rstarcoder_sweep_routed_mlp_32","levanter-seqmoe","allow","true","false","[""rstarcoder_sweep"",""routed_mlp""]","256","willandwill","rstarcoder_sweep_routed_mlp_32","levanter-seqmoe","allow","true","false","[""rstarcoder_sweep"",""routed_mlp""]","0","","tpu","0.6055592894554138","0.6055592894554138","","4","","","","","","","","","","","","","","","","","","","","","","","","","","","","","","4","1","0.004889487288892269","0.0001000090705929324","0.008315297774970531","0","3879828480","1","TPU v4","85.73827970697312","2.9858308432934355","124149250916352","370688.6625578196","0.20857724198140204","33.69896932343815","1100000000000000","275000000000000","12229.963134129912","15859321909.05847","523239424","0.5627831220626831","0.5627831220626831","0.5627830624580383","","5","","","","","","","","","","","","","","","","","","","","","","","","","","","","","","302463","0.003697520005516708","849457152"
"rstarcoder_sweep_routed_mlp_lblb_38","r5hg5k3v","finished","routed_mlp_lblb, rstarcoder_sweep","0.6055606603622437","4","128","32","false","false","true","0.000139","0.001","499","-","","","","2025-03-04T16:14:31.000Z","2025-03-05T05:13:04.000Z","2025-03-05T05:13:04.000Z","46713","","t1v-n-c16a4861-w-0","","e6e0216dcd172ce715fd489a56b2bb3563b1fef1","","","","false","false","gs://usc2-datacache/20250122-flattened-shuffled/starcoder","128","4","6442450944","128","3221225472","512MB","flattened","<|endoftext|>","content","path","<file_sep>","files","blob_id","<fim_middle>","true","<fim_pad>","false","false","false","<fim_prefix>","<>|","repo_name","<repo_name>","","<|router|>","false","<fim_suffix>","bigcode/starcoder2-3b","[""gs://usc-stack-v2/20250122-flattened-shuffled/shard-{00..58}.jsonl.gz""]","[""gs://usc-stack-v2/20250122-flattened-shuffled/shard-{59..60}.jsonl.gz""]","false","0","false","","","","","","","","","","","e6e0216dcd172ce715fd489a56b2bb3563b1fef1","bigcode/starcoder2-3b","0.001389","gelu_new","SPLASH","","","MLP_ZERO_DOWN","0.01","MLP","512","true","5","3072","0.02","12288","0.00001","","","false","24","2","30","meta-llama/Llama-2-7b-hf","1","999999.4420358812","false","false","softmax","0.02","1","true","4096","true","false","true","true","true","","0.9","0.95","1e-8","cosine","1","0.1","0","0.01","0","true","gs://usc2-ckpt/starcoder2-3b-state-dicts","8","false","batch","true","gs://usc2-ckpt/starcoder2-3b-misc","[{""every"":10000}]","0:15:00","embed","r5hg5k3v","true","true","logs","","512","1","jax.numpy.bfloat16","jax.numpy.bfloat16","jax.numpy.float32","500","4","4","false","100","false","5","true","true","1","1","true","0","false","10","[""mlp"",""heads""]","willandwill","rstarcoder_sweep_routed_mlp_lblb_38","levanter-seqmoe","allow","true","false","[""rstarcoder_sweep"",""routed_mlp_lblb""]","256","willandwill","rstarcoder_sweep_routed_mlp_lblb_38","levanter-seqmoe","allow","true","false","[""rstarcoder_sweep"",""routed_mlp_lblb""]","0","","tpu","0.6055606603622437","0.6232020854949951","12.694921493530272","32","","","","","","","","","","","","","","","","","","","","","","","","","","","","","0.006652124226093292","4","1","0.020199580118060112","0.000013901259990234394","0.03126976639032364","0.01450627949088812","3879828480","1","TPU v4","85.7337835379949","2.985987430340663","124149250916352","370708.1027224361","0.16667203699762467","33.70073661113055","1100000000000000","275000000000000","12230.604514675357","15859321909.05847","523239424","0.5626695156097412","0.5626695156097412","0.5799736380577087","12.45969295501709","32","","","","","","","","","","","","","","","","","","","","","","","","","","","","","0.006172779481858015","302463","0.0032674499962013215","849457152"
"rstarcoder_sweep_routed_mlp_lflb_42","tf7x5r5t","finished","routed_mlp_lflb, rstarcoder_sweep","0.6056497693061829","4","128","32","false","false","true","0.000139","0.001","499","-","","","","2025-03-04T16:01:35.000Z","2025-03-05T05:11:11.000Z","2025-03-05T05:11:11.000Z","47376","","t1v-n-7a60cd3c-w-0","","e6e0216dcd172ce715fd489a56b2bb3563b1fef1","","","","false","false","gs://usc2-datacache/20250122-flattened-shuffled/starcoder","128","4","6442450944","128","3221225472","512MB","flattened","<|endoftext|>","content","path","<file_sep>","files","blob_id","<fim_middle>","true","<fim_pad>","false","false","false","<fim_prefix>","<>|","repo_name","<repo_name>","","<|router|>","false","<fim_suffix>","bigcode/starcoder2-3b","[""gs://usc-stack-v2/20250122-flattened-shuffled/shard-{00..58}.jsonl.gz""]","[""gs://usc-stack-v2/20250122-flattened-shuffled/shard-{59..60}.jsonl.gz""]","false","0","false","","","","","","","","","","","e6e0216dcd172ce715fd489a56b2bb3563b1fef1","bigcode/starcoder2-3b","0.0001","gelu_new","SPLASH","","0.0001","MLP_ZERO_DOWN","0.01","MLP","512","true","5","3072","0.02","12288","0.00001","","","false","24","2","30","meta-llama/Llama-2-7b-hf","1","999999.4420358812","false","true","softmax","0.02","1","true","4096","true","false","true","true","true","","0.9","0.95","1e-8","cosine","1","0.1","0","0.01","0","true","gs://usc2-ckpt/starcoder2-3b-state-dicts","8","false","batch","true","gs://usc2-ckpt/starcoder2-3b-misc","[{""every"":10000}]","0:15:00","embed","tf7x5r5t","true","true","logs","","512","1","jax.numpy.bfloat16","jax.numpy.bfloat16","jax.numpy.float32","500","4","4","false","100","false","5","true","true","1","1","true","0","false","10","[""mlp"",""heads""]","willandwill","rstarcoder_sweep_routed_mlp_lflb_42","levanter-seqmoe","allow","true","false","[""rstarcoder_sweep"",""routed_mlp_lflb""]","256","willandwill","rstarcoder_sweep_routed_mlp_lflb_42","levanter-seqmoe","allow","true","false","[""rstarcoder_sweep"",""routed_mlp_lflb""]","0","","tpu","0.6056849956512451","0.6061931252479553","5.063182830810547","30","","","","","","","","","","","","","","","","","","","","","","","","","","","","","0.0010302733862772584","4","1","0.008708945475518703","0.000013901259990234394","0.017291175201535225","0.003130767261609435","3879828480","1","TPU v4","85.5955464409999","2.990809810139574","124149250916352","371306.79756210506","0.16265450699575013","33.75516341473682","1100000000000000","275000000000000","12250.356982331696","15859321909.05847","523239424","0.5626983642578125","0.5626983642578125","0.5629569888114929","2.5647847652435303","32","","","","","","","","","","","","","","","","","","","","","","","","","","","","","0.0018148651579394937","302463","0.003288799998699687","849457152"
"rstarcoder_sweep_routed_mlp_lflb_42_rerun","zhdywneu","finished","rerun, routed_mlp_lflb, rstarcoder_sweep","0.6056497693061829","4","128","32","false","false","true","0.000139","0.001","499","-","","","","2025-03-19T10:03:27.000Z","2025-03-23T16:57:25.000Z","2025-03-23T16:57:25.000Z","370438","","t1v-n-c69165d2-w-0","","4c89513d877eb57ebd59bdb4abc1fb92dbc97a7d","","","","false","false","gs://usc2-datacache/20250122-flattened-shuffled/starcoder","128","4","6442450944","128","3221225472","512MB","flattened","<|endoftext|>","content","path","<file_sep>","files","blob_id","<fim_middle>","true","<fim_pad>","false","false","false","<fim_prefix>","<>|","repo_name","<repo_name>","","<|router|>","false","<fim_suffix>","bigcode/starcoder2-3b","[""gs://usc-stack-v2/20250122-flattened-shuffled/shard-{00..58}.jsonl.gz""]","[""gs://usc-stack-v2/20250122-flattened-shuffled/shard-{59..60}.jsonl.gz""]","false","0","false","","","","","","","","","","","4c89513d877eb57ebd59bdb4abc1fb92dbc97a7d","bigcode/starcoder2-3b","0.0001","gelu_new","SPLASH","","0.0001","MLP_ZERO_DOWN","0.01","MLP","512","true","5","3072","0.02","12288","0.00001","","","false","24","2","30","meta-llama/Llama-2-7b-hf","1","999999.4420358812","false","true","softmax","0.02","1","true","4096","true","false","true","true","true","","0.9","0.95","1e-8","cosine","1","0.1","0","0.01","0","true","gs://usc2-ckpt/starcoder2-3b-state-dicts","8","true","batch","true","gs://usc2-ckpt/starcoder2-3b-misc","[{""every"":10000}]","0:15:00","embed","zhdywneu","true","true","logs","","512","1","jax.numpy.bfloat16","jax.numpy.bfloat16","jax.numpy.float32","500","4","4","false","100","false","5","true","true","1","1","true","0","false","10","[""mlp"",""heads""]","","rstarcoder_sweep_routed_mlp_lflb_42_rerun","levanter-seqmoe","allow","true","false","[""rstarcoder_sweep"",""routed_mlp_lflb"",""rerun""]","256","","rstarcoder_sweep_routed_mlp_lflb_42_rerun","levanter-seqmoe","allow","true","false","[""rstarcoder_sweep"",""routed_mlp_lflb"",""rerun""]","0","","tpu","0.6056849956512451","0.6061931252479553","5.063182830810547","30","","","","","","","","","","","","","","","","","","","","","","","","","","","","","0.0010302733862772584","4","1","0.008708945475518703","0.000013901259990234394","0.017291175201535225","0.003130767261609435","3879828480","1","TPU v4","85.59446230400499","2.9908476916505107","124149250916352","371311.50052331144","0.18519656100397697","33.755590956664676","1100000000000000","275000000000000","12250.512145000492","15859321909.05847","523239424","0.5626983642578125","0.5626983642578125","0.5629569888114929","2.5647847652435303","32","","","","","","","","","","","","","","","","","","","","","","","","","","","","","0.0018148651579394937","302463","0.0038123900012578815","849457152"
"rstarcoder_sweep_routed_mlp_zloss_scaling_1","z3vmoseq","finished","routed_mlp_zloss_scaling, rstarcoder_sweep","0.6057450771331787","4","128","32","false","false","true","0.000139","0.00004","249","-","","","","2025-03-22T06:48:55.000Z","2025-03-22T13:20:16.000Z","2025-03-22T13:20:16.000Z","23481","","t1v-n-1d410434-w-0","","38c5ec219fc54912f227562e661d9e9a598d5454","","","","false","false","gs://usc2-datacache/20250122-flattened-shuffled/starcoder","128","4","6442450944","128","3221225472","512MB","flattened","<|endoftext|>","content","path","<file_sep>","files","blob_id","<fim_middle>","true","<fim_pad>","false","false","false","<fim_prefix>","<>|","repo_name","<repo_name>","","<|router|>","false","<fim_suffix>","bigcode/starcoder2-3b","[""gs://usc-stack-v2/20250122-flattened-shuffled/shard-{00..58}.jsonl.gz""]","[""gs://usc-stack-v2/20250122-flattened-shuffled/shard-{59..60}.jsonl.gz""]","false","0","false","","","","","","","","","","","38c5ec219fc54912f227562e661d9e9a598d5454","bigcode/starcoder2-3b","0","gelu_new","SPLASH","","","MLP_ZERO_DOWN","0.01","MLP","512","true","5","3072","0.02","12288","0.00001","","","false","24","2","30","meta-llama/Llama-2-7b-hf","1","999999.4420358812","false","false","softmax","0.02","1","true","4096","true","false","true","true","true","","0.9","0.95","1e-8","cosine","1","0.1","0","0.01","0","true","gs://usc2-ckpt/starcoder2-3b-state-dicts","8","false","batch","true","gs://usc2-ckpt/starcoder2-3b-misc","[{""every"":10000}]","0:15:00","embed","z3vmoseq","true","true","logs","","512","1","jax.numpy.bfloat16","jax.numpy.bfloat16","jax.numpy.float32","250","4","4","false","100","false","5","true","true","1","1","true","0","false","10","[""mlp"",""heads""]","","rstarcoder_sweep_routed_mlp_zloss_scaling_1","levanter-seqmoe","allow","true","false","[""rstarcoder_sweep"",""routed_mlp_zloss_scaling""]","256","","rstarcoder_sweep_routed_mlp_zloss_scaling_1","levanter-seqmoe","allow","true","false","[""rstarcoder_sweep"",""routed_mlp_zloss_scaling""]","0","","tpu","0.6057450771331787","0.605750322341919","","31","","","","","","","","","","","","","","","","","","","","","","","","","","","","","0.12889082729816437","4","1","0.015877703204751015","0.00001390501893183682","0.03713412582874298","0.0007355304551310837","3879828480","1","TPU v4","85.7360884080008","2.9859071571092386","124149250916352","370698.1368608861","0.15938540000206558","33.69983062371692","1100000000000000","275000000000000","12230.27571551944","7913769850.411942","261095424","0.5833845734596252","0.5833845734596252","0.5833895206451416","","31","","","","","","","","","","","","","","","","","","","","","","","","","","","","","0.1254376769065857","273839","0.003286299001047155","849457152"
"rstarcoder_sweep_routed_mlp_28","i7j475su","finished","routed_mlp, rstarcoder_sweep","0.605776846408844","4","128","32","false","false","true","0.000019","0","499","-","","","","2025-03-02T17:00:33.000Z","2025-03-03T05:58:38.000Z","2025-03-03T05:58:38.000Z","46685","","t1v-n-07f08497-w-0","","e6e0216dcd172ce715fd489a56b2bb3563b1fef1","","","","false","false","gs://usc2-datacache/20250122-flattened-shuffled/starcoder","128","4","6442450944","128","3221225472","512MB","flattened","<|endoftext|>","content","path","<file_sep>","files","blob_id","<fim_middle>","true","<fim_pad>","false","false","false","<fim_prefix>","<>|","repo_name","<repo_name>","","<|router|>","false","<fim_suffix>","bigcode/starcoder2-3b","[""gs://usc-stack-v2/20250122-flattened-shuffled/shard-{00..58}.jsonl.gz""]","[""gs://usc-stack-v2/20250122-flattened-shuffled/shard-{59..60}.jsonl.gz""]","false","0","false","","","","","","","","","","","e6e0216dcd172ce715fd489a56b2bb3563b1fef1","bigcode/starcoder2-3b","0","gelu_new","SPLASH","","","MLP_ZERO_DOWN","0.01","MLP","512","true","5","3072","0.02","12288","0.00001","","","false","24","2","30","meta-llama/Llama-2-7b-hf","1","999999.4420358812","false","false","softmax","0.02","1","true","4096","true","false","true","true","true","","0.9","0.95","1e-8","cosine","1","0.1","0","0.01","0","true","gs://usc2-ckpt/starcoder2-3b-state-dicts","8","false","batch","true","gs://usc2-ckpt/starcoder2-3b-misc","[{""every"":10000}]","0:15:00","embed","i7j475su","true","true","logs","","512","1","jax.numpy.bfloat16","jax.numpy.bfloat16","jax.numpy.float32","500","4","4","false","100","false","5","true","true","1","1","true","0","false","10","[""mlp"",""heads""]","willandwill","rstarcoder_sweep_routed_mlp_28","levanter-seqmoe","allow","true","false","[""rstarcoder_sweep"",""routed_mlp""]","256","willandwill","rstarcoder_sweep_routed_mlp_28","levanter-seqmoe","allow","true","false","[""rstarcoder_sweep"",""routed_mlp""]","0","","tpu","0.6058022975921631","0.6058022975921631","","32","","","","","","","","","","","","","","","","","","","","","","","","","","","","","","4","1","0.015707654878497124","0.0000019001722648681607","0.04452519491314888","0.000378172640921548","3879828480","1","TPU v4","85.73602214999846","2.9859094646602355","124149250916352","370698.4233416139","0.17747388499992667","33.69985666741944","1100000000000000","275000000000000","12230.285167248325","15859321909.05847","523239424","0.5630404353141785","0.5630404353141785","0.5630404353141785","","32","","","","","","","","","","","","","","","","","","","","","","","","","","","","","","302463","0.00338481899962062","849457152"
"rstarcoder_sweep_routed_mlp_lblb_39","v66i5mvb","finished","routed_mlp_lblb, rstarcoder_sweep","0.6060349345207214","4","128","32","false","false","true","0.000139","0.001","499","-","","","","2025-03-04T16:17:48.000Z","2025-03-05T05:14:57.000Z","2025-03-05T05:14:57.000Z","46629","","t1v-n-c95440db-w-0","","e6e0216dcd172ce715fd489a56b2bb3563b1fef1","","","","false","false","gs://usc2-datacache/20250122-flattened-shuffled/starcoder","128","4","6442450944","128","3221225472","512MB","flattened","<|endoftext|>","content","path","<file_sep>","files","blob_id","<fim_middle>","true","<fim_pad>","false","false","false","<fim_prefix>","<>|","repo_name","<repo_name>","","<|router|>","false","<fim_suffix>","bigcode/starcoder2-3b","[""gs://usc-stack-v2/20250122-flattened-shuffled/shard-{00..58}.jsonl.gz""]","[""gs://usc-stack-v2/20250122-flattened-shuffled/shard-{59..60}.jsonl.gz""]","false","0","false","","","","","","","","","","","e6e0216dcd172ce715fd489a56b2bb3563b1fef1","bigcode/starcoder2-3b","0.003728","gelu_new","SPLASH","","","MLP_ZERO_DOWN","0.01","MLP","512","true","5","3072","0.02","12288","0.00001","","","false","24","2","30","meta-llama/Llama-2-7b-hf","1","999999.4420358812","false","false","softmax","0.02","1","true","4096","true","false","true","true","true","","0.9","0.95","1e-8","cosine","1","0.1","0","0.01","0","true","gs://usc2-ckpt/starcoder2-3b-state-dicts","8","false","batch","true","gs://usc2-ckpt/starcoder2-3b-misc","[{""every"":10000}]","0:15:00","embed","v66i5mvb","true","true","logs","","512","1","jax.numpy.bfloat16","jax.numpy.bfloat16","jax.numpy.float32","500","4","4","false","100","false","5","true","true","1","1","true","0","false","10","[""mlp"",""heads""]","willandwill","rstarcoder_sweep_routed_mlp_lblb_39","levanter-seqmoe","allow","true","false","[""rstarcoder_sweep"",""routed_mlp_lblb""]","256","willandwill","rstarcoder_sweep_routed_mlp_lblb_39","levanter-seqmoe","allow","true","false","[""rstarcoder_sweep"",""routed_mlp_lblb""]","0","","tpu","0.6060901880264282","0.6530418395996094","12.59683895111084","32","","","","","","","","","","","","","","","","","","","","","","","","","","","","","0.04144452512264252","4","1","0.022538594901561737","0.000013901259990234394","0.03494422137737274","0.008470877073705196","3879828480","1","TPU v4","85.73924468999758","2.985797238191267","124149250916352","370684.4905095583","0.17103822300123284","33.69859004632349","1100000000000000","275000000000000","12229.82548763143","15859321909.05847","523239424","0.5631688237190247","0.5631688237190247","0.6093942523002625","12.413592338562012","32","","","","","","","","","","","","","","","","","","","","","","","","","","","","","0.03731069341301918","302463","0.0033468190013081767","849457152"
"rstarcoder_sweep_routed_mlp_lflb_44","jpm5qrzd","finished","routed_mlp_lflb, rstarcoder_sweep","0.6060867309570312","4","128","32","false","false","true","0.000139","0.001","499","-","","","","2025-03-04T16:14:42.000Z","2025-03-05T05:12:31.000Z","2025-03-05T05:12:31.000Z","46669","","t1v-n-95bd48e0-w-0","","e6e0216dcd172ce715fd489a56b2bb3563b1fef1","","","","false","false","gs://usc2-datacache/20250122-flattened-shuffled/starcoder","128","4","6442450944","128","3221225472","512MB","flattened","<|endoftext|>","content","path","<file_sep>","files","blob_id","<fim_middle>","true","<fim_pad>","false","false","false","<fim_prefix>","<>|","repo_name","<repo_name>","","<|router|>","false","<fim_suffix>","bigcode/starcoder2-3b","[""gs://usc-stack-v2/20250122-flattened-shuffled/shard-{00..58}.jsonl.gz""]","[""gs://usc-stack-v2/20250122-flattened-shuffled/shard-{59..60}.jsonl.gz""]","false","0","false","","","","","","","","","","","e6e0216dcd172ce715fd489a56b2bb3563b1fef1","bigcode/starcoder2-3b","0.0001","gelu_new","SPLASH","","0.001","MLP_ZERO_DOWN","0.01","MLP","512","true","5","3072","0.02","12288","0.00001","","","false","24","2","30","meta-llama/Llama-2-7b-hf","1","999999.4420358812","false","true","softmax","0.02","1","true","4096","true","false","true","true","true","","0.9","0.95","1e-8","cosine","1","0.1","0","0.01","0","true","gs://usc2-ckpt/starcoder2-3b-state-dicts","8","false","batch","true","gs://usc2-ckpt/starcoder2-3b-misc","[{""every"":10000}]","0:15:00","embed","jpm5qrzd","true","true","logs","","512","1","jax.numpy.bfloat16","jax.numpy.bfloat16","jax.numpy.float32","500","4","4","false","100","false","5","true","true","1","1","true","0","false","10","[""mlp"",""heads""]","willandwill","rstarcoder_sweep_routed_mlp_lflb_44","levanter-seqmoe","allow","true","false","[""rstarcoder_sweep"",""routed_mlp_lflb""]","256","willandwill","rstarcoder_sweep_routed_mlp_lflb_44","levanter-seqmoe","allow","true","false","[""rstarcoder_sweep"",""routed_mlp_lflb""]","0","","tpu","0.6061418652534485","0.6083983778953552","22.525161743164062","25","","","","","","","","","","","","","","","","","","","","","","","","","","","","","0.0009246349800378084","4","1","0.008957786485552788","0.000013901259990234394","0.01905621401965618","0.0010729272617027164","3879828480","1","TPU v4","85.59776934199908","2.990732141361913","124149250916352","371297.1550415388","0.194610056001693","33.754286821958075","1100000000000000","275000000000000","12250.038851018397","15859321909.05847","523239424","0.5634523630142212","0.5634523630142212","0.563462495803833","0.07944392412900925","12","","","","","","","","","","","","","","","","","","","","","","","","","","","","","0.002099036704748869","302463","0.004879410000285134","849457152"
"rstarcoder_sweep_routed_mlp_zloss_scaling_0","etrxsbh7","finished","routed_mlp_zloss_scaling, rstarcoder_sweep","0.6062785983085632","4","128","32","false","false","true","0.000139","0.00004","124","-","","","","2025-03-22T06:46:36.000Z","2025-03-22T10:05:20.000Z","2025-03-22T10:05:20.000Z","11924","","t1v-n-a74dad08-w-0","","38c5ec219fc54912f227562e661d9e9a598d5454","","","","false","false","gs://usc2-datacache/20250122-flattened-shuffled/starcoder","128","4","6442450944","128","3221225472","512MB","flattened","<|endoftext|>","content","path","<file_sep>","files","blob_id","<fim_middle>","true","<fim_pad>","false","false","false","<fim_prefix>","<>|","repo_name","<repo_name>","","<|router|>","false","<fim_suffix>","bigcode/starcoder2-3b","[""gs://usc-stack-v2/20250122-flattened-shuffled/shard-{00..58}.jsonl.gz""]","[""gs://usc-stack-v2/20250122-flattened-shuffled/shard-{59..60}.jsonl.gz""]","false","0","false","","","","","","","","","","","38c5ec219fc54912f227562e661d9e9a598d5454","bigcode/starcoder2-3b","0","gelu_new","SPLASH","","","MLP_ZERO_DOWN","0.01","MLP","512","true","5","3072","0.02","12288","0.00001","","","false","24","2","30","meta-llama/Llama-2-7b-hf","1","999999.4420358812","false","false","softmax","0.02","1","true","4096","true","false","true","true","true","","0.9","0.95","1e-8","cosine","1","0.1","0","0.01","0","true","gs://usc2-ckpt/starcoder2-3b-state-dicts","8","false","batch","true","gs://usc2-ckpt/starcoder2-3b-misc","[{""every"":10000}]","0:15:00","embed","etrxsbh7","true","true","logs","","512","1","jax.numpy.bfloat16","jax.numpy.bfloat16","jax.numpy.float32","125","4","4","false","100","false","5","true","true","1","1","true","0","false","10","[""mlp"",""heads""]","","rstarcoder_sweep_routed_mlp_zloss_scaling_0","levanter-seqmoe","allow","true","false","[""rstarcoder_sweep"",""routed_mlp_zloss_scaling""]","256","","rstarcoder_sweep_routed_mlp_zloss_scaling_0","levanter-seqmoe","allow","true","false","[""rstarcoder_sweep"",""routed_mlp_zloss_scaling""]","0","","tpu","0.6063023209571838","0.6063132286071777","","30","","","","","","","","","","","","","","","","","","","","","","","","","","","","","0.27147889137268066","4","1","0.011347504332661629","0.000013920071978645863","0.02795453555881977","0.0014087710296735168","3879828480","1","TPU v4","85.74072236699976","2.9857457802166865","124149250916352","370678.10204056057","0.15626447300019208","33.698009276414595","1100000000000000","275000000000000","12229.614715767548","3940993821.088678","130023424","0.585692822933197","0.585692822933197","0.5857019424438477","","29","","","","","","","","","","","","","","","","","","","","","","","","","","","","","0.22977107763290405","279074","0.003261059999204008","849457152"
"rstarcoder_sweep_routed_mlp_scaling_0","2sqrebfa","finished","routed_mlp_scaling, rstarcoder_sweep","0.6063824892044067","4","128","32","false","false","true","0.000139","0","124","-","","","","2025-03-21T12:36:38.000Z","2025-03-21T15:54:19.000Z","2025-03-21T15:54:19.000Z","11861","","t1v-n-5a2f0ca3-w-0","","38c5ec219fc54912f227562e661d9e9a598d5454","","","","false","false","gs://usc2-datacache/20250122-flattened-shuffled/starcoder","128","4","6442450944","128","3221225472","512MB","flattened","<|endoftext|>","content","path","<file_sep>","files","blob_id","<fim_middle>","true","<fim_pad>","false","false","false","<fim_prefix>","<>|","repo_name","<repo_name>","","<|router|>","false","<fim_suffix>","bigcode/starcoder2-3b","[""gs://usc-stack-v2/20250122-flattened-shuffled/shard-{00..58}.jsonl.gz""]","[""gs://usc-stack-v2/20250122-flattened-shuffled/shard-{59..60}.jsonl.gz""]","false","0","false","","","","","","","","","","","38c5ec219fc54912f227562e661d9e9a598d5454","bigcode/starcoder2-3b","0","gelu_new","SPLASH","","","MLP_ZERO_DOWN","0.01","MLP","512","true","5","3072","0.02","12288","0.00001","","","false","24","2","30","meta-llama/Llama-2-7b-hf","1","999999.4420358812","false","false","softmax","0.02","1","true","4096","true","false","true","true","true","","0.9","0.95","1e-8","cosine","1","0.1","0","0.01","0","true","gs://usc2-ckpt/starcoder2-3b-state-dicts","8","false","batch","true","gs://usc2-ckpt/starcoder2-3b-misc","[{""every"":10000}]","0:15:00","embed","2sqrebfa","true","true","logs","","512","1","jax.numpy.bfloat16","jax.numpy.bfloat16","jax.numpy.float32","125","4","4","false","100","false","5","true","true","1","1","true","0","false","10","[""mlp"",""heads""]","","rstarcoder_sweep_routed_mlp_scaling_0","levanter-seqmoe","allow","true","false","[""rstarcoder_sweep"",""routed_mlp_scaling""]","256","","rstarcoder_sweep_routed_mlp_scaling_0","levanter-seqmoe","allow","true","false","[""rstarcoder_sweep"",""routed_mlp_scaling""]","0","","tpu","0.6063824892044067","0.6063824892044067","","32","","","","","","","","","","","","","","","","","","","","","","","","","","","","","","4","1","0.010572686791419985","0.000013920071978645863","0.026934420689940453","0.0000336820594384335","3879828480","1","TPU v4","85.73904432400013","2.985804215785273","124149250916352","370685.3567726275","0.16986634500062792","33.69866879751159","1100000000000000","275000000000000","12229.85406785648","3940993821.088678","130023424","0.5855103731155396","0.5855103731155396","0.58551025390625","","25","","","","","","","","","","","","","","","","","","","","","","","","","","","","","","279074","0.003203180000127759","849457152"
"rstarcoder_sweep_routed_mlp_lflb_46","2bvkxs2p","finished","routed_mlp_lflb, rstarcoder_sweep","0.6064311265945435","4","128","32","false","false","true","0.000139","0.001","499","-","","","","2025-03-04T16:13:22.000Z","2025-03-05T05:24:05.000Z","2025-03-05T05:24:05.000Z","47443","","t1v-n-15f0eb17-w-0","","e6e0216dcd172ce715fd489a56b2bb3563b1fef1","","","","false","false","gs://usc2-datacache/20250122-flattened-shuffled/starcoder","128","4","6442450944","128","3221225472","512MB","flattened","<|endoftext|>","content","path","<file_sep>","files","blob_id","<fim_middle>","true","<fim_pad>","false","false","false","<fim_prefix>","<>|","repo_name","<repo_name>","","<|router|>","false","<fim_suffix>","bigcode/starcoder2-3b","[""gs://usc-stack-v2/20250122-flattened-shuffled/shard-{00..58}.jsonl.gz""]","[""gs://usc-stack-v2/20250122-flattened-shuffled/shard-{59..60}.jsonl.gz""]","false","0","false","","","","","","","","","","","e6e0216dcd172ce715fd489a56b2bb3563b1fef1","bigcode/starcoder2-3b","0.0001","gelu_new","SPLASH","","0.01","MLP_ZERO_DOWN","0.01","MLP","512","true","5","3072","0.02","12288","0.00001","","","false","24","2","30","meta-llama/Llama-2-7b-hf","1","999999.4420358812","false","true","softmax","0.02","1","true","4096","true","false","true","true","true","","0.9","0.95","1e-8","cosine","1","0.1","0","0.01","0","true","gs://usc2-ckpt/starcoder2-3b-state-dicts","8","false","batch","true","gs://usc2-ckpt/starcoder2-3b-misc","[{""every"":10000}]","0:15:00","embed","2bvkxs2p","true","true","logs","","512","1","jax.numpy.bfloat16","jax.numpy.bfloat16","jax.numpy.float32","500","4","4","false","100","false","5","true","true","1","1","true","0","false","10","[""mlp"",""heads""]","willandwill","rstarcoder_sweep_routed_mlp_lflb_46","levanter-seqmoe","allow","true","false","[""rstarcoder_sweep"",""routed_mlp_lflb""]","256","willandwill","rstarcoder_sweep_routed_mlp_lflb_46","levanter-seqmoe","allow","true","false","[""rstarcoder_sweep"",""routed_mlp_lflb""]","0","","tpu","0.6064779162406921","0.6102501153945923","37.66206741333008","11","","","","","","","","","","","","","","","","","","","","","","","","","","","","","0.0006562484195455909","4","1","0.008921431377530098","0.000013901259990234394","0.019349200651049617","0.00003212130832253024","3879828480","1","TPU v4","85.59747751200484","2.9907423377528457","124149250916352","371298.4209158352","0.17425199400167912","33.754401901439564","1100000000000000","275000000000000","12250.080615435656","15859321909.05847","523239424","0.5632611513137817","0.5632611513137817","0.563261866569519","0","0","","","","","","","","","","","","","","","","","","","","","","","","","","","","","0.0006636998732574284","302463","0.0035685999973793514","849457152"
"rstarcoder_sweep_routed_mlp_lblb_40","ns3q6isr","finished","routed_mlp_lblb, rstarcoder_sweep","0.6065853238105774","4","128","32","false","false","true","0.000139","0.001","499","-","","","","2025-03-24T10:37:01.000Z","2025-03-24T23:42:22.000Z","2025-03-24T23:42:22.000Z","47121","","t1v-n-7873efab-w-0","","18059a734e8a0966e1b3aff5cc5207784d5dd50d","","","","false","false","gs://usc2-datacache/20250122-flattened-shuffled/starcoder","128","4","6442450944","128","3221225472","512MB","flattened","<|endoftext|>","content","path","<file_sep>","files","blob_id","<fim_middle>","true","<fim_pad>","false","false","false","<fim_prefix>","<>|","repo_name","<repo_name>","","<|router|>","false","<fim_suffix>","bigcode/starcoder2-3b","[""gs://usc-stack-v2/20250122-flattened-shuffled/shard-{00..58}.jsonl.gz""]","[""gs://usc-stack-v2/20250122-flattened-shuffled/shard-{59..60}.jsonl.gz""]","false","0","false","","","","","","","","","","","18059a734e8a0966e1b3aff5cc5207784d5dd50d","bigcode/starcoder2-3b","0.01","gelu_new","SPLASH","","","MLP_ZERO_DOWN","0.01","MLP","512","true","5","3072","0.02","12288","0.00001","","","false","24","2","30","meta-llama/Llama-2-7b-hf","1","999999.4420358812","false","false","softmax","0.02","1","true","4096","true","false","true","true","true","","0.9","0.95","1e-8","cosine","1","0.1","0","0.01","0","true","gs://usc2-ckpt/starcoder2-3b-state-dicts","8","false","batch","true","gs://usc2-ckpt/starcoder2-3b-misc","[{""every"":10000}]","0:15:00","embed","ns3q6isr","true","true","logs","","512","1","jax.numpy.bfloat16","jax.numpy.bfloat16","jax.numpy.float32","500","4","4","false","100","false","5","true","true","1","1","true","0","false","10","[""mlp"",""heads""]","","rstarcoder_sweep_routed_mlp_lblb_40","levanter-seqmoe","allow","true","false","[""rstarcoder_sweep"",""routed_mlp_lblb""]","256","","rstarcoder_sweep_routed_mlp_lblb_40","levanter-seqmoe","allow","true","false","[""rstarcoder_sweep"",""routed_mlp_lblb""]","0","","tpu","0.6065962910652161","0.7327893376350403","12.576684951782228","32","","","","","","","","","","","","","","","","","","","","","","","","","","","","","0.2756540775299072","4","1","0.06119018793106079","0.000013901259990234394","0.09968088567256927","0.026511985808610916","3879828480","1","TPU v4","86.34338479800499","2.9649057724444803","124149250916352","368090.83068655024","0.3232579399991664","33.462802789686386","1100000000000000","275000000000000","12144.254043932591","15859321909.05847","523239424","0.5640129446983337","0.5640129446983337","0.6882634162902832","12.384427070617676","32","","","","","","","","","","","","","","","","","","","","","","","","","","","","","0.24418072402477264","302463","0.003306849997898098","849457152"
"rstarcoder_sweep_routed_mlp_27","tuwoplau","finished","routed_mlp, rstarcoder_sweep","0.6066555976867676","4","128","32","false","false","true","0.000007","0","499","-","","","","2025-03-02T17:00:06.000Z","2025-03-03T05:58:45.000Z","2025-03-03T05:58:45.000Z","46719","","t1v-n-04cd5772-w-0","","e6e0216dcd172ce715fd489a56b2bb3563b1fef1","","","","false","false","gs://usc2-datacache/20250122-flattened-shuffled/starcoder","128","4","6442450944","128","3221225472","512MB","flattened","<|endoftext|>","content","path","<file_sep>","files","blob_id","<fim_middle>","true","<fim_pad>","false","false","false","<fim_prefix>","<>|","repo_name","<repo_name>","","<|router|>","false","<fim_suffix>","bigcode/starcoder2-3b","[""gs://usc-stack-v2/20250122-flattened-shuffled/shard-{00..58}.jsonl.gz""]","[""gs://usc-stack-v2/20250122-flattened-shuffled/shard-{59..60}.jsonl.gz""]","false","0","false","","","","","","","","","","","e6e0216dcd172ce715fd489a56b2bb3563b1fef1","bigcode/starcoder2-3b","0","gelu_new","SPLASH","","","MLP_ZERO_DOWN","0.01","MLP","512","true","5","3072","0.02","12288","0.00001","","","false","24","2","30","meta-llama/Llama-2-7b-hf","1","999999.4420358812","false","false","softmax","0.02","1","true","4096","true","false","true","true","true","","0.9","0.95","1e-8","cosine","1","0.1","0","0.01","0","true","gs://usc2-ckpt/starcoder2-3b-state-dicts","8","false","batch","true","gs://usc2-ckpt/starcoder2-3b-misc","[{""every"":10000}]","0:15:00","embed","tuwoplau","true","true","logs","","512","1","jax.numpy.bfloat16","jax.numpy.bfloat16","jax.numpy.float32","500","4","4","false","100","false","5","true","true","1","1","true","0","false","10","[""mlp"",""heads""]","willandwill","rstarcoder_sweep_routed_mlp_27","levanter-seqmoe","allow","true","false","[""rstarcoder_sweep"",""routed_mlp""]","256","willandwill","rstarcoder_sweep_routed_mlp_27","levanter-seqmoe","allow","true","false","[""rstarcoder_sweep"",""routed_mlp""]","0","","tpu","0.606662392616272","0.606662392616272","","32","","","","","","","","","","","","","","","","","","","","","","","","","","","","","","4","1","0.022056706249713898","7.000634809628536e-7","0.06405522674322128","0.0007045470993034542","3879828480","1","TPU v4","85.73519015100464","2.9859384407862097","124149250916352","370702.020705948","0.2009520470019197","33.70018370054073","1100000000000000","275000000000000","12230.403853460317","15859321909.05847","523239424","0.5637884736061096","0.5637884736061096","0.5637884736061096","","32","","","","","","","","","","","","","","","","","","","","","","","","","","","","","","302463","0.00361702900409","849457152"
"rstarcoder_sweep_mlp_flopeq_baseline_13","vjsrwmbh","finished","mlp_flopeq_baseline, mlp_flopeq_scaling, rstarcoder_sweep","0.6069537401199341","1","512","1","false","true","false","0.000139","0","499","-","","","","2025-03-21T06:54:53.000Z","2025-03-25T06:09:14.000Z","2025-03-21T19:57:26.000Z","46953","","t1v-n-4472a936-w-0","","38c5ec219fc54912f227562e661d9e9a598d5454","","","","false","false","gs://usc2-datacache/20250122-flattened-shuffled/starcoder","128","4","6442450944","128","3221225472","512MB","flattened","<|endoftext|>","content","path","<file_sep>","files","blob_id","<fim_middle>","true","<fim_pad>","false","false","false","<fim_prefix>","<>|","repo_name","<repo_name>","","<|router|>","false","<fim_suffix>","bigcode/starcoder2-3b","[""gs://usc-stack-v2/20250122-flattened-shuffled/shard-{00..58}.jsonl.gz""]","[""gs://usc-stack-v2/20250122-flattened-shuffled/shard-{59..60}.jsonl.gz""]","false","0","false","","","","","","","","","","","38c5ec219fc54912f227562e661d9e9a598d5454","bigcode/starcoder2-3b","0","gelu_new","SPLASH","","","MLP_ZERO_DOWN","0.01","MLP","512","true","5","3072","0.02","12288","0.00001","","","false","24","2","30","meta-llama/Llama-2-7b-hf","1","999999.4420358812","false","false","softmax","0.02","1","true","4096","true","false","true","true","true","","0.9","0.95","1e-8","cosine","1","0.1","0","0.01","0","true","gs://usc2-ckpt/starcoder2-3b-state-dicts","8","false","batch","true","gs://usc2-ckpt/starcoder2-3b-misc","[{""every"":10000}]","0:15:00","embed","vjsrwmbh","true","true","logs","","512","1","jax.numpy.bfloat16","jax.numpy.bfloat16","jax.numpy.float32","500","4","4","false","100","false","5","true","true","1","1","true","0","false","10","[""mlp"",""heads""]","","rstarcoder_sweep_mlp_flopeq_baseline_13","levanter-seqmoe","allow","true","false","[""rstarcoder_sweep"",""mlp_flopeq_baseline""]","256","","rstarcoder_sweep_mlp_flopeq_baseline_13","levanter-seqmoe","allow","true","false","[""rstarcoder_sweep"",""mlp_flopeq_baseline""]","0","","tpu","0.606984555721283","0.606984555721283","","1","","","","","","","","","","","","","","","","","","","","","","","","","","","","","","4","1","0.1936969757080078","0.000013901259990234394","0.499628633260727","0","3124746240","1","TPU v4","34.2417104691267","7.476262035181241","93111938187264","696129.2484915842","0.16823253501206636","63.28447713559857","1100000000000000","275000000000000","30622.769296102364","11894491431.793852","523239424","0.5641189813613892","0.5641189813613892","0.5641189813613892","","1","","","","","","","","","","","","","","","","","","","","","","","","","","","","","","302463","0.0034059500321745872","94374912"
"rstarcoder_sweep_mlp_flopeq_baseline_12","cnmto3rb","finished","mlp_flopeq_baseline, rstarcoder_sweep","0.6070072650909424","1","512","1","false","true","false","0.000052","0","499","-","","","","2025-03-21T07:03:12.000Z","2025-03-21T20:04:14.000Z","2025-03-21T20:04:14.000Z","46862","","t1v-n-4472a936-w-0","","38c5ec219fc54912f227562e661d9e9a598d5454","","","","false","false","gs://usc2-datacache/20250122-flattened-shuffled/starcoder","128","4","6442450944","128","3221225472","512MB","flattened","<|endoftext|>","content","path","<file_sep>","files","blob_id","<fim_middle>","true","<fim_pad>","false","false","false","<fim_prefix>","<>|","repo_name","<repo_name>","","<|router|>","false","<fim_suffix>","bigcode/starcoder2-3b","[""gs://usc-stack-v2/20250122-flattened-shuffled/shard-{00..58}.jsonl.gz""]","[""gs://usc-stack-v2/20250122-flattened-shuffled/shard-{59..60}.jsonl.gz""]","false","0","false","","","","","","","","","","","38c5ec219fc54912f227562e661d9e9a598d5454","bigcode/starcoder2-3b","0","gelu_new","SPLASH","","","MLP_ZERO_DOWN","0.01","MLP","512","true","5","3072","0.02","12288","0.00001","","","false","24","2","30","meta-llama/Llama-2-7b-hf","1","999999.4420358812","false","false","softmax","0.02","1","true","4096","true","false","true","true","true","","0.9","0.95","1e-8","cosine","1","0.1","0","0.01","0","true","gs://usc2-ckpt/starcoder2-3b-state-dicts","8","false","batch","true","gs://usc2-ckpt/starcoder2-3b-misc","[{""every"":10000}]","0:15:00","embed","cnmto3rb","true","true","logs","","512","1","jax.numpy.bfloat16","jax.numpy.bfloat16","jax.numpy.float32","500","4","4","false","100","false","5","true","true","1","1","true","0","false","10","[""mlp"",""heads""]","","rstarcoder_sweep_mlp_flopeq_baseline_12","levanter-seqmoe","allow","true","false","[""rstarcoder_sweep"",""mlp_flopeq_baseline""]","256","","rstarcoder_sweep_mlp_flopeq_baseline_12","levanter-seqmoe","allow","true","false","[""rstarcoder_sweep"",""mlp_flopeq_baseline""]","0","","tpu","0.6070072650909424","0.6070072650909424","","1","","","","","","","","","","","","","","","","","","","","","","","","","","","","","","4","1","0.1735549420118332","0.0000052004716053488664","0.48771932721138","0","3124746240","1","TPU v4","34.2427743570006","7.476029755388769","93111938187264","696107.6204699056","0.16598483599955216","63.28251095180959","1100000000000000","275000000000000","30621.817878072397","11894491431.793852","523239424","0.5640744566917419","0.5640744566917419","0.5640743970870972","","1","","","","","","","","","","","","","","","","","","","","","","","","","","","","","","302463","0.003322429998661391","94374912"
"rstarcoder_sweep_mlp_baseline_11","mu2k6eua","finished","mlp_baseline, rstarcoder_sweep","0.6070360541343689","1","4096","1","false","true","false","0.000019","0","499","-","","","","2025-02-26T04:43:49.000Z","2025-02-27T02:00:33.000Z","2025-02-26T11:18:44.000Z","23695","","t1v-n-680ae139-w-0","","78ac2b232a3ea10a95b4fc0c98b3ed501f86fd6d","","","","false","false","gs://usc2-datacache/20250122-flattened-shuffled/starcoder","128","4","6442450944","128","3221225472","512MB","flattened","<|endoftext|>","content","path","<file_sep>","files","blob_id","<fim_middle>","true","<fim_pad>","false","false","false","<fim_prefix>","<>|","repo_name","<repo_name>","","<|router|>","false","<fim_suffix>","bigcode/starcoder2-3b","[""gs://usc-stack-v2/20250122-flattened-shuffled/shard-{00..58}.jsonl.gz""]","[""gs://usc-stack-v2/20250122-flattened-shuffled/shard-{59..60}.jsonl.gz""]","false","0","false","","","","","","","","","","","78ac2b232a3ea10a95b4fc0c98b3ed501f86fd6d","bigcode/starcoder2-3b","0","gelu_new","SPLASH","","","MLP_ZERO_DOWN","0.01","MLP","512","true","5","3072","0.02","12288","0.00001","","","false","24","2","30","meta-llama/Llama-2-7b-hf","1","999999.4420358812","false","false","softmax","0.02","1","true","4096","true","false","true","true","true","","0.9","0.95","1e-8","cosine","1","0.1","0","0.01","0","true","gs://usc2-ckpt/starcoder2-3b-state-dicts","8","false","batch","true","gs://usc2-ckpt/starcoder2-3b-misc","[{""every"":10000}]","0:15:00","embed","mu2k6eua","true","true","logs","","512","1","jax.numpy.bfloat16","jax.numpy.bfloat16","jax.numpy.float32","500","4","4","false","100","false","5","true","true","1","1","true","0","false","10","[""mlp"",""heads""]","","rstarcoder_sweep_mlp_baseline_11","levanter-seqmoe","allow","true","false","[""rstarcoder_sweep"",""mlp_baseline""]","256","","rstarcoder_sweep_mlp_baseline_11","levanter-seqmoe","allow","true","false","[""rstarcoder_sweep"",""mlp_baseline""]","0","","tpu","0.6070360541343689","0.6070360541343689","","1","","","","","","","","","","","","","","","","","","","","","","","","","","","","","","4","1","0.029457053169608116","0.0000019001722648681607","0.08459577709436417","0","3785349120","1","TPU v4","42.07399536600133","6.0845184245769435","93111938187264","566541.3034484773","0.16560624400153756","51.50375485895248","1100000000000000","275000000000000","24922.18746706716","11894491431.793852","523239424","0.5640349984169006","0.5640349984169006","0.5640348792076111","","1","","","","","","","","","","","","","","","","","","","","","","","","","","","","","","302463","0.0034821589979401324","754977792"
"rstarcoder_sweep_mlp_baseline_11_rerun","t6qjvxq3","finished","mlp_baseline, rerun, rstarcoder_sweep","0.6070360541343689","1","4096","1","false","true","false","0.000019","0","499","-","","","","2025-03-19T09:50:21.000Z","2025-03-19T16:22:41.000Z","2025-03-19T16:22:41.000Z","23540","","t1v-n-c16a4861-w-0","","38c5ec219fc54912f227562e661d9e9a598d5454","","","","false","false","gs://usc2-datacache/20250122-flattened-shuffled/starcoder","128","4","6442450944","128","3221225472","512MB","flattened","<|endoftext|>","content","path","<file_sep>","files","blob_id","<fim_middle>","true","<fim_pad>","false","false","false","<fim_prefix>","<>|","repo_name","<repo_name>","","<|router|>","false","<fim_suffix>","bigcode/starcoder2-3b","[""gs://usc-stack-v2/20250122-flattened-shuffled/shard-{00..58}.jsonl.gz""]","[""gs://usc-stack-v2/20250122-flattened-shuffled/shard-{59..60}.jsonl.gz""]","false","0","false","","","","","","","","","","","38c5ec219fc54912f227562e661d9e9a598d5454","bigcode/starcoder2-3b","0","gelu_new","SPLASH","","","MLP_ZERO_DOWN","0.01","MLP","512","true","5","3072","0.02","12288","0.00001","","","false","24","2","30","meta-llama/Llama-2-7b-hf","1","999999.4420358812","false","false","softmax","0.02","1","true","4096","true","false","true","true","true","","0.9","0.95","1e-8","cosine","1","0.1","0","0.01","0","true","gs://usc2-ckpt/starcoder2-3b-state-dicts","8","false","batch","true","gs://usc2-ckpt/starcoder2-3b-misc","[{""every"":10000}]","0:15:00","embed","t6qjvxq3","true","true","logs","","512","1","jax.numpy.bfloat16","jax.numpy.bfloat16","jax.numpy.float32","500","4","4","false","100","false","5","true","true","1","1","true","0","false","10","[""mlp"",""heads""]","","rstarcoder_sweep_mlp_baseline_11_rerun","levanter-seqmoe","allow","true","false","[""rstarcoder_sweep"",""mlp_baseline"",""rerun""]","256","","rstarcoder_sweep_mlp_baseline_11_rerun","levanter-seqmoe","allow","true","false","[""rstarcoder_sweep"",""mlp_baseline"",""rerun""]","0","","tpu","0.6070360541343689","0.6070360541343689","","1","","","","","","","","","","","","","","","","","","","","","","","","","","","","","","4","1","0.029457053169608116","0.0000019001722648681607","0.08459577709436417","0","3785349120","1","TPU v4","42.066739787114784","6.085567868951276","93111938187264","566639.0192481912","0.1989776329137385","51.51263811347192","1100000000000000","275000000000000","24926.48599122443","11894491431.793852","523239424","0.5640349984169006","0.5640349984169006","0.5640348792076111","","1","","","","","","","","","","","","","","","","","","","","","","","","","","","","","","302463","0.00345121999271214","754977792"
"rstarcoder_sweep_routed_mlp_no_prefill_exp","akg5adzi","finished","routed_mlp_no_prefill_exp, rstarcoder_sweep","0.6070496439933777","4","128","32","false","false","false","0.000139","0","499","-","","","","2025-03-21T12:15:10.000Z","2025-03-21T20:31:39.000Z","2025-03-21T20:31:39.000Z","29789","","t1v-n-c16a4861-w-0","","38c5ec219fc54912f227562e661d9e9a598d5454","","","","false","false","gs://usc2-datacache/20250122-flattened-shuffled/starcoder","128","4","6442450944","128","3221225472","512MB","flattened","<|endoftext|>","content","path","<file_sep>","files","blob_id","<fim_middle>","true","<fim_pad>","false","false","false","<fim_prefix>","<>|","repo_name","<repo_name>","","<|router|>","false","<fim_suffix>","bigcode/starcoder2-3b","[""gs://usc-stack-v2/20250122-flattened-shuffled/shard-{00..58}.jsonl.gz""]","[""gs://usc-stack-v2/20250122-flattened-shuffled/shard-{59..60}.jsonl.gz""]","false","0","false","","","","","","","","","","","38c5ec219fc54912f227562e661d9e9a598d5454","bigcode/starcoder2-3b","0","gelu_new","SPLASH","","","MLP_ZERO_DOWN","0.01","MLP","512","true","5","3072","0.02","12288","0.00001","","","false","24","2","30","meta-llama/Llama-2-7b-hf","1","999999.4420358812","false","false","softmax","0.02","1","true","4096","true","false","true","true","true","","0.9","0.95","1e-8","cosine","1","0.1","0","0.01","0","true","gs://usc2-ckpt/starcoder2-3b-state-dicts","8","false","batch","true","gs://usc2-ckpt/starcoder2-3b-misc","[{""every"":10000}]","0:15:00","embed","akg5adzi","true","true","logs","","512","1","jax.numpy.bfloat16","jax.numpy.bfloat16","jax.numpy.float32","500","4","4","false","100","false","5","true","true","1","1","true","0","false","10","[""mlp"",""heads""]","","rstarcoder_sweep_routed_mlp_no_prefill_exp","levanter-seqmoe","allow","true","false","[""rstarcoder_sweep"",""routed_mlp_no_prefill_exp""]","256","","rstarcoder_sweep_routed_mlp_no_prefill_exp","levanter-seqmoe","allow","true","false","[""rstarcoder_sweep"",""routed_mlp_no_prefill_exp""]","0","","tpu","0.6070496439933777","0.6070496439933777","","32","","","","","","","","","","","","","","","","","","","","","","","","","","","","","","4","1","0.007993224076926708","0.000013901259990234394","0.017634091898798943","0.001337192370556295","3785444352","1","TPU v4","52.903287921100855","4.839018708663144","93111938187264","450570.4108880568","0.29991979291662574","40.9609464443688","1100000000000000","275000000000000","19820.62063068424","11894491431.793852","523239424","0.5640385150909424","0.5640385150909424","0.5640384554862976","","32","","","","","","","","","","","","","","","","","","","","","","","","","","","","","","302463","0.0040916099678725","755073024"
"rstarcoder_sweep_mlp_baseline_10","cww37x77","finished","mlp_baseline, rstarcoder_sweep","0.607194185256958","1","4096","1","false","true","false","0.000007","0","499","-","","","","2025-02-26T10:35:17.000Z","2025-02-27T02:00:32.000Z","2025-02-26T17:04:34.000Z","23357","","t1v-n-1e4bc7f6-w-0","","78ac2b232a3ea10a95b4fc0c98b3ed501f86fd6d","","","","false","false","gs://usc2-datacache/20250122-flattened-shuffled/starcoder","128","4","6442450944","128","3221225472","512MB","flattened","<|endoftext|>","content","path","<file_sep>","files","blob_id","<fim_middle>","true","<fim_pad>","false","false","false","<fim_prefix>","<>|","repo_name","<repo_name>","","<|router|>","false","<fim_suffix>","bigcode/starcoder2-3b","[""gs://usc-stack-v2/20250122-flattened-shuffled/shard-{00..58}.jsonl.gz""]","[""gs://usc-stack-v2/20250122-flattened-shuffled/shard-{59..60}.jsonl.gz""]","false","0","false","","","","","","","","","","","78ac2b232a3ea10a95b4fc0c98b3ed501f86fd6d","bigcode/starcoder2-3b","0","gelu_new","SPLASH","","","MLP_ZERO_DOWN","0.01","MLP","512","true","5","3072","0.02","12288","0.00001","","","false","24","2","30","meta-llama/Llama-2-7b-hf","1","999999.4420358812","false","false","softmax","0.02","1","true","4096","true","false","true","true","true","","0.9","0.95","1e-8","cosine","1","0.1","0","0.01","0","true","gs://usc2-ckpt/starcoder2-3b-state-dicts","8","false","batch","true","gs://usc2-ckpt/starcoder2-3b-misc","[{""every"":10000}]","0:15:00","embed","cww37x77","true","true","logs","","512","1","jax.numpy.bfloat16","jax.numpy.bfloat16","jax.numpy.float32","500","4","4","false","100","false","5","true","true","1","1","true","0","false","10","[""mlp"",""heads""]","","rstarcoder_sweep_mlp_baseline_10","levanter-seqmoe","allow","true","false","[""rstarcoder_sweep"",""mlp_baseline""]","256","","rstarcoder_sweep_mlp_baseline_10","levanter-seqmoe","allow","true","false","[""rstarcoder_sweep"",""mlp_baseline""]","0","","tpu","0.6072123050689697","0.6072123050689697","","1","","","","","","","","","","","","","","","","","","","","","","","","","","","","","","4","1","0.0366494283080101","7.000634809628536e-7","0.10801678150892258","0","3785349120","1","TPU v4","42.065613113001746","6.085730863170871","93111938187264","566654.1959558909","0.16161361600097734","51.5140178141719","1100000000000000","275000000000000","24927.15361554789","11894491431.793852","523239424","0.5641037225723267","0.5641037225723267","0.5641036629676819","","1","","","","","","","","","","","","","","","","","","","","","","","","","","","","","","302463","0.0032737000001361594","754977792"
"rstarcoder_sweep_mlp_flopeq_baseline_15","k7w2r37u","finished","mlp_flopeq_baseline, rstarcoder_sweep","0.6072996258735657","1","512","1","false","true","false","0.001","0","499","-","","","","2025-03-21T07:09:51.000Z","2025-03-21T19:45:48.000Z","2025-03-21T19:45:48.000Z","45357","","t1v-n-4472a936-w-0","","38c5ec219fc54912f227562e661d9e9a598d5454","","","","false","false","gs://usc2-datacache/20250122-flattened-shuffled/starcoder","128","4","6442450944","128","3221225472","512MB","flattened","<|endoftext|>","content","path","<file_sep>","files","blob_id","<fim_middle>","true","<fim_pad>","false","false","false","<fim_prefix>","<>|","repo_name","<repo_name>","","<|router|>","false","<fim_suffix>","bigcode/starcoder2-3b","[""gs://usc-stack-v2/20250122-flattened-shuffled/shard-{00..58}.jsonl.gz""]","[""gs://usc-stack-v2/20250122-flattened-shuffled/shard-{59..60}.jsonl.gz""]","false","0","false","","","","","","","","","","","38c5ec219fc54912f227562e661d9e9a598d5454","bigcode/starcoder2-3b","0","gelu_new","SPLASH","","","MLP_ZERO_DOWN","0.01","MLP","512","true","5","3072","0.02","12288","0.00001","","","false","24","2","30","meta-llama/Llama-2-7b-hf","1","999999.4420358812","false","false","softmax","0.02","1","true","4096","true","false","true","true","true","","0.9","0.95","1e-8","cosine","1","0.1","0","0.01","0","true","gs://usc2-ckpt/starcoder2-3b-state-dicts","8","false","batch","true","gs://usc2-ckpt/starcoder2-3b-misc","[{""every"":10000}]","0:15:00","embed","k7w2r37u","true","true","logs","","512","1","jax.numpy.bfloat16","jax.numpy.bfloat16","jax.numpy.float32","500","4","4","false","100","false","5","true","true","1","1","true","0","false","10","[""mlp"",""heads""]","","rstarcoder_sweep_mlp_flopeq_baseline_15","levanter-seqmoe","allow","true","false","[""rstarcoder_sweep"",""mlp_flopeq_baseline""]","256","","rstarcoder_sweep_mlp_flopeq_baseline_15","levanter-seqmoe","allow","true","false","[""rstarcoder_sweep"",""mlp_flopeq_baseline""]","0","","tpu","0.6073490977287292","0.6073490977287292","","1","","","","","","","","","","","","","","","","","","","","","","","","","","","","","","4","1","0.5165108442306519","0.0001000090705929324","1.3588547706604004","0","3124746240","1","TPU v4","34.240824413001974","7.476455499791977","93111938187264","696147.2623564604","0.1513000720005948","63.28611475967823","1100000000000000","275000000000000","30623.56172714794","11894491431.793852","523239424","0.5642724633216858","0.5642724633216858","0.5642724633216858","","1","","","","","","","","","","","","","","","","","","","","","","","","","","","","","","302463","0.0030095789988990873","94374912"
"rstarcoder_sweep_mlp_flopeq_scaling_1","dwqz3c36","finished","mlp_flopeq_scaling, rstarcoder_sweep","0.6073923707008362","1","512","1","false","true","false","0.000139","0","249","-","","","","2025-03-24T10:52:28.000Z","2025-03-24T14:27:01.000Z","2025-03-24T14:27:01.000Z","12873","","t1v-n-fe6a4173-w-0","","18059a734e8a0966e1b3aff5cc5207784d5dd50d","","","","false","false","gs://usc2-datacache/20250122-flattened-shuffled/starcoder","128","4","6442450944","128","3221225472","512MB","flattened","<|endoftext|>","content","path","<file_sep>","files","blob_id","<fim_middle>","true","<fim_pad>","false","false","false","<fim_prefix>","<>|","repo_name","<repo_name>","","<|router|>","false","<fim_suffix>","bigcode/starcoder2-3b","[""gs://usc-stack-v2/20250122-flattened-shuffled/shard-{00..58}.jsonl.gz""]","[""gs://usc-stack-v2/20250122-flattened-shuffled/shard-{59..60}.jsonl.gz""]","false","0","false","","","","","","","","","","","18059a734e8a0966e1b3aff5cc5207784d5dd50d","bigcode/starcoder2-3b","0","gelu_new","SPLASH","","","MLP_ZERO_DOWN","0.01","MLP","512","true","5","3072","0.02","12288","0.00001","","","false","24","2","30","meta-llama/Llama-2-7b-hf","1","999999.4420358812","false","false","softmax","0.02","1","true","4096","true","false","true","true","true","","0.9","0.95","1e-8","cosine","1","0.1","0","0.01","0","true","gs://usc2-ckpt/starcoder2-3b-state-dicts","8","false","batch","true","gs://usc2-ckpt/starcoder2-3b-misc","[{""every"":10000}]","0:15:00","embed","dwqz3c36","true","true","logs","","512","1","jax.numpy.bfloat16","jax.numpy.bfloat16","jax.numpy.float32","250","4","4","false","100","false","5","true","true","1","1","true","0","false","10","[""mlp"",""heads""]","","rstarcoder_sweep_mlp_flopeq_scaling_1","levanter-seqmoe","allow","true","false","[""rstarcoder_sweep"",""mlp_flopeq_scaling""]","256","","rstarcoder_sweep_mlp_flopeq_scaling_1","levanter-seqmoe","allow","true","false","[""rstarcoder_sweep"",""mlp_flopeq_scaling""]","0","","tpu","0.6074185371398926","0.6074185371398926","","1","","","","","","","","","","","","","","","","","","","","","","","","","","","","","","4","1","0.01234243344515562","0.00001390501893183682","0.030673518776893616","0","3124746240","1","TPU v4","34.639888648000124","7.390323987510269","93111938187264","688127.3903089106","0.31352288000016415","62.55703548262824","1100000000000000","275000000000000","30270.767052842064","5935327387.808956","261095424","0.585384726524353","0.585384726524353","0.5853846669197083","","1","","","","","","","","","","","","","","","","","","","","","","","","","","","","","","273839","0.0032413490007456858","94374912"
"rstarcoder_sweep_routed_mlp_lflb_45","dnhknljv","finished","routed_mlp_lflb, rstarcoder_sweep","0.6074044704437256","4","128","32","false","false","true","0.000139","0.001","499","-","","","","2025-03-04T16:12:54.000Z","2025-03-05T05:09:55.000Z","2025-03-05T05:09:55.000Z","46621","","t1v-n-aface7ac-w-0","","e6e0216dcd172ce715fd489a56b2bb3563b1fef1","","","","false","false","gs://usc2-datacache/20250122-flattened-shuffled/starcoder","128","4","6442450944","128","3221225472","512MB","flattened","<|endoftext|>","content","path","<file_sep>","files","blob_id","<fim_middle>","true","<fim_pad>","false","false","false","<fim_prefix>","<>|","repo_name","<repo_name>","","<|router|>","false","<fim_suffix>","bigcode/starcoder2-3b","[""gs://usc-stack-v2/20250122-flattened-shuffled/shard-{00..58}.jsonl.gz""]","[""gs://usc-stack-v2/20250122-flattened-shuffled/shard-{59..60}.jsonl.gz""]","false","0","false","","","","","","","","","","","e6e0216dcd172ce715fd489a56b2bb3563b1fef1","bigcode/starcoder2-3b","0","gelu_new","SPLASH","","0.01","MLP_ZERO_DOWN","0.01","MLP","512","true","5","3072","0.02","12288","0.00001","","","false","24","2","30","meta-llama/Llama-2-7b-hf","1","999999.4420358812","false","true","softmax","0.02","1","true","4096","true","false","true","true","true","","0.9","0.95","1e-8","cosine","1","0.1","0","0.01","0","true","gs://usc2-ckpt/starcoder2-3b-state-dicts","8","false","batch","true","gs://usc2-ckpt/starcoder2-3b-misc","[{""every"":10000}]","0:15:00","embed","dnhknljv","true","true","logs","","512","1","jax.numpy.bfloat16","jax.numpy.bfloat16","jax.numpy.float32","500","4","4","false","100","false","5","true","true","1","1","true","0","false","10","[""mlp"",""heads""]","willandwill","rstarcoder_sweep_routed_mlp_lflb_45","levanter-seqmoe","allow","true","false","[""rstarcoder_sweep"",""routed_mlp_lflb""]","256","willandwill","rstarcoder_sweep_routed_mlp_lflb_45","levanter-seqmoe","allow","true","false","[""rstarcoder_sweep"",""routed_mlp_lflb""]","0","","tpu","0.6081885695457458","0.6081898808479309","","16","","","","","","","","","","","","","","","","","","","","","","","","","","","","","0.00133879657369107","4","1","0.0077522690407931805","0.000013901259990234394","0.017326034605503082","0.00003932143226847984","3879828480","1","TPU v4","85.59558924899466","2.990808314378264","124149250916352","371306.61186445894","0.16096656899753725","33.75514653313263","1100000000000000","275000000000000","12250.35085569337","15859321909.05847","523239424","0.5633115172386169","0.5633115172386169","0.5633126497268677","","0","","","","","","","","","","","","","","","","","","","","","","","","","","","","","0.0012247582199051976","302463","0.0030949400024837814","849457152"
"rstarcoder_sweep_mlp_flopeq_baseline_11","emftj6ea","finished","mlp_flopeq_baseline, rstarcoder_sweep","0.6074211597442627","1","512","1","false","true","false","0.000019","0","499","-","","","","2025-03-21T07:09:32.000Z","2025-03-21T19:44:45.000Z","2025-03-21T19:44:45.000Z","45313","","t1v-n-7e9aa5a6-w-0","","38c5ec219fc54912f227562e661d9e9a598d5454","","","","false","false","gs://usc2-datacache/20250122-flattened-shuffled/starcoder","128","4","6442450944","128","3221225472","512MB","flattened","<|endoftext|>","content","path","<file_sep>","files","blob_id","<fim_middle>","true","<fim_pad>","false","false","false","<fim_prefix>","<>|","repo_name","<repo_name>","","<|router|>","false","<fim_suffix>","bigcode/starcoder2-3b","[""gs://usc-stack-v2/20250122-flattened-shuffled/shard-{00..58}.jsonl.gz""]","[""gs://usc-stack-v2/20250122-flattened-shuffled/shard-{59..60}.jsonl.gz""]","false","0","false","","","","","","","","","","","38c5ec219fc54912f227562e661d9e9a598d5454","bigcode/starcoder2-3b","0","gelu_new","SPLASH","","","MLP_ZERO_DOWN","0.01","MLP","512","true","5","3072","0.02","12288","0.00001","","","false","24","2","30","meta-llama/Llama-2-7b-hf","1","999999.4420358812","false","false","softmax","0.02","1","true","4096","true","false","true","true","true","","0.9","0.95","1e-8","cosine","1","0.1","0","0.01","0","true","gs://usc2-ckpt/starcoder2-3b-state-dicts","8","false","batch","true","gs://usc2-ckpt/starcoder2-3b-misc","[{""every"":10000}]","0:15:00","embed","emftj6ea","true","true","logs","","512","1","jax.numpy.bfloat16","jax.numpy.bfloat16","jax.numpy.float32","500","4","4","false","100","false","5","true","true","1","1","true","0","false","10","[""mlp"",""heads""]","","rstarcoder_sweep_mlp_flopeq_baseline_11","levanter-seqmoe","allow","true","false","[""rstarcoder_sweep"",""mlp_flopeq_baseline""]","256","","rstarcoder_sweep_mlp_flopeq_baseline_11","levanter-seqmoe","allow","true","false","[""rstarcoder_sweep"",""mlp_flopeq_baseline""]","0","","tpu","0.6074211597442627","0.6074211597442627","","1","","","","","","","","","","","","","","","","","","","","","","","","","","","","","","4","1","0.17277982831001282","0.0000019001722648681607","0.5043891072273254","0","3124746240","1","TPU v4","34.24063430199749","7.476497010601985","93111938187264","696151.1275084361","0.14992656899994472","63.28646613713056","1100000000000000","275000000000000","30623.73175542573","11894491431.793852","523239424","0.5643131136894226","0.5643131136894226","0.5643131732940674","","1","","","","","","","","","","","","","","","","","","","","","","","","","","","","","","302463","0.0027893600017705467","94374912"
"rstarcoder_sweep_mlp_flopeq_baseline_14","m6e7ttay","finished","mlp_flopeq_baseline, rstarcoder_sweep","0.6074337959289551","1","512","1","false","true","false","0.000373","0","499","-","","","","2025-03-21T07:12:15.000Z","2025-03-23T15:32:10.000Z","2025-03-23T15:32:10.000Z","202795","","t1v-n-cb465963-w-0","","4c89513d877eb57ebd59bdb4abc1fb92dbc97a7d","","","","false","false","gs://usc2-datacache/20250122-flattened-shuffled/starcoder","128","4","6442450944","128","3221225472","512MB","flattened","<|endoftext|>","content","path","<file_sep>","files","blob_id","<fim_middle>","true","<fim_pad>","false","false","false","<fim_prefix>","<>|","repo_name","<repo_name>","","<|router|>","false","<fim_suffix>","bigcode/starcoder2-3b","[""gs://usc-stack-v2/20250122-flattened-shuffled/shard-{00..58}.jsonl.gz""]","[""gs://usc-stack-v2/20250122-flattened-shuffled/shard-{59..60}.jsonl.gz""]","false","0","false","","","","","","","","","","","4c89513d877eb57ebd59bdb4abc1fb92dbc97a7d","bigcode/starcoder2-3b","0","gelu_new","SPLASH","","","MLP_ZERO_DOWN","0.01","MLP","512","true","5","3072","0.02","12288","0.00001","","","false","24","2","30","meta-llama/Llama-2-7b-hf","1","999999.4420358812","false","false","softmax","0.02","1","true","4096","true","false","true","true","true","","0.9","0.95","1e-8","cosine","1","0.1","0","0.01","0","true","gs://usc2-ckpt/starcoder2-3b-state-dicts","8","true","batch","true","gs://usc2-ckpt/starcoder2-3b-misc","[{""every"":10000}]","0:15:00","embed","m6e7ttay","true","true","logs","","512","1","jax.numpy.bfloat16","jax.numpy.bfloat16","jax.numpy.float32","500","4","4","false","100","false","5","true","true","1","1","true","0","false","10","[""mlp"",""heads""]","","rstarcoder_sweep_mlp_flopeq_baseline_14","levanter-seqmoe","allow","true","false","[""rstarcoder_sweep"",""mlp_flopeq_baseline""]","256","","rstarcoder_sweep_mlp_flopeq_baseline_14","levanter-seqmoe","allow","true","false","[""rstarcoder_sweep"",""mlp_flopeq_baseline""]","0","","tpu","0.6074357032775879","0.6074357032775879","","1","","","","","","","","","","","","","","","","","","","","","","","","","","","","","","4","1","0.0088052898645401","0.00003730337994056754","0.017209431156516075","0","3124746240","1","TPU v4","34.2345807519996","7.477819046609687","93111938187264","696274.2248434667","0.16377943999941635","63.297656803951504","1100000000000000","275000000000000","30629.14681491328","11894491431.793852","523239424","0.5644413828849792","0.5644413828849792","0.5644413232803345","","1","","","","","","","","","","","","","","","","","","","","","","","","","","","","","","302463","0.0033959199990931666","94374912"
"rstarcoder_sweep_mlp_baseline_9","okqk3o5r","finished","mlp_baseline, rstarcoder_sweep","0.6076000332832336","1","4096","1","false","true","false","0.000003","0","499","-","","","","2025-02-26T06:39:51.000Z","2025-02-27T02:00:32.000Z","2025-02-26T13:07:59.000Z","23288","","t1v-n-d227f627-w-0","","78ac2b232a3ea10a95b4fc0c98b3ed501f86fd6d","","","","false","false","gs://usc2-datacache/20250122-flattened-shuffled/starcoder","128","4","6442450944","128","3221225472","512MB","flattened","<|endoftext|>","content","path","<file_sep>","files","blob_id","<fim_middle>","true","<fim_pad>","false","false","false","<fim_prefix>","<>|","repo_name","<repo_name>","","<|router|>","false","<fim_suffix>","bigcode/starcoder2-3b","[""gs://usc-stack-v2/20250122-flattened-shuffled/shard-{00..58}.jsonl.gz""]","[""gs://usc-stack-v2/20250122-flattened-shuffled/shard-{59..60}.jsonl.gz""]","false","0","false","","","","","","","","","","","78ac2b232a3ea10a95b4fc0c98b3ed501f86fd6d","bigcode/starcoder2-3b","0","gelu_new","SPLASH","","","MLP_ZERO_DOWN","0.01","MLP","512","true","5","3072","0.02","12288","0.00001","","","false","24","2","30","meta-llama/Llama-2-7b-hf","1","999999.4420358812","false","false","softmax","0.02","1","true","4096","true","false","true","true","true","","0.9","0.95","1e-8","cosine","1","0.1","0","0.01","0","true","gs://usc2-ckpt/starcoder2-3b-state-dicts","8","false","batch","true","gs://usc2-ckpt/starcoder2-3b-misc","[{""every"":10000}]","0:15:00","embed","okqk3o5r","true","true","logs","","512","1","jax.numpy.bfloat16","jax.numpy.bfloat16","jax.numpy.float32","500","4","4","false","100","false","5","true","true","1","1","true","0","false","10","[""mlp"",""heads""]","","rstarcoder_sweep_mlp_baseline_9","levanter-seqmoe","allow","true","false","[""rstarcoder_sweep"",""mlp_baseline""]","256","","rstarcoder_sweep_mlp_baseline_9","levanter-seqmoe","allow","true","false","[""rstarcoder_sweep"",""mlp_baseline""]","0","","tpu","0.6076000332832336","0.6076000332832336","","1","","","","","","","","","","","","","","","","","","","","","","","","","","","","","","4","1","0.04468972980976105","3.000272101871815e-7","0.13282303512096405","0","3785349120","1","TPU v4","42.065777009993326","6.085707151901261","93111938187264","566651.9881536206","0.1596766600268893","51.513817104874605","1100000000000000","275000000000000","24927.056494187564","11894491431.793852","523239424","0.5644844174385071","0.5644844174385071","0.5644842982292175","","1","","","","","","","","","","","","","","","","","","","","","","","","","","","","","","302463","0.0032185690361075103","754977792"
"rstarcoder_sweep_mlp_flopeq_scaling_2","xs3mwdss","running","mlp_flopeq_scaling, rstarcoder_sweep","0.6077947616577148","1","512","1","false","true","false","0.000139","0","281","-","","","","2025-03-24T10:56:21.000Z","2025-03-25T06:52:26.000Z","2025-03-25T06:52:26.000Z","71765","","t1v-n-7873efab-w-0","","68b527b4a3f3d7497a8351421988a4cf4ca3e9f9","","","","false","false","gs://usc2-datacache/20250122-flattened-shuffled/starcoder","128","4","6442450944","128","3221225472","512MB","flattened","<|endoftext|>","content","path","<file_sep>","files","blob_id","<fim_middle>","true","<fim_pad>","false","false","false","<fim_prefix>","<>|","repo_name","<repo_name>","","<|router|>","false","<fim_suffix>","bigcode/starcoder2-3b","[""gs://usc-stack-v2/20250122-flattened-shuffled/shard-{00..58}.jsonl.gz""]","[""gs://usc-stack-v2/20250122-flattened-shuffled/shard-{59..60}.jsonl.gz""]","false","0","false","","","","","","","","","","","68b527b4a3f3d7497a8351421988a4cf4ca3e9f9","bigcode/starcoder2-3b","0","gelu_new","SPLASH","","","MLP_ZERO_DOWN","0.01","MLP","512","true","5","3072","0.02","12288","0.00001","","","false","24","2","30","meta-llama/Llama-2-7b-hf","1","999999.4420358812","false","false","softmax","0.02","1","true","4096","true","false","true","true","true","","0.9","0.95","1e-8","cosine","1","0.1","0","0.01","0","true","gs://usc2-ckpt/starcoder2-3b-state-dicts","8","false","batch","true","gs://usc2-ckpt/starcoder2-3b-misc","[{""every"":10000}]","0:15:00","embed","xs3mwdss","true","true","logs","","512","1","jax.numpy.bfloat16","jax.numpy.bfloat16","jax.numpy.float32","1000","4","4","false","100","false","5","true","true","1","1","true","0","false","10","[""mlp"",""heads""]","","rstarcoder_sweep_mlp_flopeq_scaling_2","levanter-seqmoe","allow","true","false","[""rstarcoder_sweep"",""mlp_flopeq_scaling""]","256","","rstarcoder_sweep_mlp_flopeq_scaling_2","levanter-seqmoe","allow","true","false","[""rstarcoder_sweep"",""mlp_flopeq_scaling""]","0","","tpu","0.6077947616577148","0.6077947616577148","","1","","","","","","","","","","","","","","","","","","","","","","","","","","","","","","4","1","0.013840153813362122","0.00011726131197065116","0.032097227871418","0","3124746240","0.282","TPU v4","34.61470810099854","7.395700095261387","93111938187264","688627.9701215208","0.7088166509929579","62.60254273832007","1100000000000000","275000000000000","30292.78759019064","6698100385.439023","294649856","0.5957282185554504","0.5957282185554504","0.5957282781600952","","1","","","","","","","","","","","","","","","","","","","","","","","","","","","","","","281334","0.003763109998544678","94374912"
"rstarcoder_sweep_mlp_flopeq_scaling_0","kghiudam","finished","mlp_flopeq_scaling, rstarcoder_sweep","0.607833206653595","1","512","1","false","true","false","0.000139","0","124","-","","","","2025-03-22T11:08:33.000Z","2025-03-22T13:16:23.000Z","2025-03-22T13:16:23.000Z","7670","","t1v-n-68a47a9f-w-0","","38c5ec219fc54912f227562e661d9e9a598d5454","","","","false","false","gs://usc2-datacache/20250122-flattened-shuffled/starcoder","128","4","6442450944","128","3221225472","512MB","flattened","<|endoftext|>","content","path","<file_sep>","files","blob_id","<fim_middle>","true","<fim_pad>","false","false","false","<fim_prefix>","<>|","repo_name","<repo_name>","","<|router|>","false","<fim_suffix>","bigcode/starcoder2-3b","[""gs://usc-stack-v2/20250122-flattened-shuffled/shard-{00..58}.jsonl.gz""]","[""gs://usc-stack-v2/20250122-flattened-shuffled/shard-{59..60}.jsonl.gz""]","false","0","false","","","","","","","","","","","38c5ec219fc54912f227562e661d9e9a598d5454","bigcode/starcoder2-3b","0","gelu_new","SPLASH","","","MLP_ZERO_DOWN","0.01","MLP","512","true","5","3072","0.02","12288","0.00001","","","false","24","2","30","meta-llama/Llama-2-7b-hf","1","999999.4420358812","false","false","softmax","0.02","1","true","4096","true","false","true","true","true","","0.9","0.95","1e-8","cosine","1","0.1","0","0.01","0","true","gs://usc2-ckpt/starcoder2-3b-state-dicts","8","false","batch","true","gs://usc2-ckpt/starcoder2-3b-misc","[{""every"":10000}]","0:15:00","embed","kghiudam","true","true","logs","","512","1","jax.numpy.bfloat16","jax.numpy.bfloat16","jax.numpy.float32","125","4","4","false","100","false","5","true","true","1","1","true","0","false","10","[""mlp"",""heads""]","","rstarcoder_sweep_mlp_flopeq_scaling_0","levanter-seqmoe","allow","true","false","[""rstarcoder_sweep"",""mlp_flopeq_scaling""]","256","","rstarcoder_sweep_mlp_flopeq_scaling_0","levanter-seqmoe","allow","true","false","[""rstarcoder_sweep"",""mlp_flopeq_scaling""]","0","","tpu","0.607833206653595","0.607833206653595","","1","","","","","","","","","","","","","","","","","","","","","","","","","","","","","","4","1","0.175601527094841","0.000013920071978645863","0.4788871705532074","0","3124746240","1","TPU v4","34.24309062000248","7.475960708127855","93111938187264","696101.1913456151","0.1594175259961048","63.28192648596501","1100000000000000","275000000000000","30621.535060491693","2955745365.8165083","130023424","0.5872869491577148","0.5872869491577148","0.5872868895530701","","1","","","","","","","","","","","","","","","","","","","","","","","","","","","","","","279074","0.0026028400025097653","94374912"
"rstarcoder_sweep_routed_mlp_26","yhsv3fbw","finished","routed_mlp, rstarcoder_sweep","0.607833743095398","4","128","32","false","false","true","0.000003","0","499","-","","","","2025-03-24T10:44:27.000Z","2025-03-24T23:49:18.000Z","2025-03-24T23:49:18.000Z","47091","","t1v-n-36680adf-w-0","","18059a734e8a0966e1b3aff5cc5207784d5dd50d","","","","false","false","gs://usc2-datacache/20250122-flattened-shuffled/starcoder","128","4","6442450944","128","3221225472","512MB","flattened","<|endoftext|>","content","path","<file_sep>","files","blob_id","<fim_middle>","true","<fim_pad>","false","false","false","<fim_prefix>","<>|","repo_name","<repo_name>","","<|router|>","false","<fim_suffix>","bigcode/starcoder2-3b","[""gs://usc-stack-v2/20250122-flattened-shuffled/shard-{00..58}.jsonl.gz""]","[""gs://usc-stack-v2/20250122-flattened-shuffled/shard-{59..60}.jsonl.gz""]","false","0","false","","","","","","","","","","","18059a734e8a0966e1b3aff5cc5207784d5dd50d","bigcode/starcoder2-3b","0","gelu_new","SPLASH","","","MLP_ZERO_DOWN","0.01","MLP","512","true","5","3072","0.02","12288","0.00001","","","false","24","2","30","meta-llama/Llama-2-7b-hf","1","999999.4420358812","false","false","softmax","0.02","1","true","4096","true","false","true","true","true","","0.9","0.95","1e-8","cosine","1","0.1","0","0.01","0","true","gs://usc2-ckpt/starcoder2-3b-state-dicts","8","false","batch","true","gs://usc2-ckpt/starcoder2-3b-misc","[{""every"":10000}]","0:15:00","embed","yhsv3fbw","true","true","logs","","512","1","jax.numpy.bfloat16","jax.numpy.bfloat16","jax.numpy.float32","500","4","4","false","100","false","5","true","true","1","1","true","0","false","10","[""mlp"",""heads""]","","rstarcoder_sweep_routed_mlp_26","levanter-seqmoe","allow","true","false","[""rstarcoder_sweep"",""routed_mlp""]","256","","rstarcoder_sweep_routed_mlp_26","levanter-seqmoe","allow","true","false","[""rstarcoder_sweep"",""routed_mlp""]","0","","tpu","0.6078661680221558","0.6078661680221558","","32","","","","","","","","","","","","","","","","","","","","","","","","","","","","","","4","1","0.03334711492061615","3.000272101871815e-7","0.09771721065044404","0.001062255003489554","3879828480","1","TPU v4","86.20243399299943","2.969753731324918","124149250916352","368692.70115002984","0.3018554540030891","33.51751828636635","1100000000000000","275000000000000","12164.111283506863","15859321909.05847","523239424","0.5647892355918884","0.5647892355918884","0.5647892355918884","","32","","","","","","","","","","","","","","","","","","","","","","","","","","","","","","302463","0.003182619999279268","849457152"
"rstarcoder_sweep_mlp_baseline_12","jpa2ycmg","finished","mlp_baseline, rstarcoder_sweep","0.607932984828949","1","4096","1","false","true","false","0.000052","0","499","-","","","","2025-02-26T10:40:35.000Z","2025-02-27T02:00:32.000Z","2025-02-26T17:15:15.000Z","23680","","t1v-n-49667f8e-w-0","","78ac2b232a3ea10a95b4fc0c98b3ed501f86fd6d","","","","false","false","gs://usc2-datacache/20250122-flattened-shuffled/starcoder","128","4","6442450944","128","3221225472","512MB","flattened","<|endoftext|>","content","path","<file_sep>","files","blob_id","<fim_middle>","true","<fim_pad>","false","false","false","<fim_prefix>","<>|","repo_name","<repo_name>","","<|router|>","false","<fim_suffix>","bigcode/starcoder2-3b","[""gs://usc-stack-v2/20250122-flattened-shuffled/shard-{00..58}.jsonl.gz""]","[""gs://usc-stack-v2/20250122-flattened-shuffled/shard-{59..60}.jsonl.gz""]","false","0","false","","","","","","","","","","","78ac2b232a3ea10a95b4fc0c98b3ed501f86fd6d","bigcode/starcoder2-3b","0","gelu_new","SPLASH","","","MLP_ZERO_DOWN","0.01","MLP","512","true","5","3072","0.02","12288","0.00001","","","false","24","2","30","meta-llama/Llama-2-7b-hf","1","999999.4420358812","false","false","softmax","0.02","1","true","4096","true","false","true","true","true","","0.9","0.95","1e-8","cosine","1","0.1","0","0.01","0","true","gs://usc2-ckpt/starcoder2-3b-state-dicts","8","false","batch","true","gs://usc2-ckpt/starcoder2-3b-misc","[{""every"":10000}]","0:15:00","embed","jpa2ycmg","true","true","logs","","512","1","jax.numpy.bfloat16","jax.numpy.bfloat16","jax.numpy.float32","500","4","4","false","100","false","5","true","true","1","1","true","0","false","10","[""mlp"",""heads""]","","rstarcoder_sweep_mlp_baseline_12","levanter-seqmoe","allow","true","false","[""rstarcoder_sweep"",""mlp_baseline""]","256","","rstarcoder_sweep_mlp_baseline_12","levanter-seqmoe","allow","true","false","[""rstarcoder_sweep"",""mlp_baseline""]","0","","tpu","0.607932984828949","0.607932984828949","","1","","","","","","","","","","","","","","","","","","","","","","","","","","","","","","4","1","0.026803746819496155","0.0000052004716053488664","0.0726616308093071","0","3785349120","1","TPU v4","42.06633357100145","6.085626634608212","93111938187264","566644.4910324073","0.1654469519999111","51.513135548400655","1100000000000000","275000000000000","24926.726695355235","11894491431.793852","523239424","0.5650468468666077","0.5650468468666077","0.5650469064712524","","1","","","","","","","","","","","","","","","","","","","","","","","","","","","","","","302463","0.0031196000018098857","754977792"
"rstarcoder_sweep_mlp_flopeq_baseline_10","5gyxy5eo","finished","mlp_flopeq_baseline, rstarcoder_sweep","0.6079471707344055","1","512","1","false","true","false","0.000007","0","499","-","","","","2025-03-21T07:08:59.000Z","2025-03-23T14:31:36.000Z","2025-03-23T14:31:36.000Z","199357","","t1v-n-88da68b9-w-0","","4c89513d877eb57ebd59bdb4abc1fb92dbc97a7d","","","","false","false","gs://usc2-datacache/20250122-flattened-shuffled/starcoder","128","4","6442450944","128","3221225472","512MB","flattened","<|endoftext|>","content","path","<file_sep>","files","blob_id","<fim_middle>","true","<fim_pad>","false","false","false","<fim_prefix>","<>|","repo_name","<repo_name>","","<|router|>","false","<fim_suffix>","bigcode/starcoder2-3b","[""gs://usc-stack-v2/20250122-flattened-shuffled/shard-{00..58}.jsonl.gz""]","[""gs://usc-stack-v2/20250122-flattened-shuffled/shard-{59..60}.jsonl.gz""]","false","0","false","","","","","","","","","","","4c89513d877eb57ebd59bdb4abc1fb92dbc97a7d","bigcode/starcoder2-3b","0","gelu_new","SPLASH","","","MLP_ZERO_DOWN","0.01","MLP","512","true","5","3072","0.02","12288","0.00001","","","false","24","2","30","meta-llama/Llama-2-7b-hf","1","999999.4420358812","false","false","softmax","0.02","1","true","4096","true","false","true","true","true","","0.9","0.95","1e-8","cosine","1","0.1","0","0.01","0","true","gs://usc2-ckpt/starcoder2-3b-state-dicts","8","true","batch","true","gs://usc2-ckpt/starcoder2-3b-misc","[{""every"":10000}]","0:15:00","embed","5gyxy5eo","true","true","logs","","512","1","jax.numpy.bfloat16","jax.numpy.bfloat16","jax.numpy.float32","500","4","4","false","100","false","5","true","true","1","1","true","0","false","10","[""mlp"",""heads""]","","rstarcoder_sweep_mlp_flopeq_baseline_10","levanter-seqmoe","allow","true","false","[""rstarcoder_sweep"",""mlp_flopeq_baseline""]","256","","rstarcoder_sweep_mlp_flopeq_baseline_10","levanter-seqmoe","allow","true","false","[""rstarcoder_sweep"",""mlp_flopeq_baseline""]","0","","tpu","0.6079491376876831","0.6079491376876831","","1","","","","","","","","","","","","","","","","","","","","","","","","","","","","","","4","1","0.019747048616409305","7.000634809628536e-7","0.05817888304591179","0","3124746240","1","TPU v4","34.23177100900102","7.478432825829738","93111938187264","696331.3750162645","0.15701874600017618","63.30285227420587","1100000000000000","275000000000000","30631.66085459861","11894491431.793852","523239424","0.564866840839386","0.564866840839386","0.5648667812347412","","1","","","","","","","","","","","","","","","","","","","","","","","","","","","","","","302463","0.002984218999699806","94374912"
"rstarcoder_sweep_mlp_baseline_8","psxqgcjz","finished","mlp_baseline, rstarcoder_sweep","0.6083687543869019","1","4096","1","false","true","false","0.000001","0","499","-","","","","2025-02-26T00:06:41.000Z","2025-02-27T02:00:34.000Z","2025-02-26T06:34:57.000Z","23296","","t1v-n-e7e8dfaf-w-0","","78ac2b232a3ea10a95b4fc0c98b3ed501f86fd6d","","","","false","false","gs://usc2-datacache/20250122-flattened-shuffled/starcoder","128","4","6442450944","128","3221225472","512MB","flattened","<|endoftext|>","content","path","<file_sep>","files","blob_id","<fim_middle>","true","<fim_pad>","false","false","false","<fim_prefix>","<>|","repo_name","<repo_name>","","<|router|>","false","<fim_suffix>","bigcode/starcoder2-3b","[""gs://usc-stack-v2/20250122-flattened-shuffled/shard-{00..58}.jsonl.gz""]","[""gs://usc-stack-v2/20250122-flattened-shuffled/shard-{59..60}.jsonl.gz""]","false","0","false","","","","","","","","","","","78ac2b232a3ea10a95b4fc0c98b3ed501f86fd6d","bigcode/starcoder2-3b","0","gelu_new","SPLASH","","","MLP_ZERO_DOWN","0.01","MLP","512","true","5","3072","0.02","12288","0.00001","","","false","24","2","30","meta-llama/Llama-2-7b-hf","1","999999.4420358812","false","false","softmax","0.02","1","true","4096","true","false","true","true","true","","0.9","0.95","1e-8","cosine","1","0.1","0","0.01","0","true","gs://usc2-ckpt/starcoder2-3b-state-dicts","8","false","batch","true","gs://usc2-ckpt/starcoder2-3b-misc","[{""every"":10000}]","0:15:00","embed","psxqgcjz","true","true","logs","","512","1","jax.numpy.bfloat16","jax.numpy.bfloat16","jax.numpy.float32","500","4","4","false","100","false","5","true","true","1","1","true","0","false","10","[""mlp"",""heads""]","","rstarcoder_sweep_mlp_baseline_8","levanter-seqmoe","allow","true","false","[""rstarcoder_sweep"",""mlp_baseline""]","256","","rstarcoder_sweep_mlp_baseline_8","levanter-seqmoe","allow","true","false","[""rstarcoder_sweep"",""mlp_baseline""]","0","","tpu","0.6083986759185791","0.6083986759185791","","1","","","","","","","","","","","","","","","","","","","","","","","","","","","","","","4","1","0.050686314702034","1.0000906769391805e-7","0.1515495479106903","0","3785349120","1","TPU v4","42.06568392999179","6.085720617928152","93111938187264","566653.2420014843","0.1560421559988754","51.51393109104402","1100000000000000","275000000000000","24927.111651033712","11894491431.793852","523239424","0.5652914643287659","0.5652914643287659","0.5652914643287659","","1","","","","","","","","","","","","","","","","","","","","","","","","","","","","","","302463","0.004772500004037283","754977792"
"rstarcoder_sweep_mlp_flopeq_baseline_9","epgopvs6","finished","mlp_flopeq_baseline, rstarcoder_sweep","0.6087412238121033","1","512","1","false","true","false","0.000003","0","499","-","","","","2025-03-21T07:05:50.000Z","2025-03-21T19:42:53.000Z","2025-03-21T19:42:53.000Z","45423","","t1v-n-4472a936-w-0","","38c5ec219fc54912f227562e661d9e9a598d5454","","","","false","false","gs://usc2-datacache/20250122-flattened-shuffled/starcoder","128","4","6442450944","128","3221225472","512MB","flattened","<|endoftext|>","content","path","<file_sep>","files","blob_id","<fim_middle>","true","<fim_pad>","false","false","false","<fim_prefix>","<>|","repo_name","<repo_name>","","<|router|>","false","<fim_suffix>","bigcode/starcoder2-3b","[""gs://usc-stack-v2/20250122-flattened-shuffled/shard-{00..58}.jsonl.gz""]","[""gs://usc-stack-v2/20250122-flattened-shuffled/shard-{59..60}.jsonl.gz""]","false","0","false","","","","","","","","","","","38c5ec219fc54912f227562e661d9e9a598d5454","bigcode/starcoder2-3b","0","gelu_new","SPLASH","","","MLP_ZERO_DOWN","0.01","MLP","512","true","5","3072","0.02","12288","0.00001","","","false","24","2","30","meta-llama/Llama-2-7b-hf","1","999999.4420358812","false","false","softmax","0.02","1","true","4096","true","false","true","true","true","","0.9","0.95","1e-8","cosine","1","0.1","0","0.01","0","true","gs://usc2-ckpt/starcoder2-3b-state-dicts","8","false","batch","true","gs://usc2-ckpt/starcoder2-3b-misc","[{""every"":10000}]","0:15:00","embed","epgopvs6","true","true","logs","","512","1","jax.numpy.bfloat16","jax.numpy.bfloat16","jax.numpy.float32","500","4","4","false","100","false","5","true","true","1","1","true","0","false","10","[""mlp"",""heads""]","","rstarcoder_sweep_mlp_flopeq_baseline_9","levanter-seqmoe","allow","true","false","[""rstarcoder_sweep"",""mlp_flopeq_baseline""]","256","","rstarcoder_sweep_mlp_flopeq_baseline_9","levanter-seqmoe","allow","true","false","[""rstarcoder_sweep"",""mlp_flopeq_baseline""]","0","","tpu","0.6087412238121033","0.6087412238121033","","1","","","","","","","","","","","","","","","","","","","","","","","","","","","","","","4","1","0.16718730330467224","3.000272101871815e-7","0.4976857006549835","0","3124746240","1","TPU v4","34.242828368998744","7.476017963275661","93111938187264","696106.5224833987","0.17299542099863174","63.28241113485442","1100000000000000","275000000000000","30621.769577577103","11894491431.793852","523239424","0.565661609172821","0.565661609172821","0.5656615495681763","","1","","","","","","","","","","","","","","","","","","","","","","","","","","","","","","302463","0.0035155890000169165","94374912"
"rstarcoder_sweep_routed_mlp_25","nnumwqgp","finished","routed_mlp, rstarcoder_sweep","0.6098872423171997","4","128","32","false","false","true","0.000001","0","499","-","","","","2025-03-02T16:41:30.000Z","2025-03-03T05:38:31.000Z","2025-03-03T05:38:31.000Z","46621","","t1v-n-1e4bc7f6-w-0","","e6e0216dcd172ce715fd489a56b2bb3563b1fef1","","","","false","false","gs://usc2-datacache/20250122-flattened-shuffled/starcoder","128","4","6442450944","128","3221225472","512MB","flattened","<|endoftext|>","content","path","<file_sep>","files","blob_id","<fim_middle>","true","<fim_pad>","false","false","false","<fim_prefix>","<>|","repo_name","<repo_name>","","<|router|>","false","<fim_suffix>","bigcode/starcoder2-3b","[""gs://usc-stack-v2/20250122-flattened-shuffled/shard-{00..58}.jsonl.gz""]","[""gs://usc-stack-v2/20250122-flattened-shuffled/shard-{59..60}.jsonl.gz""]","false","0","false","","","","","","","","","","","e6e0216dcd172ce715fd489a56b2bb3563b1fef1","bigcode/starcoder2-3b","0","gelu_new","SPLASH","","","MLP_ZERO_DOWN","0.01","MLP","512","true","5","3072","0.02","12288","0.00001","","","false","24","2","30","meta-llama/Llama-2-7b-hf","1","999999.4420358812","false","false","softmax","0.02","1","true","4096","true","false","true","true","true","","0.9","0.95","1e-8","cosine","1","0.1","0","0.01","0","true","gs://usc2-ckpt/starcoder2-3b-state-dicts","8","false","batch","true","gs://usc2-ckpt/starcoder2-3b-misc","[{""every"":10000}]","0:15:00","embed","nnumwqgp","true","true","logs","","512","1","jax.numpy.bfloat16","jax.numpy.bfloat16","jax.numpy.float32","500","4","4","false","100","false","5","true","true","1","1","true","0","false","10","[""mlp"",""heads""]","willandwill","rstarcoder_sweep_routed_mlp_25","levanter-seqmoe","allow","true","false","[""rstarcoder_sweep"",""routed_mlp""]","256","willandwill","rstarcoder_sweep_routed_mlp_25","levanter-seqmoe","allow","true","false","[""rstarcoder_sweep"",""routed_mlp""]","0","","tpu","0.6099317669868469","0.6099317669868469","","32","","","","","","","","","","","","","","","","","","","","","","","","","","","","","","4","1","0.01906992681324482","1.0000906769391805e-7","0.05558028444647789","0.0007028815452940762","3879828480","1","TPU v4","85.73402173799695","2.9859791341917403","124149250916352","370707.0727617619","0.157529825984966","33.70064297834199","1100000000000000","275000000000000","12230.570533649368","15859321909.05847","523239424","0.5663416981697083","0.5663416981697083","0.5663416981697083","","32","","","","","","","","","","","","","","","","","","","","","","","","","","","","","","302463","0.003259048971813172","849457152"
"rstarcoder_sweep_mlp_baseline_13","clte6o3c","finished","mlp_baseline, rstarcoder_sweep","0.6101008057594299","1","4096","1","false","true","false","0.000139","0","499","-","","","","2025-02-26T00:09:41.000Z","2025-02-27T02:00:33.000Z","2025-02-26T06:37:45.000Z","23284","","t1v-n-d227f627-w-0","","78ac2b232a3ea10a95b4fc0c98b3ed501f86fd6d","","","","false","false","gs://usc2-datacache/20250122-flattened-shuffled/starcoder","128","4","6442450944","128","3221225472","512MB","flattened","<|endoftext|>","content","path","<file_sep>","files","blob_id","<fim_middle>","true","<fim_pad>","false","false","false","<fim_prefix>","<>|","repo_name","<repo_name>","","<|router|>","false","<fim_suffix>","bigcode/starcoder2-3b","[""gs://usc-stack-v2/20250122-flattened-shuffled/shard-{00..58}.jsonl.gz""]","[""gs://usc-stack-v2/20250122-flattened-shuffled/shard-{59..60}.jsonl.gz""]","false","0","false","","","","","","","","","","","78ac2b232a3ea10a95b4fc0c98b3ed501f86fd6d","bigcode/starcoder2-3b","0","gelu_new","SPLASH","","","MLP_ZERO_DOWN","0.01","MLP","512","true","5","3072","0.02","12288","0.00001","","","false","24","2","30","meta-llama/Llama-2-7b-hf","1","999999.4420358812","false","false","softmax","0.02","1","true","4096","true","false","true","true","true","","0.9","0.95","1e-8","cosine","1","0.1","0","0.01","0","true","gs://usc2-ckpt/starcoder2-3b-state-dicts","8","false","batch","true","gs://usc2-ckpt/starcoder2-3b-misc","[{""every"":10000}]","0:15:00","embed","clte6o3c","true","true","logs","","512","1","jax.numpy.bfloat16","jax.numpy.bfloat16","jax.numpy.float32","500","4","4","false","100","false","5","true","true","1","1","true","0","false","10","[""mlp"",""heads""]","","rstarcoder_sweep_mlp_baseline_13","levanter-seqmoe","allow","true","false","[""rstarcoder_sweep"",""mlp_baseline""]","256","","rstarcoder_sweep_mlp_baseline_13","levanter-seqmoe","allow","true","false","[""rstarcoder_sweep"",""mlp_baseline""]","0","","tpu","0.6101008057594299","0.6101008057594299","","1","","","","","","","","","","","","","","","","","","","","","","","","","","","","","","4","1","0.024086620658636093","0.000013901259990234394","0.059928178787231445","0","3785349120","1","TPU v4","42.06491720996564","6.085831542760074","93111938187264","566663.5704275775","0.15301110997097567","51.51487003887068","1100000000000000","275000000000000","24927.565999145263","11894491431.793852","523239424","0.5674721598625183","0.5674721598625183","0.5674721002578735","","1","","","","","","","","","","","","","","","","","","","","","","","","","","","","","","302463","0.0028099300106987357","754977792"
"rstarcoder_sweep_mlp_flopeq_baseline_8","p3q5dvh7","finished","mlp_flopeq_baseline, rstarcoder_sweep","0.6109654307365417","1","512","1","false","true","false","0.000001","0","499","-","","","","2025-03-21T06:54:41.000Z","2025-03-21T19:28:08.000Z","2025-03-21T19:28:08.000Z","45207","","t1v-n-7e9aa5a6-w-0","","38c5ec219fc54912f227562e661d9e9a598d5454","","","","false","false","gs://usc2-datacache/20250122-flattened-shuffled/starcoder","128","4","6442450944","128","3221225472","512MB","flattened","<|endoftext|>","content","path","<file_sep>","files","blob_id","<fim_middle>","true","<fim_pad>","false","false","false","<fim_prefix>","<>|","repo_name","<repo_name>","","<|router|>","false","<fim_suffix>","bigcode/starcoder2-3b","[""gs://usc-stack-v2/20250122-flattened-shuffled/shard-{00..58}.jsonl.gz""]","[""gs://usc-stack-v2/20250122-flattened-shuffled/shard-{59..60}.jsonl.gz""]","false","0","false","","","","","","","","","","","38c5ec219fc54912f227562e661d9e9a598d5454","bigcode/starcoder2-3b","0","gelu_new","SPLASH","","","MLP_ZERO_DOWN","0.01","MLP","512","true","5","3072","0.02","12288","0.00001","","","false","24","2","30","meta-llama/Llama-2-7b-hf","1","999999.4420358812","false","false","softmax","0.02","1","true","4096","true","false","true","true","true","","0.9","0.95","1e-8","cosine","1","0.1","0","0.01","0","true","gs://usc2-ckpt/starcoder2-3b-state-dicts","8","false","batch","true","gs://usc2-ckpt/starcoder2-3b-misc","[{""every"":10000}]","0:15:00","embed","p3q5dvh7","true","true","logs","","512","1","jax.numpy.bfloat16","jax.numpy.bfloat16","jax.numpy.float32","500","4","4","false","100","false","5","true","true","1","1","true","0","false","10","[""mlp"",""heads""]","","rstarcoder_sweep_mlp_flopeq_baseline_8","levanter-seqmoe","allow","true","false","[""rstarcoder_sweep"",""mlp_flopeq_baseline""]","256","","rstarcoder_sweep_mlp_flopeq_baseline_8","levanter-seqmoe","allow","true","false","[""rstarcoder_sweep"",""mlp_flopeq_baseline""]","0","","tpu","0.6109791398048401","0.6109791398048401","","1","","","","","","","","","","","","","","","","","","","","","","","","","","","","","","4","1","0.16524313390254974","1.0000906769391805e-7","0.49352654814720154","0","3124746240","1","TPU v4","34.24074639915489","7.476472534089341","93111938187264","696148.8484529038","0.151709291851148","63.28625895026397","1100000000000000","275000000000000","30623.63149962994","11894491431.793852","523239424","0.5673919916152954","0.5673919916152954","0.5673919320106506","","1","","","","","","","","","","","","","","","","","","","","","","","","","","","","","","302463","0.0030261001083999872","94374912"
"rstarcoder_sweep_mlp_baseline_14","r4sm2yog","finished","mlp_baseline, rstarcoder_sweep","0.6110870242118835","1","4096","1","false","true","false","0.000373","0","499","-","","","","2025-02-26T10:33:17.000Z","2025-02-27T02:00:32.000Z","2025-02-26T17:09:18.000Z","23761","","t1v-n-a1307b98-w-0","","78ac2b232a3ea10a95b4fc0c98b3ed501f86fd6d","","","","false","false","gs://usc2-datacache/20250122-flattened-shuffled/starcoder","128","4","6442450944","128","3221225472","512MB","flattened","<|endoftext|>","content","path","<file_sep>","files","blob_id","<fim_middle>","true","<fim_pad>","false","false","false","<fim_prefix>","<>|","repo_name","<repo_name>","","<|router|>","false","<fim_suffix>","bigcode/starcoder2-3b","[""gs://usc-stack-v2/20250122-flattened-shuffled/shard-{00..58}.jsonl.gz""]","[""gs://usc-stack-v2/20250122-flattened-shuffled/shard-{59..60}.jsonl.gz""]","false","0","false","","","","","","","","","","","78ac2b232a3ea10a95b4fc0c98b3ed501f86fd6d","bigcode/starcoder2-3b","0","gelu_new","SPLASH","","","MLP_ZERO_DOWN","0.01","MLP","512","true","5","3072","0.02","12288","0.00001","","","false","24","2","30","meta-llama/Llama-2-7b-hf","1","999999.4420358812","false","false","softmax","0.02","1","true","4096","true","false","true","true","true","","0.9","0.95","1e-8","cosine","1","0.1","0","0.01","0","true","gs://usc2-ckpt/starcoder2-3b-state-dicts","8","false","batch","true","gs://usc2-ckpt/starcoder2-3b-misc","[{""every"":10000}]","0:15:00","embed","r4sm2yog","true","true","logs","","512","1","jax.numpy.bfloat16","jax.numpy.bfloat16","jax.numpy.float32","500","4","4","false","100","false","5","true","true","1","1","true","0","false","10","[""mlp"",""heads""]","","rstarcoder_sweep_mlp_baseline_14","levanter-seqmoe","allow","true","false","[""rstarcoder_sweep"",""mlp_baseline""]","256","","rstarcoder_sweep_mlp_baseline_14","levanter-seqmoe","allow","true","false","[""rstarcoder_sweep"",""mlp_baseline""]","0","","tpu","0.6111433506011963","0.6111433506011963","","1","","","","","","","","","","","","","","","","","","","","","","","","","","","","","","4","1","0.01657794788479805","0.00003730337994056754","0.0363335981965065","0","3785349120","1","TPU v4","42.065570289996685","6.085737058481709","93111938187264","566654.7728132907","0.16727038500539493","51.51407025575371","1100000000000000","275000000000000","24927.17899154108","11894491431.793852","523239424","0.5679163932800293","0.5679163932800293","0.5679162740707397","","1","","","","","","","","","","","","","","","","","","","","","","","","","","","","","","302463","0.0032955189963104203","754977792"
"rstarcoder_sweep_fullft_noanneal_0","menldnji","finished","full_ft_noanneal, rstarcoder_sweep","0.616852879524231","1","128","1","true","false","false","0.00003","0","349","-","","","","2025-03-21T16:52:44.000Z","2025-03-21T21:30:47.000Z","2025-03-21T21:30:47.000Z","16683","","t1v-n-5a2f0ca3-w-0","","38c5ec219fc54912f227562e661d9e9a598d5454","","","","false","false","gs://usc2-datacache/20250122-flattened-shuffled/starcoder","128","4","6442450944","128","3221225472","512MB","flattened","<|endoftext|>","content","path","<file_sep>","files","blob_id","<fim_middle>","true","<fim_pad>","true","true","false","<fim_prefix>","<>|","repo_name","<repo_name>","","<|router|>","false","<fim_suffix>","bigcode/starcoder2-3b","[""gs://usc-stack-v2/20250122-flattened-shuffled/shard-{00..58}.jsonl.gz""]","[""gs://usc-stack-v2/20250122-flattened-shuffled/shard-{59..60}.jsonl.gz""]","false","0","true","","","","","","","","","","","38c5ec219fc54912f227562e661d9e9a598d5454","bigcode/starcoder2-3b","0","gelu_new","SPLASH","","","MLP_ZERO_DOWN","0.01","MLP","512","true","5","3072","0.02","12288","0.00001","","","false","24","2","30","meta-llama/Llama-2-7b-hf","1","999999.4420358812","false","false","softmax","0.02","1","true","4096","true","false","true","true","true","","0.9","0.95","1e-8","constant","1","0.1","0","0.01","0","true","gs://usc2-ckpt/starcoder2-3b-state-dicts","8","false","batch","true","gs://usc2-ckpt/starcoder2-3b-misc","[{""every"":10000}]","0:15:00","embed","menldnji","true","true","logs","","512","1","jax.numpy.bfloat16","jax.numpy.bfloat16","jax.numpy.float32","350","4","4","false","100","false","5","true","true","1","1","true","0","false","10","[""mlp"",""heads""]","","rstarcoder_sweep_fullft_noanneal_0","levanter-seqmoe","allow","true","false","[""rstarcoder_sweep"",""full_ft_noanneal""]","256","","rstarcoder_sweep_fullft_noanneal_0","levanter-seqmoe","allow","true","false","[""rstarcoder_sweep"",""full_ft_noanneal""]","0","","tpu","0.7864488363265991","0.7864488363265991","","","","","","","","","","","","","","","","","","","","","","","","","","","","","","","","4","1","0.02818138524889946","0.000029999999242136255","0.20963320136070251","0","3053967360","1","TPU v4","42.92806128099619","5.963465210420033","124149250916352","740359.7387393725","0.16226672599441372","67.3054307944884","1100000000000000","275000000000000","24426.353501880458","11091990673.870554","365953024","0.7904422283172607","0.5974927544593811","0.7904424071311951","","","","","","","","","","","","","","","","","","","","","","","","","","","","","","","","858496","0.003201740000804421","3053967360"
"rstarcoder_sweep_fullft_completion_0","ow3sb35r","finished","full_ft_completion, rstarcoder_sweep","0.624617874622345","1","128","1","true","false","false","0.00003","0","349","-","","","","2025-03-22T05:21:34.000Z","2025-03-22T10:00:24.000Z","2025-03-22T10:00:24.000Z","16730","","t1v-n-b71e9d20-w-0","","38c5ec219fc54912f227562e661d9e9a598d5454","","","","false","false","gs://usc2-datacache/20250122-flattened-shuffled/starcoder","128","4","6442450944","128","3221225472","512MB","flattened","<|endoftext|>","content","path","<file_sep>","files","blob_id","<fim_middle>","true","<fim_pad>","false","false","false","<fim_prefix>","<>|","repo_name","<repo_name>","","<|router|>","false","<fim_suffix>","bigcode/starcoder2-3b","[""gs://usc-stack-v2/20250122-flattened-shuffled/shard-{00..58}.jsonl.gz""]","[""gs://usc-stack-v2/20250122-flattened-shuffled/shard-{59..60}.jsonl.gz""]","false","0","true","","","","","","","","","","","38c5ec219fc54912f227562e661d9e9a598d5454","bigcode/starcoder2-3b","0","gelu_new","SPLASH","","","MLP_ZERO_DOWN","0.01","MLP","512","true","5","3072","0.02","12288","0.00001","","","false","24","2","30","meta-llama/Llama-2-7b-hf","1","999999.4420358812","false","false","softmax","0.02","1","true","4096","true","false","true","true","true","","0.9","0.95","1e-8","constant","1","0.1","0","0.01","0","true","gs://usc2-ckpt/starcoder2-3b-state-dicts","8","false","batch","true","gs://usc2-ckpt/starcoder2-3b-misc","[{""every"":10000}]","0:15:00","embed","ow3sb35r","true","true","logs","","512","1","jax.numpy.bfloat16","jax.numpy.bfloat16","jax.numpy.float32","350","4","4","false","100","false","5","true","true","1","1","true","0","false","10","[""mlp"",""heads""]","","rstarcoder_sweep_fullft_completion_0","levanter-seqmoe","allow","true","false","[""rstarcoder_sweep"",""full_ft_completion""]","256","","rstarcoder_sweep_fullft_completion_0","levanter-seqmoe","allow","true","false","[""rstarcoder_sweep"",""full_ft_completion""]","0","","tpu","0.630365788936615","0.630365788936615","","","","","","","","","","","","","","","","","","","","","","","","","","","","","","","","4","1","0.042484939098358154","0.000029999999242136255","0.29525771737098694","0","3053967360","1","TPU v4","42.9280382799916","5.963468405667153","124149250916352","740360.135426909","0.16432793300191406","67.30546685699173","1100000000000000","275000000000000","24426.36658961266","11091990673.870554","365953024","0.6077006459236145","0.6077006459236145","0.6077006459236145","","","","","","","","","","","","","","","","","","","","","","","","","","","","","","","","281027","0.0033804000122472644","3053967360"
