"Name","Commit","Created","Runtime","End Time","Hostname","ID","Notes","Updated","Tags","git_commit","lb_loss_weight","model.expert_bias_update_rate","trainer.allow_partial_checkpoint","trainer.id","trainer.tracker.entity","trainer.tracker.name","trainer.tracker.tags","trainer.wandb.entity","trainer.wandb.name","trainer.wandb.tags","eval/all_lm_loss","eval/completion_loss","eval/loss","eval/router/lb_loss","eval/router/used_count","eval/router/z_loss","optim/avg_grad_norm","optim/max_grad_norm","optim/min_grad_norm","throughput/duration","throughput/examples_per_second","throughput/gflops_per_second","throughput/loading_time","throughput/mfu","throughput/tokens_per_second","train/all_lm_loss","train/completion_loss","train/loss","train/router/lb_loss","train/router/used_count","train/router/z_loss","train/throughput/hook_time","State","User","Group","Job Type","Sweep","Description","GitHub","GPU Count","GPU Type","data.add_router_token","data.always_include_file_sep","data.cache_dir","data.cache_options.batch_size","data.cache_options.final_copy_cpus","data.cache_options.final_copy_memory","data.cache_options.num_shard_groups","data.cache_options.shard_tokenize_memory","data.cache_options.target_size_per_flush","data.data_format","data.eos_token","data.file_content_field","data.file_path_field","data.file_sep_token","data.files_field","data.id_field","data.middle_token","data.pack","data.pad_token","data.predict_fim_token","data.predict_prefix","data.predict_router_token","data.prefix_token","data.replacer_trim_chars","data.repo_name_field","data.repo_name_token","data.route_every_k_tokens","data.router_token","data.shuffle","data.suffix_token","data.tokenizer","data.train_urls","data.validation_urls","embedding_router_token_ft","epoch","full_ft","full_ft_base_weights_optimizer.beta1","full_ft_base_weights_optimizer.beta2","full_ft_base_weights_optimizer.epsilon","full_ft_base_weights_optimizer.learning_rate","full_ft_base_weights_optimizer.lr_schedule","full_ft_base_weights_optimizer.max_grad_norm","full_ft_base_weights_optimizer.min_lr_ratio","full_ft_base_weights_optimizer.rewarmup","full_ft_base_weights_optimizer.warmup","full_ft_base_weights_optimizer.weight_decay","initialize_from_hf","model.activation_function","model.attn_backend","model.disable_expert_mask","model.divide_by_topk","model.expert_init","model.expert_init_scale","model.expert_rank","model.expert_type","model.flash_attention_block_size","model.gradient_checkpointing","model.gradient_checkpointing_block_size","model.hidden_dim","model.ident_expert_mask","model.initializer_range","model.intermediate_dim","model.layer_norm_epsilon","model.lossless_exp_bias_update_rate","model.max_window_layers","model.mult_by_topk","model.num_experts","model.num_heads","model.num_kv_heads","model.num_layers","model.prefill_expert","model.reference_checkpoint","model.rope.factor","model.rope.theta","model.route_each_layer","model.router_act_before_topk","model.router_activation","model.router_init_scale","model.scale","model.scan_layers","model.seq_len","model.tie_word_embeddings","model.top_k","model.upcast_attn","model.use_bias","model.use_flash_attention","model.use_layer_norm_weight","model.use_sliding_window","optimizer.beta1","optimizer.beta2","optimizer.epsilon","optimizer.learning_rate","optimizer.lr_schedule","optimizer.max_grad_norm","optimizer.min_lr_ratio","optimizer.rewarmup","optimizer.warmup","optimizer.weight_decay","router_z_loss_normalize_by_seqlen","router_z_loss_weight","save_torch_state_path","trainer.abort_if_loss_above","trainer.batch_axis","trainer.checkpointer.append_run_id_to_base_path","trainer.checkpointer.base_path","trainer.checkpointer.keep","trainer.checkpointer.save_interval","trainer.fsdp_axis","trainer.jax_config.jax_softmax_custom_jvp","trainer.jax_config.jax_threefry_partitionable","trainer.log_dir","trainer.max_eval_batches","trainer.max_eval_samples","trainer.model_axis_size","trainer.mp.compute_dtype","trainer.mp.output_dtype","trainer.mp.param_dtype","trainer.num_train_steps","trainer.per_device_eval_parallelism","trainer.per_device_parallelism","trainer.profiler","trainer.profiler_num_steps","trainer.profiler_perfetto_link","trainer.profiler_start_step","trainer.ray.auto_start_cluster","trainer.ray.start_workers","trainer.replica_dcn_axis_size","trainer.replica_ici_axis_size","trainer.require_accelerator","trainer.seed","trainer.shutdown_at_exit","trainer.steps_per_eval","trainer.tensor_parallel_axes","trainer.tracker.project","trainer.tracker.resume","trainer.tracker.save_code","trainer.tracker.save_xla_dumps","trainer.train_batch_size","trainer.wandb.project","trainer.wandb.resume","trainer.wandb.save_code","trainer.wandb.save_xla_dumps","z_loss_weight","aborted","backend","eval/completion_loss (Min)","eval/router/used_count_00","eval/router/used_count_01","eval/router/used_count_02","eval/router/used_count_03","eval/router/used_count_04","eval/router/used_count_05","eval/router/used_count_06","eval/router/used_count_07","eval/router/used_count_08","eval/router/used_count_09","eval/router/used_count_10","eval/router/used_count_11","eval/router/used_count_12","eval/router/used_count_13","eval/router/used_count_14","eval/router/used_count_15","eval/router/used_count_16","eval/router/used_count_17","eval/router/used_count_18","eval/router/used_count_19","eval/router/used_count_20","eval/router/used_count_21","eval/router/used_count_22","eval/router/used_count_23","eval/router/used_count_24","eval/router/used_count_25","eval/router/used_count_26","eval/router/used_count_27","global_step","num_devices","num_hosts","optim/learning_rate","parameter_count","run_progress","throughput/device_kind","throughput/flops_per_example","throughput/theoretical_flops","throughput/theoretical_flops_per_device","throughput/total_gflops","throughput/total_tokens","train/router/used_count_00","train/router/used_count_01","train/router/used_count_02","train/router/used_count_03","train/router/used_count_04","train/router/used_count_05","train/router/used_count_06","train/router/used_count_07","train/router/used_count_08","train/router/used_count_09","train/router/used_count_10","train/router/used_count_11","train/router/used_count_12","train/router/used_count_13","train/router/used_count_14","train/router/used_count_15","train/router/used_count_16","train/router/used_count_17","train/router/used_count_18","train/router/used_count_19","train/router/used_count_20","train/router/used_count_21","train/router/used_count_22","train/router/used_count_23","train/router/used_count_24","train/router/used_count_25","train/router/used_count_26","train/router/used_count_27","train/seen_tokens","trainable_params"
"rstarcoder_will_sweep_high_batch_7","09f5c52517e9d133b6304fc134404405bfa61886","2025-03-25T18:22:04.000Z","44578","2025-03-26T06:45:02.000Z","t1v-n-d56cf1d8-w-0","dutro7mx","-","2025-03-26T06:45:02.000Z","high_batch, rstarcoder_will_sweep","09f5c52517e9d133b6304fc134404405bfa61886","0","","false","dutro7mx","","rstarcoder_will_sweep_high_batch_7","[""rstarcoder_will_sweep"",""high_batch""]","","rstarcoder_will_sweep_high_batch_7","[""rstarcoder_will_sweep"",""high_batch""]","0.6056197285652161","0.6056197285652161","0.6056197285652161","","31","","0.0065502021461725235","0.01690424047410488","0.00009216522448696196","342.33177398300177","2.9912502368268217","371361.4762054104","1.9698562580015275","33.76013420049186","12252.160970042662","0.560893714427948","0.560893714427948","0.5608936548233032","","31","","0.0037299890027497895","finished","","","","","","","","","false","false","gs://usc2-datacache/20250122-flattened-shuffled/starcoder","128","4","6442450944","128","3221225472","512MB","flattened","<|endoftext|>","content","path","<file_sep>","files","blob_id","<fim_middle>","true","<fim_pad>","false","false","false","<fim_prefix>","<>|","repo_name","<repo_name>","","<|router|>","false","<fim_suffix>","bigcode/starcoder2-3b","[""gs://usc-stack-v2/20250122-flattened-shuffled/shard-{00..58}.jsonl.gz""]","[""gs://usc-stack-v2/20250122-flattened-shuffled/shard-{59..60}.jsonl.gz""]","false","0","false","","","","","","","","","","","bigcode/starcoder2-3b","gelu_new","SPLASH","false","","MLP_ZERO_DOWN","0.01","128","MLP","512","true","5","3072","false","0.02","12288","0.00001","","","false","32","24","2","30","true","meta-llama/Llama-2-7b-hf","1","999999.4420358812","false","false","softmax","0.02","1","true","4096","true","4","false","true","true","true","","0.9","0.95","1e-8","0.0001","cosine","1","0.1","0","0.01","0","true","0","gs://usc2-ckpt/starcoder2-3b-state-dicts","8","batch","true","gs://usc2-ckpt/starcoder2-3b-misc","[{""every"":10000}]","0:15:00","embed","true","true","logs","","512","1","jax.numpy.bfloat16","jax.numpy.bfloat16","jax.numpy.float32","125","4","4","false","100","false","5","true","true","1","1","true","0","false","10","[""mlp"",""heads""]","levanter-seqmoe","allow","true","false","1024","levanter-seqmoe","allow","true","false","0","","tpu","0.6056114435195923","","","","","","","","","","","","","","","","","","","","","","","","","","","","","124","4","1","0.000010014440704253502","3879828480","1","TPU v4","124149250916352","1100000000000000","275000000000000","15763975284.354712","520093696","","","","","","","","","","","","","","","","","","","","","","","","","","","","","1159633","849457152"
"rstarcoder_will_sweep_high_batch_4","09f5c52517e9d133b6304fc134404405bfa61886","2025-03-25T18:07:05.000Z","45138","2025-03-26T06:39:23.000Z","t1v-n-551a1e33-w-0","kqppxzhv","-","2025-03-26T06:39:23.000Z","high_batch, rstarcoder_will_sweep","09f5c52517e9d133b6304fc134404405bfa61886","0","","false","kqppxzhv","","rstarcoder_will_sweep_high_batch_4","[""rstarcoder_will_sweep"",""high_batch""]","","rstarcoder_will_sweep_high_batch_4","[""rstarcoder_will_sweep"",""high_batch""]","0.6140664219856262","0.6140664219856262","0.6140664219856262","","32","","0.01803782396018505","0.046846989542245865","0.00306647177785635","171.51609106700198","2.9851426581310645","370603.2248854195","0.5731899689999409","33.69120226231087","12227.14432770484","0.5706049799919128","0.5706049799919128","0.5706050395965576","","32","","0.0027333689940860495","finished","","","","","","","","","false","false","gs://usc2-datacache/20250122-flattened-shuffled/starcoder","128","4","6442450944","128","3221225472","512MB","flattened","<|endoftext|>","content","path","<file_sep>","files","blob_id","<fim_middle>","true","<fim_pad>","false","false","false","<fim_prefix>","<>|","repo_name","<repo_name>","","<|router|>","false","<fim_suffix>","bigcode/starcoder2-3b","[""gs://usc-stack-v2/20250122-flattened-shuffled/shard-{00..58}.jsonl.gz""]","[""gs://usc-stack-v2/20250122-flattened-shuffled/shard-{59..60}.jsonl.gz""]","false","0","false","","","","","","","","","","","bigcode/starcoder2-3b","gelu_new","SPLASH","false","","MLP_ZERO_DOWN","0.01","128","MLP","512","true","5","3072","false","0.02","12288","0.00001","","","false","32","24","2","30","true","meta-llama/Llama-2-7b-hf","1","999999.4420358812","false","false","softmax","0.02","1","true","4096","true","4","false","true","true","true","","0.9","0.95","1e-8","0.000001","cosine","1","0.1","0","0.01","0","true","0","gs://usc2-ckpt/starcoder2-3b-state-dicts","8","batch","true","gs://usc2-ckpt/starcoder2-3b-misc","[{""every"":10000}]","0:15:00","embed","true","true","logs","","512","1","jax.numpy.bfloat16","jax.numpy.bfloat16","jax.numpy.float32","250","4","4","false","100","false","5","true","true","1","1","true","0","false","10","[""mlp"",""heads""]","levanter-seqmoe","allow","true","false","512","levanter-seqmoe","allow","true","false","0","","tpu","0.6140664219856262","","","","","","","","","","","","","","","","","","","","","","","","","","","","","249","4","1","1.0003610384501373e-7","3879828480","1","TPU v4","124149250916352","1100000000000000","275000000000000","15827539700.823883","522190848","","","","","","","","","","","","","","","","","","","","","","","","","","","","","587002","849457152"
"rstarcoder_will_sweep_high_batch_12","09f5c52517e9d133b6304fc134404405bfa61886","2025-03-25T17:48:45.000Z","43757","2025-03-26T05:58:02.000Z","t1v-n-cb639367-w-0","srtpolfk","-","2025-03-26T05:58:02.000Z","high_batch, rstarcoder_will_sweep","09f5c52517e9d133b6304fc134404405bfa61886","0","","false","srtpolfk","","rstarcoder_will_sweep_high_batch_12","[""rstarcoder_will_sweep"",""high_batch""]","","rstarcoder_will_sweep_high_batch_12","[""rstarcoder_will_sweep"",""high_batch""]","0.605942964553833","0.605942964553833","0.605942964553833","","32","","0.00516003742814064","0.013653193600475788","0.00014884807751514018","683.5114250120023","2.9962922711409505","371987.44098860415","3.0548593389976304","33.8170400898731","12272.813142593332","0.5775099396705627","0.5775099396705627","0.5775102376937866","","32","","0.004353809003077913","finished","","","","","","","","","false","false","gs://usc2-datacache/20250122-flattened-shuffled/starcoder","128","4","6442450944","128","3221225472","512MB","flattened","<|endoftext|>","content","path","<file_sep>","files","blob_id","<fim_middle>","true","<fim_pad>","false","false","false","<fim_prefix>","<>|","repo_name","<repo_name>","","<|router|>","false","<fim_suffix>","bigcode/starcoder2-3b","[""gs://usc-stack-v2/20250122-flattened-shuffled/shard-{00..58}.jsonl.gz""]","[""gs://usc-stack-v2/20250122-flattened-shuffled/shard-{59..60}.jsonl.gz""]","false","0","false","","","","","","","","","","","bigcode/starcoder2-3b","gelu_new","SPLASH","false","","MLP_ZERO_DOWN","0.01","128","MLP","512","true","5","3072","false","0.02","12288","0.00001","","","false","32","24","2","30","true","meta-llama/Llama-2-7b-hf","1","999999.4420358812","false","false","softmax","0.02","1","true","4096","true","4","false","true","true","true","","0.9","0.95","1e-8","0.0001","cosine","1","0.1","0","0.01","0","true","0","gs://usc2-ckpt/starcoder2-3b-state-dicts","8","batch","true","gs://usc2-ckpt/starcoder2-3b-misc","[{""every"":10000}]","0:15:00","embed","true","true","logs","","512","1","jax.numpy.bfloat16","jax.numpy.bfloat16","jax.numpy.float32","62","4","4","false","100","false","5","true","true","1","1","true","0","false","10","[""mlp"",""heads""]","levanter-seqmoe","allow","true","false","2048","levanter-seqmoe","allow","true","false","0","","tpu","0.605942964553833","","","","","","","","","","","","","","","","","","","","","","","","","","","","","61","4","1","0.000010057758117909543","3879828480","1","TPU v4","124149250916352","1100000000000000","275000000000000","15509717618.478024","511705088","","","","","","","","","","","","","","","","","","","","","","","","","","","","","2239239","849457152"
"rstarcoder_will_sweep_high_batch_10","09f5c52517e9d133b6304fc134404405bfa61886","2025-03-25T17:42:59.000Z","19228","2025-03-25T23:03:27.000Z","t1v-n-6aba38f0-w-0","uhnjavwr","-","2025-03-25T23:03:27.000Z","high_batch, rstarcoder_will_sweep","09f5c52517e9d133b6304fc134404405bfa61886","0","","false","uhnjavwr","","rstarcoder_will_sweep_high_batch_10","[""rstarcoder_will_sweep"",""high_batch""]","","rstarcoder_will_sweep_high_batch_10","[""rstarcoder_will_sweep"",""high_batch""]","11.940009117126465","11.940009117126465","11.940009117126465","","4","","44.51985168457031","103.84579467773438","6.549882411956787","683.2264211909999","2.9975421565663805","372142.6133279025","4.39101327100002","33.831146666172955","12277.932673295894","20.408239364624023","20.408239364624023","20.40824317932129","","5","","0.0497699970001122","finished","","","","","","","","","false","false","gs://usc2-datacache/20250122-flattened-shuffled/starcoder","128","4","6442450944","128","3221225472","512MB","flattened","<|endoftext|>","content","path","<file_sep>","files","blob_id","<fim_middle>","true","<fim_pad>","false","false","false","<fim_prefix>","<>|","repo_name","<repo_name>","","<|router|>","false","<fim_suffix>","bigcode/starcoder2-3b","[""gs://usc-stack-v2/20250122-flattened-shuffled/shard-{00..58}.jsonl.gz""]","[""gs://usc-stack-v2/20250122-flattened-shuffled/shard-{59..60}.jsonl.gz""]","false","0","false","","","","","","","","","","","bigcode/starcoder2-3b","gelu_new","SPLASH","false","","MLP_ZERO_DOWN","0.01","128","MLP","512","true","5","3072","false","0.02","12288","0.00001","","","false","32","24","2","30","true","meta-llama/Llama-2-7b-hf","1","999999.4420358812","false","false","softmax","0.02","1","true","4096","true","4","false","true","true","true","","0.9","0.95","1e-8","0.01","cosine","1","0.1","0","0.01","0","true","0","gs://usc2-ckpt/starcoder2-3b-state-dicts","8","batch","true","gs://usc2-ckpt/starcoder2-3b-misc","[{""every"":10000}]","0:15:00","embed","true","true","logs","","512","1","jax.numpy.bfloat16","jax.numpy.bfloat16","jax.numpy.float32","62","4","4","false","100","false","5","true","true","1","1","true","0","false","10","[""mlp"",""heads""]","levanter-seqmoe","allow","true","false","2048","levanter-seqmoe","allow","true","false","0","true","tpu","11.940009117126465","","","","","","","","","","","","","","","","","","","","","","","","","","","","","1","4","1","0.009994224645197392","3879828480","0.03225806451612903","TPU v4","124149250916352","1100000000000000","275000000000000","254257665.8766889","8388608","","","","","","","","","","","","","","","","","","","","","","","","","","","","","2197528","849457152"
"rstarcoder_will_sweep_high_batch_11","09f5c52517e9d133b6304fc134404405bfa61886","2025-03-25T17:42:35.000Z","43684","2025-03-26T05:50:39.000Z","t1v-n-f6ebe75a-w-0","l45dszuz","-","2025-03-26T05:50:39.000Z","high_batch, rstarcoder_will_sweep","09f5c52517e9d133b6304fc134404405bfa61886","0","","false","l45dszuz","","rstarcoder_will_sweep_high_batch_11","[""rstarcoder_will_sweep"",""high_batch""]","","rstarcoder_will_sweep_high_batch_11","[""rstarcoder_will_sweep"",""high_batch""]","0.6081786155700684","0.6081786155700684","0.6081786155700684","","9","","0.0038232540246099234","0.007886231876909733","1.600872576794604e-15","683.2791122540002","2.997311001128163","372113.91555340256","2.6365785309972125","33.82853777758205","12276.985860620956","0.579616367816925","0.579616367816925","0.5796162486076355","","9","","0.00468601900502108","finished","","","","","","","","","false","false","gs://usc2-datacache/20250122-flattened-shuffled/starcoder","128","4","6442450944","128","3221225472","512MB","flattened","<|endoftext|>","content","path","<file_sep>","files","blob_id","<fim_middle>","true","<fim_pad>","false","false","false","<fim_prefix>","<>|","repo_name","<repo_name>","","<|router|>","false","<fim_suffix>","bigcode/starcoder2-3b","[""gs://usc-stack-v2/20250122-flattened-shuffled/shard-{00..58}.jsonl.gz""]","[""gs://usc-stack-v2/20250122-flattened-shuffled/shard-{59..60}.jsonl.gz""]","false","0","false","","","","","","","","","","","bigcode/starcoder2-3b","gelu_new","SPLASH","false","","MLP_ZERO_DOWN","0.01","128","MLP","512","true","5","3072","false","0.02","12288","0.00001","","","false","32","24","2","30","true","meta-llama/Llama-2-7b-hf","1","999999.4420358812","false","false","softmax","0.02","1","true","4096","true","4","false","true","true","true","","0.9","0.95","1e-8","0.001","cosine","1","0.1","0","0.01","0","true","0","gs://usc2-ckpt/starcoder2-3b-state-dicts","8","batch","true","gs://usc2-ckpt/starcoder2-3b-misc","[{""every"":10000}]","0:15:00","embed","true","true","logs","","512","1","jax.numpy.bfloat16","jax.numpy.bfloat16","jax.numpy.float32","62","4","4","false","100","false","5","true","true","1","1","true","0","false","10","[""mlp"",""heads""]","levanter-seqmoe","allow","true","false","2048","levanter-seqmoe","allow","true","false","0","","tpu","0.6081447601318359","","","","","","","","","","","","","","","","","","","","","","","","","","","","","61","4","1","0.00010057759209303184","3879828480","1","TPU v4","124149250916352","1100000000000000","275000000000000","15509717618.478024","511705088","","","","","","","","","","","","","","","","","","","","","","","","","","","","","2239239","849457152"
"rstarcoder_will_sweep_high_batch_6","09f5c52517e9d133b6304fc134404405bfa61886","2025-03-25T17:42:27.000Z","44380","2025-03-26T06:02:07.000Z","t1v-n-d2543852-w-0","yrrplpk6","-","2025-03-26T06:02:07.000Z","high_batch, rstarcoder_will_sweep","09f5c52517e9d133b6304fc134404405bfa61886","0","","false","yrrplpk6","","rstarcoder_will_sweep_high_batch_6","[""rstarcoder_will_sweep"",""high_batch""]","","rstarcoder_will_sweep_high_batch_6","[""rstarcoder_will_sweep"",""high_batch""]","0.6064580082893372","0.6064580082893372","0.6064580082893372","","8","","0.004377670586109161","0.008087903261184692","1.1310823111454481e-10","342.2853733120064","2.9916557347794823","371411.8184724814","1.889304752003227","33.764710770225584","12253.82188965676","0.5617359280586243","0.5617359280586243","0.5617361664772034","","12","","0.0033092200028477237","finished","","","","","","","","","false","false","gs://usc2-datacache/20250122-flattened-shuffled/starcoder","128","4","6442450944","128","3221225472","512MB","flattened","<|endoftext|>","content","path","<file_sep>","files","blob_id","<fim_middle>","true","<fim_pad>","false","false","false","<fim_prefix>","<>|","repo_name","<repo_name>","","<|router|>","false","<fim_suffix>","bigcode/starcoder2-3b","[""gs://usc-stack-v2/20250122-flattened-shuffled/shard-{00..58}.jsonl.gz""]","[""gs://usc-stack-v2/20250122-flattened-shuffled/shard-{59..60}.jsonl.gz""]","false","0","false","","","","","","","","","","","bigcode/starcoder2-3b","gelu_new","SPLASH","false","","MLP_ZERO_DOWN","0.01","128","MLP","512","true","5","3072","false","0.02","12288","0.00001","","","false","32","24","2","30","true","meta-llama/Llama-2-7b-hf","1","999999.4420358812","false","false","softmax","0.02","1","true","4096","true","4","false","true","true","true","","0.9","0.95","1e-8","0.001","cosine","1","0.1","0","0.01","0","true","0","gs://usc2-ckpt/starcoder2-3b-state-dicts","8","batch","true","gs://usc2-ckpt/starcoder2-3b-misc","[{""every"":10000}]","0:15:00","embed","true","true","logs","","512","1","jax.numpy.bfloat16","jax.numpy.bfloat16","jax.numpy.float32","125","4","4","false","100","false","5","true","true","1","1","true","0","false","10","[""mlp"",""heads""]","levanter-seqmoe","allow","true","false","1024","levanter-seqmoe","allow","true","false","0","","tpu","0.6064580082893372","","","","","","","","","","","","","","","","","","","","","","","","","","","","","124","4","1","0.00010014441068051384","3879828480","1","TPU v4","124149250916352","1100000000000000","275000000000000","15763975284.354712","520093696","","","","","","","","","","","","","","","","","","","","","","","","","","","","","1159633","849457152"
"rstarcoder_will_sweep_high_batch_8","09f5c52517e9d133b6304fc134404405bfa61886","2025-03-25T17:42:07.000Z","44446","2025-03-26T06:02:53.000Z","t1v-n-c36b8a73-w-0","wdobrupv","-","2025-03-26T06:02:53.000Z","high_batch, rstarcoder_will_sweep","09f5c52517e9d133b6304fc134404405bfa61886","0","","false","wdobrupv","","rstarcoder_will_sweep_high_batch_8","[""rstarcoder_will_sweep"",""high_batch""]","","rstarcoder_will_sweep_high_batch_8","[""rstarcoder_will_sweep"",""high_batch""]","0.6078656911849976","0.6078656911849976","0.6078656911849976","","32","","0.0105448542162776","0.02985520102083683","0.000820610614027828","342.5473873500014","2.9893674213130614","371127.7260697634","1.9082808110033511","33.73888418816031","12244.4489576983","0.5631092190742493","0.5631092190742493","0.5631090998649597","","32","","0.004471978994843084","finished","","","","","","","","","false","false","gs://usc2-datacache/20250122-flattened-shuffled/starcoder","128","4","6442450944","128","3221225472","512MB","flattened","<|endoftext|>","content","path","<file_sep>","files","blob_id","<fim_middle>","true","<fim_pad>","false","false","false","<fim_prefix>","<>|","repo_name","<repo_name>","","<|router|>","false","<fim_suffix>","bigcode/starcoder2-3b","[""gs://usc-stack-v2/20250122-flattened-shuffled/shard-{00..58}.jsonl.gz""]","[""gs://usc-stack-v2/20250122-flattened-shuffled/shard-{59..60}.jsonl.gz""]","false","0","false","","","","","","","","","","","bigcode/starcoder2-3b","gelu_new","SPLASH","false","","MLP_ZERO_DOWN","0.01","128","MLP","512","true","5","3072","false","0.02","12288","0.00001","","","false","32","24","2","30","true","meta-llama/Llama-2-7b-hf","1","999999.4420358812","false","false","softmax","0.02","1","true","4096","true","4","false","true","true","true","","0.9","0.95","1e-8","0.00001","cosine","1","0.1","0","0.01","0","true","0","gs://usc2-ckpt/starcoder2-3b-state-dicts","8","batch","true","gs://usc2-ckpt/starcoder2-3b-misc","[{""every"":10000}]","0:15:00","embed","true","true","logs","","512","1","jax.numpy.bfloat16","jax.numpy.bfloat16","jax.numpy.float32","125","4","4","false","100","false","5","true","true","1","1","true","0","false","10","[""mlp"",""heads""]","levanter-seqmoe","allow","true","false","1024","levanter-seqmoe","allow","true","false","0","","tpu","0.6078096628189087","","","","","","","","","","","","","","","","","","","","","","","","","","","","","124","4","1","0.0000010014440476879829","3879828480","1","TPU v4","124149250916352","1100000000000000","275000000000000","15763975284.354712","520093696","","","","","","","","","","","","","","","","","","","","","","","","","","","","","1159633","849457152"
"rstarcoder_will_sweep_high_batch_5","09f5c52517e9d133b6304fc134404405bfa61886","2025-03-25T17:41:49.000Z","1467","2025-03-25T18:06:16.000Z","t1v-n-551a1e33-w-0","2mblk36g","-","2025-03-25T18:06:16.000Z","high_batch, rstarcoder_will_sweep","09f5c52517e9d133b6304fc134404405bfa61886","0","","false","2mblk36g","","rstarcoder_will_sweep_high_batch_5","[""rstarcoder_will_sweep"",""high_batch""]","","rstarcoder_will_sweep_high_batch_5","[""rstarcoder_will_sweep"",""high_batch""]","11.86062717437744","11.86062717437744","11.86062717437744","","4","","45.530372619628906","96.23625183105467","13.459156036376951","342.03118166700006","2.993879081460361","371687.84529743984","9.643669731000044","33.789804117949075","12262.928717661638","18.69280242919922","18.69280242919922","18.692798614501953","","5","","0.0041285800002697215","finished","","","","","","","","","false","false","gs://usc2-datacache/20250122-flattened-shuffled/starcoder","128","4","6442450944","128","3221225472","512MB","flattened","<|endoftext|>","content","path","<file_sep>","files","blob_id","<fim_middle>","true","<fim_pad>","false","false","false","<fim_prefix>","<>|","repo_name","<repo_name>","","<|router|>","false","<fim_suffix>","bigcode/starcoder2-3b","[""gs://usc-stack-v2/20250122-flattened-shuffled/shard-{00..58}.jsonl.gz""]","[""gs://usc-stack-v2/20250122-flattened-shuffled/shard-{59..60}.jsonl.gz""]","false","0","false","","","","","","","","","","","bigcode/starcoder2-3b","gelu_new","SPLASH","false","","MLP_ZERO_DOWN","0.01","128","MLP","512","true","5","3072","false","0.02","12288","0.00001","","","false","32","24","2","30","true","meta-llama/Llama-2-7b-hf","1","999999.4420358812","false","false","softmax","0.02","1","true","4096","true","4","false","true","true","true","","0.9","0.95","1e-8","0.01","cosine","1","0.1","0","0.01","0","true","0","gs://usc2-ckpt/starcoder2-3b-state-dicts","8","batch","true","gs://usc2-ckpt/starcoder2-3b-misc","[{""every"":10000}]","0:15:00","embed","true","true","logs","","512","1","jax.numpy.bfloat16","jax.numpy.bfloat16","jax.numpy.float32","125","4","4","false","100","false","5","true","true","1","1","true","0","false","10","[""mlp"",""heads""]","levanter-seqmoe","allow","true","false","1024","levanter-seqmoe","allow","true","false","0","true","tpu","0.630834698677063","","","","","","","","","","","","","","","","","","","","","","","","","","","","","2","4","1","0.009998555295169352","3879828480","0.024","TPU v4","124149250916352","1100000000000000","275000000000000","254257665.8766889","8388608","","","","","","","","","","","","","","","","","","","","","","","","","","","","","1100726","849457152"
"rstarcoder_will_sweep_high_batch_3","09f5c52517e9d133b6304fc134404405bfa61886","2025-03-25T17:41:30.000Z","45368","2025-03-26T06:17:38.000Z","t1v-n-17c53a2e-w-0","d7433c4n","-","2025-03-26T06:17:38.000Z","high_batch, rstarcoder_will_sweep","09f5c52517e9d133b6304fc134404405bfa61886","0","","false","d7433c4n","","rstarcoder_will_sweep_high_batch_3","[""rstarcoder_will_sweep"",""high_batch""]","","rstarcoder_will_sweep_high_batch_3","[""rstarcoder_will_sweep"",""high_batch""]","0.6069034337997437","0.6069034337997437","0.6069034337997437","","32","","0.017653804272413254","0.05090758576989174","0.0009398144320584834","171.47347062799963","2.985884627662026","370695.3398468911","0.5439508769995882","33.699576349717375","12230.183434903658","0.5643755793571472","0.5643755793571472","0.5643755197525024","","32","","0.0030803000045125373","finished","","","","","","","","","false","false","gs://usc2-datacache/20250122-flattened-shuffled/starcoder","128","4","6442450944","128","3221225472","512MB","flattened","<|endoftext|>","content","path","<file_sep>","files","blob_id","<fim_middle>","true","<fim_pad>","false","false","false","<fim_prefix>","<>|","repo_name","<repo_name>","","<|router|>","false","<fim_suffix>","bigcode/starcoder2-3b","[""gs://usc-stack-v2/20250122-flattened-shuffled/shard-{00..58}.jsonl.gz""]","[""gs://usc-stack-v2/20250122-flattened-shuffled/shard-{59..60}.jsonl.gz""]","false","0","false","","","","","","","","","","","bigcode/starcoder2-3b","gelu_new","SPLASH","false","","MLP_ZERO_DOWN","0.01","128","MLP","512","true","5","3072","false","0.02","12288","0.00001","","","false","32","24","2","30","true","meta-llama/Llama-2-7b-hf","1","999999.4420358812","false","false","softmax","0.02","1","true","4096","true","4","false","true","true","true","","0.9","0.95","1e-8","0.00001","cosine","1","0.1","0","0.01","0","true","0","gs://usc2-ckpt/starcoder2-3b-state-dicts","8","batch","true","gs://usc2-ckpt/starcoder2-3b-misc","[{""every"":10000}]","0:15:00","embed","true","true","logs","","512","1","jax.numpy.bfloat16","jax.numpy.bfloat16","jax.numpy.float32","250","4","4","false","100","false","5","true","true","1","1","true","0","false","10","[""mlp"",""heads""]","levanter-seqmoe","allow","true","false","512","levanter-seqmoe","allow","true","false","0","","tpu","0.6069034337997437","","","","","","","","","","","","","","","","","","","","","","","","","","","","","249","4","1","0.0000010003610668718466","3879828480","1","TPU v4","124149250916352","1100000000000000","275000000000000","15827539700.823883","522190848","","","","","","","","","","","","","","","","","","","","","","","","","","","","","587002","849457152"
"rstarcoder_will_sweep_high_batch_14","09f5c52517e9d133b6304fc134404405bfa61886","2025-03-25T17:41:09.000Z","43706","2025-03-26T05:49:35.000Z","t1v-n-2ca85002-w-0","uqsm5q7g","-","2025-03-26T05:49:35.000Z","high_batch, rstarcoder_will_sweep","09f5c52517e9d133b6304fc134404405bfa61886","0","","false","uqsm5q7g","","rstarcoder_will_sweep_high_batch_14","[""rstarcoder_will_sweep"",""high_batch""]","","rstarcoder_will_sweep_high_batch_14","[""rstarcoder_will_sweep"",""high_batch""]","0.623015284538269","0.623015284538269","0.623015284538269","","32","","0.016272759065032005","0.04311395436525345","0.0018016755348071456","683.2995958550018","2.9972211492930425","372102.7605153789","2.627821704998496","33.827523683216256","12276.617827504302","0.5937052369117737","0.5937052369117737","0.5937050580978394","","32","","0.003194510005414486","finished","","","","","","","","","false","false","gs://usc2-datacache/20250122-flattened-shuffled/starcoder","128","4","6442450944","128","3221225472","512MB","flattened","<|endoftext|>","content","path","<file_sep>","files","blob_id","<fim_middle>","true","<fim_pad>","false","false","false","<fim_prefix>","<>|","repo_name","<repo_name>","","<|router|>","false","<fim_suffix>","bigcode/starcoder2-3b","[""gs://usc-stack-v2/20250122-flattened-shuffled/shard-{00..58}.jsonl.gz""]","[""gs://usc-stack-v2/20250122-flattened-shuffled/shard-{59..60}.jsonl.gz""]","false","0","false","","","","","","","","","","","bigcode/starcoder2-3b","gelu_new","SPLASH","false","","MLP_ZERO_DOWN","0.01","128","MLP","512","true","5","3072","false","0.02","12288","0.00001","","","false","32","24","2","30","true","meta-llama/Llama-2-7b-hf","1","999999.4420358812","false","false","softmax","0.02","1","true","4096","true","4","false","true","true","true","","0.9","0.95","1e-8","0.000001","cosine","1","0.1","0","0.01","0","true","0","gs://usc2-ckpt/starcoder2-3b-state-dicts","8","batch","true","gs://usc2-ckpt/starcoder2-3b-misc","[{""every"":10000}]","0:15:00","embed","true","true","logs","","512","1","jax.numpy.bfloat16","jax.numpy.bfloat16","jax.numpy.float32","62","4","4","false","100","false","5","true","true","1","1","true","0","false","10","[""mlp"",""heads""]","levanter-seqmoe","allow","true","false","2048","levanter-seqmoe","allow","true","false","0","","tpu","0.623015284538269","","","","","","","","","","","","","","","","","","","","","","","","","","","","","61","4","1","1.0057758714765441e-7","3879828480","1","TPU v4","124149250916352","1100000000000000","275000000000000","15509717618.478024","511705088","","","","","","","","","","","","","","","","","","","","","","","","","","","","","2239239","849457152"
"rstarcoder_will_sweep_high_batch_9","09f5c52517e9d133b6304fc134404405bfa61886","2025-03-25T17:38:08.000Z","44301","2025-03-26T05:56:29.000Z","t1v-n-48b8811a-w-0","dr57lr4t","-","2025-03-26T05:56:29.000Z","high_batch, rstarcoder_will_sweep","09f5c52517e9d133b6304fc134404405bfa61886","0","","false","dr57lr4t","","rstarcoder_will_sweep_high_batch_9","[""rstarcoder_will_sweep"",""high_batch""]","","rstarcoder_will_sweep_high_batch_9","[""rstarcoder_will_sweep"",""high_batch""]","0.6187105178833008","0.6187105178833008","0.6187105178833008","","32","","0.014118358492851256","0.03530034050345421","0.003329757833853364","342.2074434370006","2.992337015569667","371496.3989722465","1.9920739250010229","33.772399906567856","12256.612415773356","0.5733786225318909","0.5733786225318909","0.5733786821365356","","32","","0.004839519002416637","finished","","","","","","","","","false","false","gs://usc2-datacache/20250122-flattened-shuffled/starcoder","128","4","6442450944","128","3221225472","512MB","flattened","<|endoftext|>","content","path","<file_sep>","files","blob_id","<fim_middle>","true","<fim_pad>","false","false","false","<fim_prefix>","<>|","repo_name","<repo_name>","","<|router|>","false","<fim_suffix>","bigcode/starcoder2-3b","[""gs://usc-stack-v2/20250122-flattened-shuffled/shard-{00..58}.jsonl.gz""]","[""gs://usc-stack-v2/20250122-flattened-shuffled/shard-{59..60}.jsonl.gz""]","false","0","false","","","","","","","","","","","bigcode/starcoder2-3b","gelu_new","SPLASH","false","","MLP_ZERO_DOWN","0.01","128","MLP","512","true","5","3072","false","0.02","12288","0.00001","","","false","32","24","2","30","true","meta-llama/Llama-2-7b-hf","1","999999.4420358812","false","false","softmax","0.02","1","true","4096","true","4","false","true","true","true","","0.9","0.95","1e-8","0.000001","cosine","1","0.1","0","0.01","0","true","0","gs://usc2-ckpt/starcoder2-3b-state-dicts","8","batch","true","gs://usc2-ckpt/starcoder2-3b-misc","[{""every"":10000}]","0:15:00","embed","true","true","logs","","512","1","jax.numpy.bfloat16","jax.numpy.bfloat16","jax.numpy.float32","125","4","4","false","100","false","5","true","true","1","1","true","0","false","10","[""mlp"",""heads""]","levanter-seqmoe","allow","true","false","1024","levanter-seqmoe","allow","true","false","0","","tpu","0.6187105178833008","","","","","","","","","","","","","","","","","","","","","","","","","","","","","124","4","1","1.0014441187422565e-7","3879828480","1","TPU v4","124149250916352","1100000000000000","275000000000000","15763975284.354712","520093696","","","","","","","","","","","","","","","","","","","","","","","","","","","","","1159633","849457152"
"rstarcoder_will_sweep_high_batch_2","09f5c52517e9d133b6304fc134404405bfa61886","2025-03-25T17:37:10.000Z","45223","2025-03-26T06:10:53.000Z","t1v-n-60a8bbe8-w-0","egvr4tq7","-","2025-03-26T06:10:53.000Z","high_batch, rstarcoder_will_sweep","09f5c52517e9d133b6304fc134404405bfa61886","0","","false","egvr4tq7","","rstarcoder_will_sweep_high_batch_2","[""rstarcoder_will_sweep"",""high_batch""]","","rstarcoder_will_sweep_high_batch_2","[""rstarcoder_will_sweep"",""high_batch""]","0.6052801012992859","0.6052801012992859","0.6052801012992859","","31","","0.008619137108325958","0.021457739174365997","1.2238785984663993e-8","171.52147628300008","2.9850489343691917","370591.58915058995","0.5742019949975656","33.69014446823545","12226.76043517621","0.5628635287284851","0.5628635287284851","0.5628635883331299","","31","","0.003728180003236048","finished","","","","","","","","","false","false","gs://usc2-datacache/20250122-flattened-shuffled/starcoder","128","4","6442450944","128","3221225472","512MB","flattened","<|endoftext|>","content","path","<file_sep>","files","blob_id","<fim_middle>","true","<fim_pad>","false","false","false","<fim_prefix>","<>|","repo_name","<repo_name>","","<|router|>","false","<fim_suffix>","bigcode/starcoder2-3b","[""gs://usc-stack-v2/20250122-flattened-shuffled/shard-{00..58}.jsonl.gz""]","[""gs://usc-stack-v2/20250122-flattened-shuffled/shard-{59..60}.jsonl.gz""]","false","0","false","","","","","","","","","","","bigcode/starcoder2-3b","gelu_new","SPLASH","false","","MLP_ZERO_DOWN","0.01","128","MLP","512","true","5","3072","false","0.02","12288","0.00001","","","false","32","24","2","30","true","meta-llama/Llama-2-7b-hf","1","999999.4420358812","false","false","softmax","0.02","1","true","4096","true","4","false","true","true","true","","0.9","0.95","1e-8","0.0001","cosine","1","0.1","0","0.01","0","true","0","gs://usc2-ckpt/starcoder2-3b-state-dicts","8","batch","true","gs://usc2-ckpt/starcoder2-3b-misc","[{""every"":10000}]","0:15:00","embed","true","true","logs","","512","1","jax.numpy.bfloat16","jax.numpy.bfloat16","jax.numpy.float32","250","4","4","false","100","false","5","true","true","1","1","true","0","false","10","[""mlp"",""heads""]","levanter-seqmoe","allow","true","false","512","levanter-seqmoe","allow","true","false","0","","tpu","0.6052733659744263","","","","","","","","","","","","","","","","","","","","","","","","","","","","","249","4","1","0.00001000361044134479","3879828480","1","TPU v4","124149250916352","1100000000000000","275000000000000","15827539700.823883","522190848","","","","","","","","","","","","","","","","","","","","","","","","","","","","","587002","849457152"
"rstarcoder_will_sweep_high_batch_13","09f5c52517e9d133b6304fc134404405bfa61886","2025-03-25T17:29:52.000Z","43772","2025-03-26T05:39:24.000Z","t1v-n-60290065-w-0","ma66dl75","-","2025-03-26T05:39:24.000Z","high_batch, rstarcoder_will_sweep","09f5c52517e9d133b6304fc134404405bfa61886","0","","false","ma66dl75","","rstarcoder_will_sweep_high_batch_13","[""rstarcoder_will_sweep"",""high_batch""]","","rstarcoder_will_sweep_high_batch_13","[""rstarcoder_will_sweep"",""high_batch""]","0.6091983318328857","0.6091983318328857","0.6091983318328857","","32","","0.0072370367124676704","0.01986598968505859","0.0007935717585496604","683.360040102998","2.9969560404663396","372069.8474531324","2.9339921880018665","33.8245315866484","12275.531941750129","0.5804802775382996","0.5804802775382996","0.5804803371429443","","32","","0.0034273299970664084","finished","","","","","","","","","false","false","gs://usc2-datacache/20250122-flattened-shuffled/starcoder","128","4","6442450944","128","3221225472","512MB","flattened","<|endoftext|>","content","path","<file_sep>","files","blob_id","<fim_middle>","true","<fim_pad>","false","false","false","<fim_prefix>","<>|","repo_name","<repo_name>","","<|router|>","false","<fim_suffix>","bigcode/starcoder2-3b","[""gs://usc-stack-v2/20250122-flattened-shuffled/shard-{00..58}.jsonl.gz""]","[""gs://usc-stack-v2/20250122-flattened-shuffled/shard-{59..60}.jsonl.gz""]","false","0","false","","","","","","","","","","","bigcode/starcoder2-3b","gelu_new","SPLASH","false","","MLP_ZERO_DOWN","0.01","128","MLP","512","true","5","3072","false","0.02","12288","0.00001","","","false","32","24","2","30","true","meta-llama/Llama-2-7b-hf","1","999999.4420358812","false","false","softmax","0.02","1","true","4096","true","4","false","true","true","true","","0.9","0.95","1e-8","0.00001","cosine","1","0.1","0","0.01","0","true","0","gs://usc2-ckpt/starcoder2-3b-state-dicts","8","batch","true","gs://usc2-ckpt/starcoder2-3b-misc","[{""every"":10000}]","0:15:00","embed","true","true","logs","","512","1","jax.numpy.bfloat16","jax.numpy.bfloat16","jax.numpy.float32","62","4","4","false","100","false","5","true","true","1","1","true","0","false","10","[""mlp"",""heads""]","levanter-seqmoe","allow","true","false","2048","levanter-seqmoe","allow","true","false","0","","tpu","0.6091983318328857","","","","","","","","","","","","","","","","","","","","","","","","","","","","","61","4","1","0.0000010057758572656894","3879828480","1","TPU v4","124149250916352","1100000000000000","275000000000000","15509717618.478024","511705088","","","","","","","","","","","","","","","","","","","","","","","","","","","","","2239239","849457152"
"rstarcoder_will_sweep_high_batch_1","09f5c52517e9d133b6304fc134404405bfa61886","2025-03-25T17:20:36.000Z","45267","2025-03-26T05:55:03.000Z","t1v-n-d66d6a48-w-0","xdlp6eal","-","2025-03-26T05:55:03.000Z","high_batch, rstarcoder_will_sweep","09f5c52517e9d133b6304fc134404405bfa61886","0","","false","xdlp6eal","","rstarcoder_will_sweep_high_batch_1","[""rstarcoder_will_sweep"",""high_batch""]","","rstarcoder_will_sweep_high_batch_1","[""rstarcoder_will_sweep"",""high_batch""]","0.6060434579849243","0.6060434579849243","0.6060434579849243","","8","","0.005184064153581858","0.009033940732479095","0","171.59547753100196","2.9837616198684347","370431.7700196272","0.6446266429993557","33.675615456329744","12221.487594981108","0.5636378526687622","0.5636378526687622","0.563637912273407","","7","","0.0037729690011474304","finished","","","","","","","","","false","false","gs://usc2-datacache/20250122-flattened-shuffled/starcoder","128","4","6442450944","128","3221225472","512MB","flattened","<|endoftext|>","content","path","<file_sep>","files","blob_id","<fim_middle>","true","<fim_pad>","false","false","false","<fim_prefix>","<>|","repo_name","<repo_name>","","<|router|>","false","<fim_suffix>","bigcode/starcoder2-3b","[""gs://usc-stack-v2/20250122-flattened-shuffled/shard-{00..58}.jsonl.gz""]","[""gs://usc-stack-v2/20250122-flattened-shuffled/shard-{59..60}.jsonl.gz""]","false","0","false","","","","","","","","","","","bigcode/starcoder2-3b","gelu_new","SPLASH","false","","MLP_ZERO_DOWN","0.01","128","MLP","512","true","5","3072","false","0.02","12288","0.00001","","","false","32","24","2","30","true","meta-llama/Llama-2-7b-hf","1","999999.4420358812","false","false","softmax","0.02","1","true","4096","true","4","false","true","true","true","","0.9","0.95","1e-8","0.001","cosine","1","0.1","0","0.01","0","true","0","gs://usc2-ckpt/starcoder2-3b-state-dicts","8","batch","true","gs://usc2-ckpt/starcoder2-3b-misc","[{""every"":10000}]","0:15:00","embed","true","true","logs","","512","1","jax.numpy.bfloat16","jax.numpy.bfloat16","jax.numpy.float32","250","4","4","false","100","false","5","true","true","1","1","true","0","false","10","[""mlp"",""heads""]","levanter-seqmoe","allow","true","false","512","levanter-seqmoe","allow","true","false","0","","tpu","0.6060434579849243","","","","","","","","","","","","","","","","","","","","","","","","","","","","","249","4","1","0.00010003611532738432","3879828480","1","TPU v4","124149250916352","1100000000000000","275000000000000","15827539700.823883","522190848","","","","","","","","","","","","","","","","","","","","","","","","","","","","","587002","849457152"
"rstarcoder_will_sweep_high_batch_0","09f5c52517e9d133b6304fc134404405bfa61886","2025-03-25T17:20:24.000Z","1023","2025-03-25T17:37:27.000Z","t1v-n-48b8811a-w-0","y3ixfif2","-","2025-03-25T17:37:27.000Z","high_batch, rstarcoder_will_sweep","09f5c52517e9d133b6304fc134404405bfa61886","0","","false","y3ixfif2","","rstarcoder_will_sweep_high_batch_0","[""rstarcoder_will_sweep"",""high_batch""]","","rstarcoder_will_sweep_high_batch_0","[""rstarcoder_will_sweep"",""high_batch""]","12.613873481750488","12.613873481750488","12.613873481750488","","3","","144.98245239257812","298.11102294921875","14.296197891235352","171.48565390099975","2.9856724941876616","370669.0036349545","0.5545348890000241","33.69718214863223","12229.314536192662","13.776124000549316","13.776124000549316","13.776124954223633","","9","","0.0029475000001184526","finished","","","","","","","","","false","false","gs://usc2-datacache/20250122-flattened-shuffled/starcoder","128","4","6442450944","128","3221225472","512MB","flattened","<|endoftext|>","content","path","<file_sep>","files","blob_id","<fim_middle>","true","<fim_pad>","false","false","false","<fim_prefix>","<>|","repo_name","<repo_name>","","<|router|>","false","<fim_suffix>","bigcode/starcoder2-3b","[""gs://usc-stack-v2/20250122-flattened-shuffled/shard-{00..58}.jsonl.gz""]","[""gs://usc-stack-v2/20250122-flattened-shuffled/shard-{59..60}.jsonl.gz""]","false","0","false","","","","","","","","","","","bigcode/starcoder2-3b","gelu_new","SPLASH","false","","MLP_ZERO_DOWN","0.01","128","MLP","512","true","5","3072","false","0.02","12288","0.00001","","","false","32","24","2","30","true","meta-llama/Llama-2-7b-hf","1","999999.4420358812","false","false","softmax","0.02","1","true","4096","true","4","false","true","true","true","","0.9","0.95","1e-8","0.01","cosine","1","0.1","0","0.01","0","true","0","gs://usc2-ckpt/starcoder2-3b-state-dicts","8","batch","true","gs://usc2-ckpt/starcoder2-3b-misc","[{""every"":10000}]","0:15:00","embed","true","true","logs","","512","1","jax.numpy.bfloat16","jax.numpy.bfloat16","jax.numpy.float32","250","4","4","false","100","false","5","true","true","1","1","true","0","false","10","[""mlp"",""heads""]","levanter-seqmoe","allow","true","false","512","levanter-seqmoe","allow","true","false","0","true","tpu","0.630834698677063","","","","","","","","","","","","","","","","","","","","","","","","","","","","","3","4","1","0.009999638423323631","3879828480","0.016","TPU v4","124149250916352","1100000000000000","275000000000000","190693249.40751663","6291456","","","","","","","","","","","","","","","","","","","","","","","","","","","","","575971","849457152"
"rstarcoder_sweep_mlp_flopeq_scaling_2","68b527b4a3f3d7497a8351421988a4cf4ca3e9f9","2025-03-24T10:56:21.000Z","101608","2025-03-25T15:09:49.000Z","t1v-n-81a60e45-w-0","xs3mwdss","-","2025-03-25T15:09:49.000Z","mlp_flopeq_scaling, rstarcoder_sweep","68b527b4a3f3d7497a8351421988a4cf4ca3e9f9","0","","false","xs3mwdss","","rstarcoder_sweep_mlp_flopeq_scaling_2","[""rstarcoder_sweep"",""mlp_flopeq_scaling""]","","rstarcoder_sweep_mlp_flopeq_scaling_2","[""rstarcoder_sweep"",""mlp_flopeq_scaling""]","0.606420636177063","0.606420636177063","0.606420636177063","","1","","0.011518142186105251","0.025411535054445267","0","34.852400934003526","7.3452615354896595","683931.5380618011","0.3703643449989613","62.17559436925465","30086.191249365645","0.5709748268127441","0.5709748268127441","0.5709748268127441","","1","","0.004089049994945526","finished","","","","","","","","","false","false","gs://usc2-datacache/20250122-flattened-shuffled/starcoder","128","4","6442450944","128","3221225472","512MB","flattened","<|endoftext|>","content","path","<file_sep>","files","blob_id","<fim_middle>","true","<fim_pad>","false","false","false","<fim_prefix>","<>|","repo_name","<repo_name>","","<|router|>","false","<fim_suffix>","bigcode/starcoder2-3b","[""gs://usc-stack-v2/20250122-flattened-shuffled/shard-{00..58}.jsonl.gz""]","[""gs://usc-stack-v2/20250122-flattened-shuffled/shard-{59..60}.jsonl.gz""]","false","0","false","","","","","","","","","","","bigcode/starcoder2-3b","gelu_new","SPLASH","false","","MLP_ZERO_DOWN","0.01","512","MLP","512","true","5","3072","true","0.02","12288","0.00001","","","false","1","24","2","30","false","meta-llama/Llama-2-7b-hf","1","999999.4420358812","false","false","softmax","0.02","1","true","4096","true","1","false","true","true","true","","0.9","0.95","1e-8","0.000139","cosine","1","0.1","0","0.01","0","true","0","gs://usc2-ckpt/starcoder2-3b-state-dicts","8","batch","true","gs://usc2-ckpt/starcoder2-3b-misc","[{""every"":10000}]","0:15:00","embed","true","true","logs","","512","1","jax.numpy.bfloat16","jax.numpy.bfloat16","jax.numpy.float32","1000","4","4","false","100","false","5","true","true","1","1","true","0","false","10","[""mlp"",""heads""]","levanter-seqmoe","allow","true","false","256","levanter-seqmoe","allow","true","false","0","","tpu","0.606412410736084","","","","","","","","","","","","","","","","","","","","","","","","","","","","","999","4","1","0.000013900312296755146","3124746240","1","TPU v4","93111938187264","1100000000000000","275000000000000","23812819519.763645","1047527424","","","","","","","","","","","","","","","","","","","","","","","","","","","","","280031","94374912"
"rstarcoder_sweep_mlp_flopeq_scaling_1","18059a734e8a0966e1b3aff5cc5207784d5dd50d","2025-03-24T10:52:28.000Z","12873","2025-03-24T14:27:01.000Z","t1v-n-fe6a4173-w-0","dwqz3c36","-","2025-03-24T14:27:01.000Z","mlp_flopeq_scaling, rstarcoder_sweep","18059a734e8a0966e1b3aff5cc5207784d5dd50d","0","","false","dwqz3c36","","rstarcoder_sweep_mlp_flopeq_scaling_1","[""rstarcoder_sweep"",""mlp_flopeq_scaling""]","","rstarcoder_sweep_mlp_flopeq_scaling_1","[""rstarcoder_sweep"",""mlp_flopeq_scaling""]","0.6074185371398926","0.6074185371398926","0.6074185371398926","","1","","0.01234243344515562","0.030673518776893616","0","34.639888648000124","7.390323987510269","688127.3903089106","0.31352288000016415","62.55703548262824","30270.767052842064","0.585384726524353","0.585384726524353","0.5853846669197083","","1","","0.0032413490007456858","finished","","","","","","","","","false","false","gs://usc2-datacache/20250122-flattened-shuffled/starcoder","128","4","6442450944","128","3221225472","512MB","flattened","<|endoftext|>","content","path","<file_sep>","files","blob_id","<fim_middle>","true","<fim_pad>","false","false","false","<fim_prefix>","<>|","repo_name","<repo_name>","","<|router|>","false","<fim_suffix>","bigcode/starcoder2-3b","[""gs://usc-stack-v2/20250122-flattened-shuffled/shard-{00..58}.jsonl.gz""]","[""gs://usc-stack-v2/20250122-flattened-shuffled/shard-{59..60}.jsonl.gz""]","false","0","false","","","","","","","","","","","bigcode/starcoder2-3b","gelu_new","SPLASH","false","","MLP_ZERO_DOWN","0.01","512","MLP","512","true","5","3072","true","0.02","12288","0.00001","","","false","1","24","2","30","false","meta-llama/Llama-2-7b-hf","1","999999.4420358812","false","false","softmax","0.02","1","true","4096","true","1","false","true","true","true","","0.9","0.95","1e-8","0.000139","cosine","1","0.1","0","0.01","0","true","0","gs://usc2-ckpt/starcoder2-3b-state-dicts","8","batch","true","gs://usc2-ckpt/starcoder2-3b-misc","[{""every"":10000}]","0:15:00","embed","true","true","logs","","512","1","jax.numpy.bfloat16","jax.numpy.bfloat16","jax.numpy.float32","250","4","4","false","100","false","5","true","true","1","1","true","0","false","10","[""mlp"",""heads""]","levanter-seqmoe","allow","true","false","256","levanter-seqmoe","allow","true","false","0","","tpu","0.6073923707008362","","","","","","","","","","","","","","","","","","","","","","","","","","","","","249","4","1","0.00001390501893183682","3124746240","1","TPU v4","93111938187264","1100000000000000","275000000000000","5935327387.808956","261095424","","","","","","","","","","","","","","","","","","","","","","","","","","","","","273839","94374912"
"rstarcoder_sweep_routed_mlp_scaling_2","18059a734e8a0966e1b3aff5cc5207784d5dd50d","2025-03-24T10:51:26.000Z","94978","2025-03-25T13:14:24.000Z","t1v-n-81a60e45-w-0","v6nmy4m3","-","2025-03-25T13:14:24.000Z","routed_mlp_scaling, rstarcoder_sweep","18059a734e8a0966e1b3aff5cc5207784d5dd50d","0","","false","v6nmy4m3","","rstarcoder_sweep_routed_mlp_scaling_2","[""rstarcoder_sweep"",""routed_mlp_scaling""]","","rstarcoder_sweep_routed_mlp_scaling_2","[""rstarcoder_sweep"",""routed_mlp_scaling""]","0.6044284105300903","0.6044284105300903","0.6044284105300903","","27","","0.010355563834309578","0.02230773493647575","1.7662996065759273e-11","86.67110131800291","2.953695016066733","366699.02368004713","0.37231724099547137","33.33627488000428","12098.334785809337","0.5693252086639404","0.5693252086639404","0.5693252086639404","","23","","0.003917209993232973","finished","","","","","","","","","false","false","gs://usc2-datacache/20250122-flattened-shuffled/starcoder","128","4","6442450944","128","3221225472","512MB","flattened","<|endoftext|>","content","path","<file_sep>","files","blob_id","<fim_middle>","true","<fim_pad>","false","false","false","<fim_prefix>","<>|","repo_name","<repo_name>","","<|router|>","false","<fim_suffix>","bigcode/starcoder2-3b","[""gs://usc-stack-v2/20250122-flattened-shuffled/shard-{00..58}.jsonl.gz""]","[""gs://usc-stack-v2/20250122-flattened-shuffled/shard-{59..60}.jsonl.gz""]","false","0","false","","","","","","","","","","","bigcode/starcoder2-3b","gelu_new","SPLASH","false","","MLP_ZERO_DOWN","0.01","128","MLP","512","true","5","3072","false","0.02","12288","0.00001","","","false","32","24","2","30","true","meta-llama/Llama-2-7b-hf","1","999999.4420358812","false","false","softmax","0.02","1","true","4096","true","4","false","true","true","true","","0.9","0.95","1e-8","0.000139","cosine","1","0.1","0","0.01","0","true","0","gs://usc2-ckpt/starcoder2-3b-state-dicts","8","batch","true","gs://usc2-ckpt/starcoder2-3b-misc","[{""every"":10000}]","0:15:00","embed","true","true","logs","","512","1","jax.numpy.bfloat16","jax.numpy.bfloat16","jax.numpy.float32","1000","4","4","false","100","false","5","true","true","1","1","true","0","false","10","[""mlp"",""heads""]","levanter-seqmoe","allow","true","false","256","levanter-seqmoe","allow","true","false","0","","tpu","0.6044284105300903","","","","","","","","","","","","","","","","","","","","","","","","","","","","","999","4","1","0.000013900312296755146","3879828480","1","TPU v4","124149250916352","1100000000000000","275000000000000","31750426026.351524","1047527424","","","","","","","","","","","","","","","","","","","","","","","","","","","","","280031","849457152"
"rstarcoder_sweep_routed_mlp_26","18059a734e8a0966e1b3aff5cc5207784d5dd50d","2025-03-24T10:44:27.000Z","47091","2025-03-24T23:49:18.000Z","t1v-n-36680adf-w-0","yhsv3fbw","-","2025-03-24T23:49:18.000Z","routed_mlp, rstarcoder_sweep","18059a734e8a0966e1b3aff5cc5207784d5dd50d","0","","false","yhsv3fbw","","rstarcoder_sweep_routed_mlp_26","[""rstarcoder_sweep"",""routed_mlp""]","","rstarcoder_sweep_routed_mlp_26","[""rstarcoder_sweep"",""routed_mlp""]","0.6078661680221558","0.6078661680221558","0.6078661680221558","","32","","0.03334711492061615","0.09771721065044404","0.001062255003489554","86.20243399299943","2.969753731324918","368692.70115002984","0.3018554540030891","33.51751828636635","12164.111283506863","0.5647892355918884","0.5647892355918884","0.5647892355918884","","32","","0.003182619999279268","finished","","","","","","","","","false","false","gs://usc2-datacache/20250122-flattened-shuffled/starcoder","128","4","6442450944","128","3221225472","512MB","flattened","<|endoftext|>","content","path","<file_sep>","files","blob_id","<fim_middle>","true","<fim_pad>","false","false","false","<fim_prefix>","<>|","repo_name","<repo_name>","","<|router|>","false","<fim_suffix>","bigcode/starcoder2-3b","[""gs://usc-stack-v2/20250122-flattened-shuffled/shard-{00..58}.jsonl.gz""]","[""gs://usc-stack-v2/20250122-flattened-shuffled/shard-{59..60}.jsonl.gz""]","false","0","false","","","","","","","","","","","bigcode/starcoder2-3b","gelu_new","SPLASH","false","","MLP_ZERO_DOWN","0.01","128","MLP","512","true","5","3072","false","0.02","12288","0.00001","","","false","32","24","2","30","true","meta-llama/Llama-2-7b-hf","1","999999.4420358812","false","false","softmax","0.02","1","true","4096","true","4","false","true","true","true","","0.9","0.95","1e-8","0.000003","cosine","1","0.1","0","0.01","0","true","0","gs://usc2-ckpt/starcoder2-3b-state-dicts","8","batch","true","gs://usc2-ckpt/starcoder2-3b-misc","[{""every"":10000}]","0:15:00","embed","true","true","logs","","512","1","jax.numpy.bfloat16","jax.numpy.bfloat16","jax.numpy.float32","500","4","4","false","100","false","5","true","true","1","1","true","0","false","10","[""mlp"",""heads""]","levanter-seqmoe","allow","true","false","256","levanter-seqmoe","allow","true","false","0","","tpu","0.607833743095398","","","","","","","","","","","","","","","","","","","","","","","","","","","","","499","4","1","3.000272101871815e-7","3879828480","1","TPU v4","124149250916352","1100000000000000","275000000000000","15859321909.05847","523239424","","","","","","","","","","","","","","","","","","","","","","","","","","","","","302463","849457152"
"rstarcoder_sweep_lora_baseline_3","18059a734e8a0966e1b3aff5cc5207784d5dd50d","2025-03-24T10:37:24.000Z","28439","2025-03-24T18:31:23.000Z","t1v-n-81a60e45-w-0","egqf6y6n","-","2025-03-24T18:31:23.000Z","lora_baseline, rstarcoder_sweep","18059a734e8a0966e1b3aff5cc5207784d5dd50d","0","","false","egqf6y6n","","rstarcoder_sweep_lora_baseline_3","[""rstarcoder_sweep"",""lora_baseline""]","","rstarcoder_sweep_lora_baseline_3","[""rstarcoder_sweep"",""lora_baseline""]","0.6081580519676208","0.6081580519676208","0.6081580519676208","","1","","0.003674839623272419","0.018903398886322975","0","37.94871271699958","6.745946875961401","628128.1885290847","0.32227599500038195","57.10256259355315","27631.3984039379","0.5649766325950623","0.5649766325950623","0.5649765133857727","","1","","0.0032238989988400135","finished","","","","","","","","","false","false","gs://usc2-datacache/20250122-flattened-shuffled/starcoder","128","4","6442450944","128","3221225472","512MB","flattened","<|endoftext|>","content","path","<file_sep>","files","blob_id","<fim_middle>","true","<fim_pad>","false","false","false","<fim_prefix>","<>|","repo_name","<repo_name>","","<|router|>","false","<fim_suffix>","bigcode/starcoder2-3b","[""gs://usc-stack-v2/20250122-flattened-shuffled/shard-{00..58}.jsonl.gz""]","[""gs://usc-stack-v2/20250122-flattened-shuffled/shard-{59..60}.jsonl.gz""]","false","0","false","","","","","","","","","","","bigcode/starcoder2-3b","gelu_new","SPLASH","false","","LORA_ZERO_B","0.01","16","LORA","512","true","5","3072","true","0.02","12288","0.00001","","","false","1","24","2","30","false","meta-llama/Llama-2-7b-hf","1","999999.4420358812","false","false","softmax","0.02","1","true","4096","true","1","false","true","true","true","","0.9","0.95","1e-8","0.000019","cosine","1","0.1","0","0.01","0","true","0","gs://usc2-ckpt/starcoder2-3b-state-dicts","8","batch","true","gs://usc2-ckpt/starcoder2-3b-misc","[{""every"":10000}]","0:15:00","embed","true","true","logs","","512","1","jax.numpy.bfloat16","jax.numpy.bfloat16","jax.numpy.float32","500","4","4","false","100","false","5","true","true","1","1","true","0","false","10","[""mlp"",""heads""]","levanter-seqmoe","allow","true","false","256","levanter-seqmoe","allow","true","false","0","","tpu","0.608138918876648","","","","","","","","","","","","","","","","","","","","","","","","","","","","","499","4","1","0.0000019001722648681607","3054213120","1","TPU v4","93111938187264","1100000000000000","275000000000000","11894491431.793852","523239424","","","","","","","","","","","","","","","","","","","","","","","","","","","","","302463","23841792"
"rstarcoder_sweep_routed_mlp_lblb_40","18059a734e8a0966e1b3aff5cc5207784d5dd50d","2025-03-24T10:37:01.000Z","47121","2025-03-24T23:42:22.000Z","t1v-n-7873efab-w-0","ns3q6isr","-","2025-03-24T23:42:22.000Z","routed_mlp_lblb, rstarcoder_sweep","18059a734e8a0966e1b3aff5cc5207784d5dd50d","0.01","","false","ns3q6isr","","rstarcoder_sweep_routed_mlp_lblb_40","[""rstarcoder_sweep"",""routed_mlp_lblb""]","","rstarcoder_sweep_routed_mlp_lblb_40","[""rstarcoder_sweep"",""routed_mlp_lblb""]","0.6065962910652161","0.6065962910652161","0.7327893376350403","12.576684951782228","32","0.2756540775299072","0.06119018793106079","0.09968088567256927","0.026511985808610916","86.34338479800499","2.9649057724444803","368090.83068655024","0.3232579399991664","33.462802789686386","12144.254043932591","0.5640129446983337","0.5640129446983337","0.6882634162902832","12.384427070617676","32","0.24418072402477264","0.003306849997898098","finished","","","","","","","","","false","false","gs://usc2-datacache/20250122-flattened-shuffled/starcoder","128","4","6442450944","128","3221225472","512MB","flattened","<|endoftext|>","content","path","<file_sep>","files","blob_id","<fim_middle>","true","<fim_pad>","false","false","false","<fim_prefix>","<>|","repo_name","<repo_name>","","<|router|>","false","<fim_suffix>","bigcode/starcoder2-3b","[""gs://usc-stack-v2/20250122-flattened-shuffled/shard-{00..58}.jsonl.gz""]","[""gs://usc-stack-v2/20250122-flattened-shuffled/shard-{59..60}.jsonl.gz""]","false","0","false","","","","","","","","","","","bigcode/starcoder2-3b","gelu_new","SPLASH","false","","MLP_ZERO_DOWN","0.01","128","MLP","512","true","5","3072","false","0.02","12288","0.00001","","","false","32","24","2","30","true","meta-llama/Llama-2-7b-hf","1","999999.4420358812","false","false","softmax","0.02","1","true","4096","true","4","false","true","true","true","","0.9","0.95","1e-8","0.000139","cosine","1","0.1","0","0.01","0","true","0.001","gs://usc2-ckpt/starcoder2-3b-state-dicts","8","batch","true","gs://usc2-ckpt/starcoder2-3b-misc","[{""every"":10000}]","0:15:00","embed","true","true","logs","","512","1","jax.numpy.bfloat16","jax.numpy.bfloat16","jax.numpy.float32","500","4","4","false","100","false","5","true","true","1","1","true","0","false","10","[""mlp"",""heads""]","levanter-seqmoe","allow","true","false","256","levanter-seqmoe","allow","true","false","0","","tpu","0.6065853238105774","","","","","","","","","","","","","","","","","","","","","","","","","","","","","499","4","1","0.000013901259990234394","3879828480","1","TPU v4","124149250916352","1100000000000000","275000000000000","15859321909.05847","523239424","","","","","","","","","","","","","","","","","","","","","","","","","","","","","302463","849457152"
"rstarcoder_sweep_routed_mlp_zloss_scaling_2","38c5ec219fc54912f227562e661d9e9a598d5454","2025-03-23T03:22:26.000Z","93299","2025-03-24T05:17:25.000Z","t1v-n-b71e9d20-w-0","ghoj3763","-","2025-03-24T05:17:25.000Z","routed_mlp_zloss_scaling, rstarcoder_sweep","38c5ec219fc54912f227562e661d9e9a598d5454","0","","false","ghoj3763","","rstarcoder_sweep_routed_mlp_zloss_scaling_2","[""rstarcoder_sweep"",""routed_mlp_zloss_scaling""]","","rstarcoder_sweep_routed_mlp_zloss_scaling_2","[""rstarcoder_sweep"",""routed_mlp_zloss_scaling""]","0.6043893098831177","0.6043893098831177","0.604390025138855","","28","0.01909727044403553","0.010402027517557144","0.02221410535275936","0.00009195098391501232","85.73820348599111","2.985833497687273","370688.9920988262","0.2055998139985604","33.69899928171147","12229.97400652707","0.569301962852478","0.569301962852478","0.5693026781082153","","28","0.019976601004600525","0.00424254999961704","finished","","","","","","","","","false","false","gs://usc2-datacache/20250122-flattened-shuffled/starcoder","128","4","6442450944","128","3221225472","512MB","flattened","<|endoftext|>","content","path","<file_sep>","files","blob_id","<fim_middle>","true","<fim_pad>","false","false","false","<fim_prefix>","<>|","repo_name","<repo_name>","","<|router|>","false","<fim_suffix>","bigcode/starcoder2-3b","[""gs://usc-stack-v2/20250122-flattened-shuffled/shard-{00..58}.jsonl.gz""]","[""gs://usc-stack-v2/20250122-flattened-shuffled/shard-{59..60}.jsonl.gz""]","false","0","false","","","","","","","","","","","bigcode/starcoder2-3b","gelu_new","SPLASH","false","","MLP_ZERO_DOWN","0.01","128","MLP","512","true","5","3072","false","0.02","12288","0.00001","","","false","32","24","2","30","true","meta-llama/Llama-2-7b-hf","1","999999.4420358812","false","false","softmax","0.02","1","true","4096","true","4","false","true","true","true","","0.9","0.95","1e-8","0.000139","cosine","1","0.1","0","0.01","0","true","0.00004","gs://usc2-ckpt/starcoder2-3b-state-dicts","8","batch","true","gs://usc2-ckpt/starcoder2-3b-misc","[{""every"":10000}]","0:15:00","embed","true","true","logs","","512","1","jax.numpy.bfloat16","jax.numpy.bfloat16","jax.numpy.float32","1000","4","4","false","100","false","5","true","true","1","1","true","0","false","10","[""mlp"",""heads""]","levanter-seqmoe","allow","true","false","256","levanter-seqmoe","allow","true","false","0","","tpu","0.604368269443512","","","","","","","","","","","","","","","","","","","","","","","","","","","","","999","4","1","0.000013900312296755146","3879828480","1","TPU v4","124149250916352","1100000000000000","275000000000000","31750426026.351524","1047527424","","","","","","","","","","","","","","","","","","","","","","","","","","","","","280031","849457152"
"rstarcoder_sweep_lora_noanneal_92","38c5ec219fc54912f227562e661d9e9a598d5454","2025-03-22T11:29:59.000Z","23077","2025-03-22T17:54:36.000Z","t1v-n-b71e9d20-w-0","loaspwog","-","2025-03-22T17:54:36.000Z","lora_noanneal, rstarcoder_sweep","38c5ec219fc54912f227562e661d9e9a598d5454","0","","false","loaspwog","","rstarcoder_sweep_lora_noanneal_92","[""rstarcoder_sweep"",""lora_noanneal""]","","rstarcoder_sweep_lora_noanneal_92","[""rstarcoder_sweep"",""lora_noanneal""]","0.6076274514198303","0.6076274514198303","0.6076274514198303","","1","","0.09897205233573914","0.931943953037262","0","37.25265829201089","6.871992811715697","639864.5699077945","0.1822643619962037","58.16950635525404","28147.682556787495","0.5645074248313904","0.5645074248313904","0.5645075440406799","","1","","0.0032645000028423965","finished","","","","","","","","","false","false","gs://usc2-datacache/20250122-flattened-shuffled/starcoder","128","4","6442450944","128","3221225472","512MB","flattened","<|endoftext|>","content","path","<file_sep>","files","blob_id","<fim_middle>","true","<fim_pad>","false","false","false","<fim_prefix>","<>|","repo_name","<repo_name>","","<|router|>","false","<fim_suffix>","bigcode/starcoder2-3b","[""gs://usc-stack-v2/20250122-flattened-shuffled/shard-{00..58}.jsonl.gz""]","[""gs://usc-stack-v2/20250122-flattened-shuffled/shard-{59..60}.jsonl.gz""]","false","0","false","","","","","","","","","","","bigcode/starcoder2-3b","gelu_new","SPLASH","false","","LORA_ZERO_B","0.01","16","LORA","512","true","5","3072","true","0.02","12288","0.00001","","","false","1","24","2","30","false","meta-llama/Llama-2-7b-hf","1","999999.4420358812","false","false","softmax","0.02","1","true","4096","true","1","false","true","true","true","","0.9","0.95","1e-8","0.000019","constant","1","0.1","0","0.01","0","true","0","gs://usc2-ckpt/starcoder2-3b-state-dicts","8","batch","true","gs://usc2-ckpt/starcoder2-3b-misc","[{""every"":10000}]","0:15:00","embed","true","true","logs","","512","1","jax.numpy.bfloat16","jax.numpy.bfloat16","jax.numpy.float32","500","4","4","false","100","false","5","true","true","1","1","true","0","false","10","[""mlp"",""heads""]","levanter-seqmoe","allow","true","false","256","levanter-seqmoe","allow","true","false","0","","tpu","0.6076274514198303","","","","","","","","","","","","","","","","","","","","","","","","","","","","","499","4","1","0.000018999999156221747","3054213120","1","TPU v4","93111938187264","1100000000000000","275000000000000","11894491431.793852","523239424","","","","","","","","","","","","","","","","","","","","","","","","","","","","","302463","23841792"
"rstarcoder_sweep_mlp_flopeq_scaling_0","38c5ec219fc54912f227562e661d9e9a598d5454","2025-03-22T11:08:33.000Z","7670","2025-03-22T13:16:23.000Z","t1v-n-68a47a9f-w-0","kghiudam","-","2025-03-22T13:16:23.000Z","mlp_flopeq_scaling, rstarcoder_sweep","38c5ec219fc54912f227562e661d9e9a598d5454","0","","false","kghiudam","","rstarcoder_sweep_mlp_flopeq_scaling_0","[""rstarcoder_sweep"",""mlp_flopeq_scaling""]","","rstarcoder_sweep_mlp_flopeq_scaling_0","[""rstarcoder_sweep"",""mlp_flopeq_scaling""]","0.607833206653595","0.607833206653595","0.607833206653595","","1","","0.175601527094841","0.4788871705532074","0","34.24309062000248","7.475960708127855","696101.1913456151","0.1594175259961048","63.28192648596501","30621.535060491693","0.5872869491577148","0.5872869491577148","0.5872868895530701","","1","","0.0026028400025097653","finished","","","","","","","","","false","false","gs://usc2-datacache/20250122-flattened-shuffled/starcoder","128","4","6442450944","128","3221225472","512MB","flattened","<|endoftext|>","content","path","<file_sep>","files","blob_id","<fim_middle>","true","<fim_pad>","false","false","false","<fim_prefix>","<>|","repo_name","<repo_name>","","<|router|>","false","<fim_suffix>","bigcode/starcoder2-3b","[""gs://usc-stack-v2/20250122-flattened-shuffled/shard-{00..58}.jsonl.gz""]","[""gs://usc-stack-v2/20250122-flattened-shuffled/shard-{59..60}.jsonl.gz""]","false","0","false","","","","","","","","","","","bigcode/starcoder2-3b","gelu_new","SPLASH","false","","MLP_ZERO_DOWN","0.01","512","MLP","512","true","5","3072","true","0.02","12288","0.00001","","","false","1","24","2","30","false","meta-llama/Llama-2-7b-hf","1","999999.4420358812","false","false","softmax","0.02","1","true","4096","true","1","false","true","true","true","","0.9","0.95","1e-8","0.000139","cosine","1","0.1","0","0.01","0","true","0","gs://usc2-ckpt/starcoder2-3b-state-dicts","8","batch","true","gs://usc2-ckpt/starcoder2-3b-misc","[{""every"":10000}]","0:15:00","embed","true","true","logs","","512","1","jax.numpy.bfloat16","jax.numpy.bfloat16","jax.numpy.float32","125","4","4","false","100","false","5","true","true","1","1","true","0","false","10","[""mlp"",""heads""]","levanter-seqmoe","allow","true","false","256","levanter-seqmoe","allow","true","false","0","","tpu","0.607833206653595","","","","","","","","","","","","","","","","","","","","","","","","","","","","","124","4","1","0.000013920071978645863","3124746240","1","TPU v4","93111938187264","1100000000000000","275000000000000","2955745365.8165083","130023424","","","","","","","","","","","","","","","","","","","","","","","","","","","","","279074","94374912"
"rstarcoder_sweep_routed_mlp_zloss_scaling_1","38c5ec219fc54912f227562e661d9e9a598d5454","2025-03-22T06:48:55.000Z","23481","2025-03-22T13:20:16.000Z","t1v-n-1d410434-w-0","z3vmoseq","-","2025-03-22T13:20:16.000Z","routed_mlp_zloss_scaling, rstarcoder_sweep","38c5ec219fc54912f227562e661d9e9a598d5454","0","","false","z3vmoseq","","rstarcoder_sweep_routed_mlp_zloss_scaling_1","[""rstarcoder_sweep"",""routed_mlp_zloss_scaling""]","","rstarcoder_sweep_routed_mlp_zloss_scaling_1","[""rstarcoder_sweep"",""routed_mlp_zloss_scaling""]","0.6057450771331787","0.6057450771331787","0.605750322341919","","31","0.12889082729816437","0.015877703204751015","0.03713412582874298","0.0007355304551310837","85.7360884080008","2.9859071571092386","370698.1368608861","0.15938540000206558","33.69983062371692","12230.27571551944","0.5833845734596252","0.5833845734596252","0.5833895206451416","","31","0.1254376769065857","0.003286299001047155","finished","","","","","","","","","false","false","gs://usc2-datacache/20250122-flattened-shuffled/starcoder","128","4","6442450944","128","3221225472","512MB","flattened","<|endoftext|>","content","path","<file_sep>","files","blob_id","<fim_middle>","true","<fim_pad>","false","false","false","<fim_prefix>","<>|","repo_name","<repo_name>","","<|router|>","false","<fim_suffix>","bigcode/starcoder2-3b","[""gs://usc-stack-v2/20250122-flattened-shuffled/shard-{00..58}.jsonl.gz""]","[""gs://usc-stack-v2/20250122-flattened-shuffled/shard-{59..60}.jsonl.gz""]","false","0","false","","","","","","","","","","","bigcode/starcoder2-3b","gelu_new","SPLASH","false","","MLP_ZERO_DOWN","0.01","128","MLP","512","true","5","3072","false","0.02","12288","0.00001","","","false","32","24","2","30","true","meta-llama/Llama-2-7b-hf","1","999999.4420358812","false","false","softmax","0.02","1","true","4096","true","4","false","true","true","true","","0.9","0.95","1e-8","0.000139","cosine","1","0.1","0","0.01","0","true","0.00004","gs://usc2-ckpt/starcoder2-3b-state-dicts","8","batch","true","gs://usc2-ckpt/starcoder2-3b-misc","[{""every"":10000}]","0:15:00","embed","true","true","logs","","512","1","jax.numpy.bfloat16","jax.numpy.bfloat16","jax.numpy.float32","250","4","4","false","100","false","5","true","true","1","1","true","0","false","10","[""mlp"",""heads""]","levanter-seqmoe","allow","true","false","256","levanter-seqmoe","allow","true","false","0","","tpu","0.6057450771331787","","","","","","","","","","","","","","","","","","","","","","","","","","","","","249","4","1","0.00001390501893183682","3879828480","1","TPU v4","124149250916352","1100000000000000","275000000000000","7913769850.411942","261095424","","","","","","","","","","","","","","","","","","","","","","","","","","","","","273839","849457152"
"rstarcoder_sweep_lora_noanneal_96","38c5ec219fc54912f227562e661d9e9a598d5454","2025-03-22T06:47:59.000Z","24271","2025-03-22T13:32:30.000Z","t1v-n-68a47a9f-w-0","ap5tw3wy","-","2025-03-22T13:32:30.000Z","lora_noanneal, rstarcoder_sweep","38c5ec219fc54912f227562e661d9e9a598d5454","0","","false","ap5tw3wy","","rstarcoder_sweep_lora_noanneal_96","[""rstarcoder_sweep"",""lora_noanneal""]","","rstarcoder_sweep_lora_noanneal_96","[""rstarcoder_sweep"",""lora_noanneal""]","0.6130900979042053","0.6130900979042053","0.6130900979042053","","1","","0.1401454508304596","0.4533044695854187","0","37.25090251400252","6.872316715112346","639894.7291808418","0.17373788400072954","58.172248107349255","28149.00926510017","0.5700368285179138","0.5700368285179138","0.5700368285179138","","1","","0.003379179997864412","finished","","","","","","","","","false","false","gs://usc2-datacache/20250122-flattened-shuffled/starcoder","128","4","6442450944","128","3221225472","512MB","flattened","<|endoftext|>","content","path","<file_sep>","files","blob_id","<fim_middle>","true","<fim_pad>","false","false","false","<fim_prefix>","<>|","repo_name","<repo_name>","","<|router|>","false","<fim_suffix>","bigcode/starcoder2-3b","[""gs://usc-stack-v2/20250122-flattened-shuffled/shard-{00..58}.jsonl.gz""]","[""gs://usc-stack-v2/20250122-flattened-shuffled/shard-{59..60}.jsonl.gz""]","false","0","false","","","","","","","","","","","bigcode/starcoder2-3b","gelu_new","SPLASH","false","","LORA_ZERO_B","0.01","16","LORA","512","true","5","3072","true","0.02","12288","0.00001","","","false","1","24","2","30","false","meta-llama/Llama-2-7b-hf","1","999999.4420358812","false","false","softmax","0.02","1","true","4096","true","1","false","true","true","true","","0.9","0.95","1e-8","0.001","constant","1","0.1","0","0.01","0","true","0","gs://usc2-ckpt/starcoder2-3b-state-dicts","8","batch","true","gs://usc2-ckpt/starcoder2-3b-misc","[{""every"":10000}]","0:15:00","embed","true","true","logs","","512","1","jax.numpy.bfloat16","jax.numpy.bfloat16","jax.numpy.float32","500","4","4","false","100","false","5","true","true","1","1","true","0","false","10","[""mlp"",""heads""]","levanter-seqmoe","allow","true","false","256","levanter-seqmoe","allow","true","false","0","","tpu","0.6090929508209229","","","","","","","","","","","","","","","","","","","","","","","","","","","","","499","4","1","0.0010000000474974513","3054213120","1","TPU v4","93111938187264","1100000000000000","275000000000000","11894491431.793852","523239424","","","","","","","","","","","","","","","","","","","","","","","","","","","","","302463","23841792"
"rstarcoder_sweep_lora_noanneal_94","38c5ec219fc54912f227562e661d9e9a598d5454","2025-03-22T06:47:06.000Z","20708","2025-03-22T12:32:14.000Z","t1v-n-f2c03a32-w-0","l4bhc5de","-","2025-03-22T12:32:14.000Z","lora_noanneal, rstarcoder_sweep","38c5ec219fc54912f227562e661d9e9a598d5454","0","","false","l4bhc5de","","rstarcoder_sweep_lora_noanneal_94","[""rstarcoder_sweep"",""lora_noanneal""]","","rstarcoder_sweep_lora_noanneal_94","[""rstarcoder_sweep"",""lora_noanneal""]","0.6069692373275757","0.6069692373275757","0.6069692373275757","","1","","0.0027049845084547997","0.008186335675418377","0","37.25165842500064","6.872177261997849","639881.7444310649","0.1522348870021233","58.17106767555136","28148.43806514319","0.5639930367469788","0.5639930367469788","0.5639930367469788","","1","","0.003107319000264397","finished","","","","","","","","","false","false","gs://usc2-datacache/20250122-flattened-shuffled/starcoder","128","4","6442450944","128","3221225472","512MB","flattened","<|endoftext|>","content","path","<file_sep>","files","blob_id","<fim_middle>","true","<fim_pad>","false","false","false","<fim_prefix>","<>|","repo_name","<repo_name>","","<|router|>","false","<fim_suffix>","bigcode/starcoder2-3b","[""gs://usc-stack-v2/20250122-flattened-shuffled/shard-{00..58}.jsonl.gz""]","[""gs://usc-stack-v2/20250122-flattened-shuffled/shard-{59..60}.jsonl.gz""]","false","0","false","","","","","","","","","","","bigcode/starcoder2-3b","gelu_new","SPLASH","false","","LORA_ZERO_B","0.01","16","LORA","512","true","5","3072","true","0.02","12288","0.00001","","","false","1","24","2","30","false","meta-llama/Llama-2-7b-hf","1","999999.4420358812","false","false","softmax","0.02","1","true","4096","true","1","false","true","true","true","","0.9","0.95","1e-8","0.000139","constant","1","0.1","0","0.01","0","true","0","gs://usc2-ckpt/starcoder2-3b-state-dicts","8","batch","true","gs://usc2-ckpt/starcoder2-3b-misc","[{""every"":10000}]","0:15:00","embed","true","true","logs","","512","1","jax.numpy.bfloat16","jax.numpy.bfloat16","jax.numpy.float32","500","4","4","false","100","false","5","true","true","1","1","true","0","false","10","[""mlp"",""heads""]","levanter-seqmoe","allow","true","false","256","levanter-seqmoe","allow","true","false","0","","tpu","0.6069692373275757","","","","","","","","","","","","","","","","","","","","","","","","","","","","","499","4","1","0.00013899999612476677","3054213120","1","TPU v4","93111938187264","1100000000000000","275000000000000","11894491431.793852","523239424","","","","","","","","","","","","","","","","","","","","","","","","","","","","","302463","23841792"
"rstarcoder_sweep_routed_mlp_zloss_scaling_0","38c5ec219fc54912f227562e661d9e9a598d5454","2025-03-22T06:46:36.000Z","11924","2025-03-22T10:05:20.000Z","t1v-n-a74dad08-w-0","etrxsbh7","-","2025-03-22T10:05:20.000Z","routed_mlp_zloss_scaling, rstarcoder_sweep","38c5ec219fc54912f227562e661d9e9a598d5454","0","","false","etrxsbh7","","rstarcoder_sweep_routed_mlp_zloss_scaling_0","[""rstarcoder_sweep"",""routed_mlp_zloss_scaling""]","","rstarcoder_sweep_routed_mlp_zloss_scaling_0","[""rstarcoder_sweep"",""routed_mlp_zloss_scaling""]","0.6063023209571838","0.6063023209571838","0.6063132286071777","","30","0.27147889137268066","0.011347504332661629","0.02795453555881977","0.0014087710296735168","85.74072236699976","2.9857457802166865","370678.10204056057","0.15626447300019208","33.698009276414595","12229.614715767548","0.585692822933197","0.585692822933197","0.5857019424438477","","29","0.22977107763290405","0.003261059999204008","finished","","","","","","","","","false","false","gs://usc2-datacache/20250122-flattened-shuffled/starcoder","128","4","6442450944","128","3221225472","512MB","flattened","<|endoftext|>","content","path","<file_sep>","files","blob_id","<fim_middle>","true","<fim_pad>","false","false","false","<fim_prefix>","<>|","repo_name","<repo_name>","","<|router|>","false","<fim_suffix>","bigcode/starcoder2-3b","[""gs://usc-stack-v2/20250122-flattened-shuffled/shard-{00..58}.jsonl.gz""]","[""gs://usc-stack-v2/20250122-flattened-shuffled/shard-{59..60}.jsonl.gz""]","false","0","false","","","","","","","","","","","bigcode/starcoder2-3b","gelu_new","SPLASH","false","","MLP_ZERO_DOWN","0.01","128","MLP","512","true","5","3072","false","0.02","12288","0.00001","","","false","32","24","2","30","true","meta-llama/Llama-2-7b-hf","1","999999.4420358812","false","false","softmax","0.02","1","true","4096","true","4","false","true","true","true","","0.9","0.95","1e-8","0.000139","cosine","1","0.1","0","0.01","0","true","0.00004","gs://usc2-ckpt/starcoder2-3b-state-dicts","8","batch","true","gs://usc2-ckpt/starcoder2-3b-misc","[{""every"":10000}]","0:15:00","embed","true","true","logs","","512","1","jax.numpy.bfloat16","jax.numpy.bfloat16","jax.numpy.float32","125","4","4","false","100","false","5","true","true","1","1","true","0","false","10","[""mlp"",""heads""]","levanter-seqmoe","allow","true","false","256","levanter-seqmoe","allow","true","false","0","","tpu","0.6062785983085632","","","","","","","","","","","","","","","","","","","","","","","","","","","","","124","4","1","0.000013920071978645863","3879828480","1","TPU v4","124149250916352","1100000000000000","275000000000000","3940993821.088678","130023424","","","","","","","","","","","","","","","","","","","","","","","","","","","","","279074","849457152"
"rstarcoder_sweep_lora_noanneal_90","38c5ec219fc54912f227562e661d9e9a598d5454","2025-03-22T06:10:35.000Z","25335","2025-03-22T13:12:50.000Z","t1v-n-3827b1f9-w-0","sk3ug2y2","-","2025-03-22T13:12:50.000Z","lora_noanneal, rstarcoder_sweep","38c5ec219fc54912f227562e661d9e9a598d5454","0","","false","sk3ug2y2","","rstarcoder_sweep_lora_noanneal_90","[""rstarcoder_sweep"",""lora_noanneal""]","","rstarcoder_sweep_lora_noanneal_90","[""rstarcoder_sweep"",""lora_noanneal""]","0.6108638644218445","0.6108638644218445","0.6108638644218445","","1","","0.10346496850252151","1.0309706926345823","0","37.250332226001774","6.872421927590349","639904.5257185902","0.16634496200276772","58.17313870169002","28149.440215410068","0.567406177520752","0.567406177520752","0.567406177520752","","1","","0.0033399989988538437","finished","","","","","","","","","false","false","gs://usc2-datacache/20250122-flattened-shuffled/starcoder","128","4","6442450944","128","3221225472","512MB","flattened","<|endoftext|>","content","path","<file_sep>","files","blob_id","<fim_middle>","true","<fim_pad>","false","false","false","<fim_prefix>","<>|","repo_name","<repo_name>","","<|router|>","false","<fim_suffix>","bigcode/starcoder2-3b","[""gs://usc-stack-v2/20250122-flattened-shuffled/shard-{00..58}.jsonl.gz""]","[""gs://usc-stack-v2/20250122-flattened-shuffled/shard-{59..60}.jsonl.gz""]","false","0","false","","","","","","","","","","","bigcode/starcoder2-3b","gelu_new","SPLASH","false","","LORA_ZERO_B","0.01","16","LORA","512","true","5","3072","true","0.02","12288","0.00001","","","false","1","24","2","30","false","meta-llama/Llama-2-7b-hf","1","999999.4420358812","false","false","softmax","0.02","1","true","4096","true","1","false","true","true","true","","0.9","0.95","1e-8","0.000003","constant","1","0.1","0","0.01","0","true","0","gs://usc2-ckpt/starcoder2-3b-state-dicts","8","batch","true","gs://usc2-ckpt/starcoder2-3b-misc","[{""every"":10000}]","0:15:00","embed","true","true","logs","","512","1","jax.numpy.bfloat16","jax.numpy.bfloat16","jax.numpy.float32","500","4","4","false","100","false","5","true","true","1","1","true","0","false","10","[""mlp"",""heads""]","levanter-seqmoe","allow","true","false","256","levanter-seqmoe","allow","true","false","0","","tpu","0.6108638644218445","","","","","","","","","","","","","","","","","","","","","","","","","","","","","499","4","1","0.000003000000106112566","3054213120","1","TPU v4","93111938187264","1100000000000000","275000000000000","11894491431.793852","523239424","","","","","","","","","","","","","","","","","","","","","","","","","","","","","302463","23841792"
"rstarcoder_sweep_lora_noanneal_93","38c5ec219fc54912f227562e661d9e9a598d5454","2025-03-22T06:03:15.000Z","23349","2025-03-22T12:32:24.000Z","t1v-n-3827b1f9-w-0","cw5thunp","-","2025-03-22T12:32:24.000Z","lora_noanneal, rstarcoder_sweep","38c5ec219fc54912f227562e661d9e9a598d5454","0","","false","cw5thunp","","rstarcoder_sweep_lora_noanneal_93","[""rstarcoder_sweep"",""lora_noanneal""]","","rstarcoder_sweep_lora_noanneal_93","[""rstarcoder_sweep"",""lora_noanneal""]","0.6072141528129578","0.6072141528129578","0.6072141528129578","","1","","0.003853260539472103","0.021076906472444534","0","37.25326447000043","6.871880991963898","639854.1581539769","0.21417815699896892","58.16855983217971","28147.224543084125","0.5642451643943787","0.5642451643943787","0.5642451643943787","","1","","0.1978396970007452","failed","","","","","","","","","false","false","gs://usc2-datacache/20250122-flattened-shuffled/starcoder","128","4","6442450944","128","3221225472","512MB","flattened","<|endoftext|>","content","path","<file_sep>","files","blob_id","<fim_middle>","true","<fim_pad>","false","false","false","<fim_prefix>","<>|","repo_name","<repo_name>","","<|router|>","false","<fim_suffix>","bigcode/starcoder2-3b","[""gs://usc-stack-v2/20250122-flattened-shuffled/shard-{00..58}.jsonl.gz""]","[""gs://usc-stack-v2/20250122-flattened-shuffled/shard-{59..60}.jsonl.gz""]","false","0","false","","","","","","","","","","","bigcode/starcoder2-3b","gelu_new","SPLASH","false","","LORA_ZERO_B","0.01","16","LORA","512","true","5","3072","true","0.02","12288","0.00001","","","false","1","24","2","30","false","meta-llama/Llama-2-7b-hf","1","999999.4420358812","false","false","softmax","0.02","1","true","4096","true","1","false","true","true","true","","0.9","0.95","1e-8","0.000052","constant","1","0.1","0","0.01","0","true","0","gs://usc2-ckpt/starcoder2-3b-state-dicts","8","batch","true","gs://usc2-ckpt/starcoder2-3b-misc","[{""every"":10000}]","0:15:00","embed","true","true","logs","","512","1","jax.numpy.bfloat16","jax.numpy.bfloat16","jax.numpy.float32","500","4","4","false","100","false","5","true","true","1","1","true","0","false","10","[""mlp"",""heads""]","levanter-seqmoe","allow","true","false","256","levanter-seqmoe","allow","true","false","0","","tpu","0.6071602702140808","","","","","","","","","","","","","","","","","","","","","","","","","","","","","499","4","1","0.00005199999941396527","3054213120","1","TPU v4","93111938187264","1100000000000000","275000000000000","11894491431.793852","523239424","","","","","","","","","","","","","","","","","","","","","","","","","","","","","302463","23841792"
"rstarcoder_sweep_lora_noanneal_95","38c5ec219fc54912f227562e661d9e9a598d5454","2025-03-22T06:02:10.000Z","45849","2025-03-22T18:46:19.000Z","t1v-n-b71e9d20-w-0","yei3c5rp","-","2025-03-22T18:46:19.000Z","lora_noanneal, rstarcoder_sweep","38c5ec219fc54912f227562e661d9e9a598d5454","0","","false","yei3c5rp","","rstarcoder_sweep_lora_noanneal_95","[""rstarcoder_sweep"",""lora_noanneal""]","","rstarcoder_sweep_lora_noanneal_95","[""rstarcoder_sweep"",""lora_noanneal""]","0.6076652407646179","0.6076652407646179","0.6076652407646179","","1","","0.08853267878293991","0.38043412566185","0","37.25110778900125","6.872278844700196","639891.2029933668","0.1553987270017387","58.17192754485152","28148.854147892","0.5643815398216248","0.5643815398216248","0.56438148021698","","1","","0.0037369089986896142","finished","","","","","","","","","false","false","gs://usc2-datacache/20250122-flattened-shuffled/starcoder","128","4","6442450944","128","3221225472","512MB","flattened","<|endoftext|>","content","path","<file_sep>","files","blob_id","<fim_middle>","true","<fim_pad>","false","false","false","<fim_prefix>","<>|","repo_name","<repo_name>","","<|router|>","false","<fim_suffix>","bigcode/starcoder2-3b","[""gs://usc-stack-v2/20250122-flattened-shuffled/shard-{00..58}.jsonl.gz""]","[""gs://usc-stack-v2/20250122-flattened-shuffled/shard-{59..60}.jsonl.gz""]","false","0","false","","","","","","","","","","","bigcode/starcoder2-3b","gelu_new","SPLASH","false","","LORA_ZERO_B","0.01","16","LORA","512","true","5","3072","true","0.02","12288","0.00001","","","false","1","24","2","30","false","meta-llama/Llama-2-7b-hf","1","999999.4420358812","false","false","softmax","0.02","1","true","4096","true","1","false","true","true","true","","0.9","0.95","1e-8","0.000373","constant","1","0.1","0","0.01","0","true","0","gs://usc2-ckpt/starcoder2-3b-state-dicts","8","batch","true","gs://usc2-ckpt/starcoder2-3b-misc","[{""every"":10000}]","0:15:00","embed","true","true","logs","","512","1","jax.numpy.bfloat16","jax.numpy.bfloat16","jax.numpy.float32","500","4","4","false","100","false","5","true","true","1","1","true","0","false","10","[""mlp"",""heads""]","levanter-seqmoe","allow","true","false","256","levanter-seqmoe","allow","true","false","0","","tpu","0.6074362993240356","","","","","","","","","","","","","","","","","","","","","","","","","","","","","499","4","1","0.0003729999880306422","3054213120","1","TPU v4","93111938187264","1100000000000000","275000000000000","11894491431.793852","523239424","","","","","","","","","","","","","","","","","","","","","","","","","","","","","302463","23841792"
"rstarcoder_sweep_lora_noanneal_91","4c89513d877eb57ebd59bdb4abc1fb92dbc97a7d","2025-03-22T05:30:36.000Z","121680","2025-03-23T15:18:36.000Z","t1v-n-cb465963-w-0","qv7wy6x2","-","2025-03-23T15:18:36.000Z","lora_noanneal, rstarcoder_sweep","4c89513d877eb57ebd59bdb4abc1fb92dbc97a7d","0","","true","qv7wy6x2","","rstarcoder_sweep_lora_noanneal_91","[]","","rstarcoder_sweep_lora_noanneal_91","[]","0.6087968349456787","0.6087968349456787","0.6087968349456787","","1","","0.003735226346179843","0.017867371439933777","0","37.2740507540002","6.868048812015057","639497.3364514579","0.16178949499953887","58.13612149558707","28131.527934013673","0.5654520988464355","0.5654520988464355","0.5654520988464355","","1","","0.0031220989985740744","finished","","","","","","","","","false","false","gs://usc2-datacache/20250122-flattened-shuffled/starcoder","128","4","6442450944","128","3221225472","512MB","flattened","<|endoftext|>","content","path","<file_sep>","files","blob_id","<fim_middle>","true","<fim_pad>","false","false","false","<fim_prefix>","<>|","repo_name","<repo_name>","","<|router|>","false","<fim_suffix>","bigcode/starcoder2-3b","[""gs://usc-stack-v2/20250122-flattened-shuffled/shard-{00..58}.jsonl.gz""]","[""gs://usc-stack-v2/20250122-flattened-shuffled/shard-{59..60}.jsonl.gz""]","false","0","false","","","","","","","","","","","bigcode/starcoder2-3b","gelu_new","SPLASH","false","","LORA_ZERO_B","0.01","16","LORA","512","true","5","3072","true","0.02","12288","0.00001","","","false","1","24","2","30","false","meta-llama/Llama-2-7b-hf","1","999999.4420358812","false","false","softmax","0.02","1","true","4096","true","1","false","true","true","true","","0.9","0.95","1e-8","0.000007","constant","1","0.1","0","0.01","0","true","0","gs://usc2-ckpt/starcoder2-3b-state-dicts","8","batch","true","gs://usc2-ckpt/starcoder2-3b-misc","[{""every"":10000}]","0:15:00","embed","true","true","logs","","512","1","jax.numpy.bfloat16","jax.numpy.bfloat16","jax.numpy.float32","500","4","4","false","100","false","5","true","true","1","1","true","0","false","10","[""mlp"",""heads""]","levanter-seqmoe","allow","true","false","256","levanter-seqmoe","allow","true","false","0","","tpu","0.6087968349456787","","","","","","","","","","","","","","","","","","","","","","","","","","","","","499","4","1","0.000007000000096013537","3054213120","1","TPU v4","93111938187264","1100000000000000","275000000000000","11894491431.793852","523239424","","","","","","","","","","","","","","","","","","","","","","","","","","","","","302463","23841792"
"rstarcoder_sweep_lora_noanneal_89","38c5ec219fc54912f227562e661d9e9a598d5454","2025-03-22T05:22:08.000Z","28053","2025-03-22T13:09:41.000Z","t1v-n-3827b1f9-w-0","odzjqh5b","-","2025-03-22T13:09:41.000Z","lora_noanneal, rstarcoder_sweep","38c5ec219fc54912f227562e661d9e9a598d5454","0","","false","odzjqh5b","","rstarcoder_sweep_lora_noanneal_89","[""rstarcoder_sweep"",""lora_noanneal""]","","rstarcoder_sweep_lora_noanneal_89","[""rstarcoder_sweep"",""lora_noanneal""]","0.621760368347168","0.621760368347168","0.621760368347168","","1","","0.06222990155220032","0.5185011029243469","0","37.24958209000761","6.872560325144516","639917.4121830991","0.1676149139966583","58.17431019846355","28150.007091791937","0.5765572190284729","0.5765572190284729","0.5765571594238281","","1","","0.003082950002863072","finished","","","","","","","","","false","false","gs://usc2-datacache/20250122-flattened-shuffled/starcoder","128","4","6442450944","128","3221225472","512MB","flattened","<|endoftext|>","content","path","<file_sep>","files","blob_id","<fim_middle>","true","<fim_pad>","false","false","false","<fim_prefix>","<>|","repo_name","<repo_name>","","<|router|>","false","<fim_suffix>","bigcode/starcoder2-3b","[""gs://usc-stack-v2/20250122-flattened-shuffled/shard-{00..58}.jsonl.gz""]","[""gs://usc-stack-v2/20250122-flattened-shuffled/shard-{59..60}.jsonl.gz""]","false","0","false","","","","","","","","","","","bigcode/starcoder2-3b","gelu_new","SPLASH","false","","LORA_ZERO_B","0.01","16","LORA","512","true","5","3072","true","0.02","12288","0.00001","","","false","1","24","2","30","false","meta-llama/Llama-2-7b-hf","1","999999.4420358812","false","false","softmax","0.02","1","true","4096","true","1","false","true","true","true","","0.9","0.95","1e-8","0.000001","constant","1","0.1","0","0.01","0","true","0","gs://usc2-ckpt/starcoder2-3b-state-dicts","8","batch","true","gs://usc2-ckpt/starcoder2-3b-misc","[{""every"":10000}]","0:15:00","embed","true","true","logs","","512","1","jax.numpy.bfloat16","jax.numpy.bfloat16","jax.numpy.float32","500","4","4","false","100","false","5","true","true","1","1","true","0","false","10","[""mlp"",""heads""]","levanter-seqmoe","allow","true","false","256","levanter-seqmoe","allow","true","false","0","","tpu","0.621760368347168","","","","","","","","","","","","","","","","","","","","","","","","","","","","","499","4","1","9.999999974752427e-7","3054213120","1","TPU v4","93111938187264","1100000000000000","275000000000000","11894491431.793852","523239424","","","","","","","","","","","","","","","","","","","","","","","","","","","","","302463","23841792"
"rstarcoder_sweep_fullft_completion_0","38c5ec219fc54912f227562e661d9e9a598d5454","2025-03-22T05:21:34.000Z","16730","2025-03-22T10:00:24.000Z","t1v-n-b71e9d20-w-0","ow3sb35r","-","2025-03-22T10:00:24.000Z","full_ft_completion, rstarcoder_sweep","38c5ec219fc54912f227562e661d9e9a598d5454","0","","false","ow3sb35r","","rstarcoder_sweep_fullft_completion_0","[""rstarcoder_sweep"",""full_ft_completion""]","","rstarcoder_sweep_fullft_completion_0","[""rstarcoder_sweep"",""full_ft_completion""]","0.630365788936615","0.630365788936615","0.630365788936615","","","","0.042484939098358154","0.29525771737098694","0","42.9280382799916","5.963468405667153","740360.135426909","0.16432793300191406","67.30546685699173","24426.36658961266","0.6077006459236145","0.6077006459236145","0.6077006459236145","","","","0.0033804000122472644","finished","","","","","","","","","false","false","gs://usc2-datacache/20250122-flattened-shuffled/starcoder","128","4","6442450944","128","3221225472","512MB","flattened","<|endoftext|>","content","path","<file_sep>","files","blob_id","<fim_middle>","true","<fim_pad>","false","false","false","<fim_prefix>","<>|","repo_name","<repo_name>","","<|router|>","false","<fim_suffix>","bigcode/starcoder2-3b","[""gs://usc-stack-v2/20250122-flattened-shuffled/shard-{00..58}.jsonl.gz""]","[""gs://usc-stack-v2/20250122-flattened-shuffled/shard-{59..60}.jsonl.gz""]","false","0","true","","","","","","","","","","","bigcode/starcoder2-3b","gelu_new","SPLASH","true","","MLP_ZERO_DOWN","0.01","128","MLP","512","true","5","3072","false","0.02","12288","0.00001","","","false","1","24","2","30","false","meta-llama/Llama-2-7b-hf","1","999999.4420358812","false","false","softmax","0.02","1","true","4096","true","1","false","true","true","true","","0.9","0.95","1e-8","0.00003","constant","1","0.1","0","0.01","0","true","0","gs://usc2-ckpt/starcoder2-3b-state-dicts","8","batch","true","gs://usc2-ckpt/starcoder2-3b-misc","[{""every"":10000}]","0:15:00","embed","true","true","logs","","512","1","jax.numpy.bfloat16","jax.numpy.bfloat16","jax.numpy.float32","350","4","4","false","100","false","5","true","true","1","1","true","0","false","10","[""mlp"",""heads""]","levanter-seqmoe","allow","true","false","256","levanter-seqmoe","allow","true","false","0","","tpu","0.624617874622345","","","","","","","","","","","","","","","","","","","","","","","","","","","","","349","4","1","0.000029999999242136255","3053967360","1","TPU v4","124149250916352","1100000000000000","275000000000000","11091990673.870554","365953024","","","","","","","","","","","","","","","","","","","","","","","","","","","","","281027","3053967360"
"rstarcoder_sweep_fullft_noanneal_0","38c5ec219fc54912f227562e661d9e9a598d5454","2025-03-21T16:52:44.000Z","16683","2025-03-21T21:30:47.000Z","t1v-n-5a2f0ca3-w-0","menldnji","-","2025-03-21T21:30:47.000Z","full_ft_noanneal, rstarcoder_sweep","38c5ec219fc54912f227562e661d9e9a598d5454","0","","false","menldnji","","rstarcoder_sweep_fullft_noanneal_0","[""rstarcoder_sweep"",""full_ft_noanneal""]","","rstarcoder_sweep_fullft_noanneal_0","[""rstarcoder_sweep"",""full_ft_noanneal""]","0.7864488363265991","0.6186008453369141","0.7864488363265991","","","","0.02818138524889946","0.20963320136070251","0","42.92806128099619","5.963465210420033","740359.7387393725","0.16226672599441372","67.3054307944884","24426.353501880458","0.7904422283172607","0.5974927544593811","0.7904424071311951","","","","0.003201740000804421","finished","","","","","","","","","false","false","gs://usc2-datacache/20250122-flattened-shuffled/starcoder","128","4","6442450944","128","3221225472","512MB","flattened","<|endoftext|>","content","path","<file_sep>","files","blob_id","<fim_middle>","true","<fim_pad>","true","true","false","<fim_prefix>","<>|","repo_name","<repo_name>","","<|router|>","false","<fim_suffix>","bigcode/starcoder2-3b","[""gs://usc-stack-v2/20250122-flattened-shuffled/shard-{00..58}.jsonl.gz""]","[""gs://usc-stack-v2/20250122-flattened-shuffled/shard-{59..60}.jsonl.gz""]","false","0","true","","","","","","","","","","","bigcode/starcoder2-3b","gelu_new","SPLASH","true","","MLP_ZERO_DOWN","0.01","128","MLP","512","true","5","3072","false","0.02","12288","0.00001","","","false","1","24","2","30","false","meta-llama/Llama-2-7b-hf","1","999999.4420358812","false","false","softmax","0.02","1","true","4096","true","1","false","true","true","true","","0.9","0.95","1e-8","0.00003","constant","1","0.1","0","0.01","0","true","0","gs://usc2-ckpt/starcoder2-3b-state-dicts","8","batch","true","gs://usc2-ckpt/starcoder2-3b-misc","[{""every"":10000}]","0:15:00","embed","true","true","logs","","512","1","jax.numpy.bfloat16","jax.numpy.bfloat16","jax.numpy.float32","350","4","4","false","100","false","5","true","true","1","1","true","0","false","10","[""mlp"",""heads""]","levanter-seqmoe","allow","true","false","256","levanter-seqmoe","allow","true","false","0","","tpu","0.616852879524231","","","","","","","","","","","","","","","","","","","","","","","","","","","","","349","4","1","0.000029999999242136255","3053967360","1","TPU v4","124149250916352","1100000000000000","275000000000000","11091990673.870554","365953024","","","","","","","","","","","","","","","","","","","","","","","","","","","","","858496","3053967360"
"rstarcoder_sweep_routed_mlp_scaling_0","38c5ec219fc54912f227562e661d9e9a598d5454","2025-03-21T12:36:38.000Z","11861","2025-03-21T15:54:19.000Z","t1v-n-5a2f0ca3-w-0","2sqrebfa","-","2025-03-21T15:54:19.000Z","routed_mlp_scaling, rstarcoder_sweep","38c5ec219fc54912f227562e661d9e9a598d5454","0","","false","2sqrebfa","","rstarcoder_sweep_routed_mlp_scaling_0","[""rstarcoder_sweep"",""routed_mlp_scaling""]","","rstarcoder_sweep_routed_mlp_scaling_0","[""rstarcoder_sweep"",""routed_mlp_scaling""]","0.6063824892044067","0.6063824892044067","0.6063824892044067","","32","","0.010572686791419985","0.026934420689940453","0.0000336820594384335","85.73904432400013","2.985804215785273","370685.3567726275","0.16986634500062792","33.69866879751159","12229.85406785648","0.5855103731155396","0.5855103731155396","0.58551025390625","","25","","0.003203180000127759","finished","","","","","","","","","false","false","gs://usc2-datacache/20250122-flattened-shuffled/starcoder","128","4","6442450944","128","3221225472","512MB","flattened","<|endoftext|>","content","path","<file_sep>","files","blob_id","<fim_middle>","true","<fim_pad>","false","false","false","<fim_prefix>","<>|","repo_name","<repo_name>","","<|router|>","false","<fim_suffix>","bigcode/starcoder2-3b","[""gs://usc-stack-v2/20250122-flattened-shuffled/shard-{00..58}.jsonl.gz""]","[""gs://usc-stack-v2/20250122-flattened-shuffled/shard-{59..60}.jsonl.gz""]","false","0","false","","","","","","","","","","","bigcode/starcoder2-3b","gelu_new","SPLASH","false","","MLP_ZERO_DOWN","0.01","128","MLP","512","true","5","3072","false","0.02","12288","0.00001","","","false","32","24","2","30","true","meta-llama/Llama-2-7b-hf","1","999999.4420358812","false","false","softmax","0.02","1","true","4096","true","4","false","true","true","true","","0.9","0.95","1e-8","0.000139","cosine","1","0.1","0","0.01","0","true","0","gs://usc2-ckpt/starcoder2-3b-state-dicts","8","batch","true","gs://usc2-ckpt/starcoder2-3b-misc","[{""every"":10000}]","0:15:00","embed","true","true","logs","","512","1","jax.numpy.bfloat16","jax.numpy.bfloat16","jax.numpy.float32","125","4","4","false","100","false","5","true","true","1","1","true","0","false","10","[""mlp"",""heads""]","levanter-seqmoe","allow","true","false","256","levanter-seqmoe","allow","true","false","0","","tpu","0.6063824892044067","","","","","","","","","","","","","","","","","","","","","","","","","","","","","124","4","1","0.000013920071978645863","3879828480","1","TPU v4","124149250916352","1100000000000000","275000000000000","3940993821.088678","130023424","","","","","","","","","","","","","","","","","","","","","","","","","","","","","279074","849457152"
"rstarcoder_sweep_routed_mlp_zloss_1","38c5ec219fc54912f227562e661d9e9a598d5454","2025-03-21T12:33:10.000Z","46652","2025-03-22T01:30:42.000Z","t1v-n-b4cf25a9-w-0","zdr5wwu5","-","2025-03-22T01:30:42.000Z","routed_mlp_zloss, rstarcoder_sweep","38c5ec219fc54912f227562e661d9e9a598d5454","0","","false","zdr5wwu5","","rstarcoder_sweep_routed_mlp_zloss_1","[""rstarcoder_sweep"",""routed_mlp_zloss""]","","rstarcoder_sweep_routed_mlp_zloss_1","[""rstarcoder_sweep"",""routed_mlp_zloss""]","0.6051832437515259","0.6051832437515259","0.6051845550537109","","14","0.0008960574050433934","0.01430550031363964","0.031775329262018204","0.0003579140466172248","85.73432900299667","2.9859684326805898","370705.7441771688","0.17679516099451575","33.700522197924435","12230.526700259696","0.5623348951339722","0.5623348951339722","0.5623363852500916","","14","0.0009130585240200162","0.003663659997982904","finished","","","","","","","","","false","false","gs://usc2-datacache/20250122-flattened-shuffled/starcoder","128","4","6442450944","128","3221225472","512MB","flattened","<|endoftext|>","content","path","<file_sep>","files","blob_id","<fim_middle>","true","<fim_pad>","false","false","false","<fim_prefix>","<>|","repo_name","<repo_name>","","<|router|>","false","<fim_suffix>","bigcode/starcoder2-3b","[""gs://usc-stack-v2/20250122-flattened-shuffled/shard-{00..58}.jsonl.gz""]","[""gs://usc-stack-v2/20250122-flattened-shuffled/shard-{59..60}.jsonl.gz""]","false","0","false","","","","","","","","","","","bigcode/starcoder2-3b","gelu_new","SPLASH","false","","MLP_ZERO_DOWN","0.01","128","MLP","512","true","5","3072","false","0.02","12288","0.00001","","","false","32","24","2","30","true","meta-llama/Llama-2-7b-hf","1","999999.4420358812","false","false","softmax","0.02","1","true","4096","true","4","false","true","true","true","","0.9","0.95","1e-8","0.000139","cosine","1","0.1","0","0.01","0","true","0.001585","gs://usc2-ckpt/starcoder2-3b-state-dicts","8","batch","true","gs://usc2-ckpt/starcoder2-3b-misc","[{""every"":10000}]","0:15:00","embed","true","true","logs","","512","1","jax.numpy.bfloat16","jax.numpy.bfloat16","jax.numpy.float32","500","4","4","false","100","false","5","true","true","1","1","true","0","false","10","[""mlp"",""heads""]","levanter-seqmoe","allow","true","false","256","levanter-seqmoe","allow","true","false","0","","tpu","0.6051605939865112","","","","","","","","","","","","","","","","","","","","","","","","","","","","","499","4","1","0.000013901259990234394","3879828480","1","TPU v4","124149250916352","1100000000000000","275000000000000","15859321909.05847","523239424","","","","","","","","","","","","","","","","","","","","","","","","","","","","","302463","849457152"
"rstarcoder_sweep_routed_mlp_zloss_2","38c5ec219fc54912f227562e661d9e9a598d5454","2025-03-21T12:26:33.000Z","46722","2025-03-22T01:25:15.000Z","t1v-n-5e3ad592-w-0","boqwy6oc","-","2025-03-22T01:25:15.000Z","routed_mlp_zloss, rstarcoder_sweep","38c5ec219fc54912f227562e661d9e9a598d5454","0","","false","boqwy6oc","","rstarcoder_sweep_routed_mlp_zloss_2","[""rstarcoder_sweep"",""routed_mlp_zloss""]","","rstarcoder_sweep_routed_mlp_zloss_2","[""rstarcoder_sweep"",""routed_mlp_zloss""]","0.6051479578018188","0.6051479578018188","0.6051490902900696","","26","0.004461426287889481","0.012708905152976511","0.027440279722213745","0.00005409908044384792","85.73725694899622","2.985866461208229","370693.0844952605","0.2142706500017084","33.699371317750945","12230.109025108906","0.5623724460601807","0.5623724460601807","0.5623737573623657","","25","0.005144747905433178","0.003609920007875189","finished","","","","","","","","","false","false","gs://usc2-datacache/20250122-flattened-shuffled/starcoder","128","4","6442450944","128","3221225472","512MB","flattened","<|endoftext|>","content","path","<file_sep>","files","blob_id","<fim_middle>","true","<fim_pad>","false","false","false","<fim_prefix>","<>|","repo_name","<repo_name>","","<|router|>","false","<fim_suffix>","bigcode/starcoder2-3b","[""gs://usc-stack-v2/20250122-flattened-shuffled/shard-{00..58}.jsonl.gz""]","[""gs://usc-stack-v2/20250122-flattened-shuffled/shard-{59..60}.jsonl.gz""]","false","0","false","","","","","","","","","","","bigcode/starcoder2-3b","gelu_new","SPLASH","false","","MLP_ZERO_DOWN","0.01","128","MLP","512","true","5","3072","false","0.02","12288","0.00001","","","false","32","24","2","30","true","meta-llama/Llama-2-7b-hf","1","999999.4420358812","false","false","softmax","0.02","1","true","4096","true","4","false","true","true","true","","0.9","0.95","1e-8","0.000139","cosine","1","0.1","0","0.01","0","true","0.000251","gs://usc2-ckpt/starcoder2-3b-state-dicts","8","batch","true","gs://usc2-ckpt/starcoder2-3b-misc","[{""every"":10000}]","0:15:00","embed","true","true","logs","","512","1","jax.numpy.bfloat16","jax.numpy.bfloat16","jax.numpy.float32","500","4","4","false","100","false","5","true","true","1","1","true","0","false","10","[""mlp"",""heads""]","levanter-seqmoe","allow","true","false","256","levanter-seqmoe","allow","true","false","0","","tpu","0.6051454544067383","","","","","","","","","","","","","","","","","","","","","","","","","","","","","499","4","1","0.000013901259990234394","3879828480","1","TPU v4","124149250916352","1100000000000000","275000000000000","15859321909.05847","523239424","","","","","","","","","","","","","","","","","","","","","","","","","","","","","302463","849457152"
"rstarcoder_sweep_routed_mlp_no_prefill_exp","38c5ec219fc54912f227562e661d9e9a598d5454","2025-03-21T12:15:10.000Z","29789","2025-03-21T20:31:39.000Z","t1v-n-c16a4861-w-0","akg5adzi","-","2025-03-21T20:31:39.000Z","routed_mlp_no_prefill_exp, rstarcoder_sweep","38c5ec219fc54912f227562e661d9e9a598d5454","0","","false","akg5adzi","","rstarcoder_sweep_routed_mlp_no_prefill_exp","[""rstarcoder_sweep"",""routed_mlp_no_prefill_exp""]","","rstarcoder_sweep_routed_mlp_no_prefill_exp","[""rstarcoder_sweep"",""routed_mlp_no_prefill_exp""]","0.6070496439933777","0.6070496439933777","0.6070496439933777","","32","","0.007993224076926708","0.017634091898798943","0.001337192370556295","52.903287921100855","4.839018708663144","450570.4108880568","0.29991979291662574","40.9609464443688","19820.62063068424","0.5640385150909424","0.5640385150909424","0.5640384554862976","","32","","0.0040916099678725","finished","","","","","","","","","false","false","gs://usc2-datacache/20250122-flattened-shuffled/starcoder","128","4","6442450944","128","3221225472","512MB","flattened","<|endoftext|>","content","path","<file_sep>","files","blob_id","<fim_middle>","true","<fim_pad>","false","false","false","<fim_prefix>","<>|","repo_name","<repo_name>","","<|router|>","false","<fim_suffix>","bigcode/starcoder2-3b","[""gs://usc-stack-v2/20250122-flattened-shuffled/shard-{00..58}.jsonl.gz""]","[""gs://usc-stack-v2/20250122-flattened-shuffled/shard-{59..60}.jsonl.gz""]","false","0","false","","","","","","","","","","","bigcode/starcoder2-3b","gelu_new","SPLASH","false","","MLP_ZERO_DOWN","0.01","128","MLP","512","true","5","3072","false","0.02","12288","0.00001","","","false","32","24","2","30","false","meta-llama/Llama-2-7b-hf","1","999999.4420358812","false","false","softmax","0.02","1","true","4096","true","4","false","true","true","true","","0.9","0.95","1e-8","0.000139","cosine","1","0.1","0","0.01","0","true","0","gs://usc2-ckpt/starcoder2-3b-state-dicts","8","batch","true","gs://usc2-ckpt/starcoder2-3b-misc","[{""every"":10000}]","0:15:00","embed","true","true","logs","","512","1","jax.numpy.bfloat16","jax.numpy.bfloat16","jax.numpy.float32","500","4","4","false","100","false","5","true","true","1","1","true","0","false","10","[""mlp"",""heads""]","levanter-seqmoe","allow","true","false","256","levanter-seqmoe","allow","true","false","0","","tpu","0.6070496439933777","","","","","","","","","","","","","","","","","","","","","","","","","","","","","499","4","1","0.000013901259990234394","3785444352","1","TPU v4","93111938187264","1100000000000000","275000000000000","11894491431.793852","523239424","","","","","","","","","","","","","","","","","","","","","","","","","","","","","302463","755073024"
"rstarcoder_sweep_routed_mlp_scaling_1","38c5ec219fc54912f227562e661d9e9a598d5454","2025-03-21T12:13:55.000Z","23381","2025-03-21T18:43:36.000Z","t1v-n-7e9aa5a6-w-0","ubkqlyhj","-","2025-03-21T18:43:36.000Z","routed_mlp_scaling, rstarcoder_sweep","38c5ec219fc54912f227562e661d9e9a598d5454","0","","false","ubkqlyhj","","rstarcoder_sweep_routed_mlp_scaling_1","[""rstarcoder_sweep"",""routed_mlp_scaling""]","","rstarcoder_sweep_routed_mlp_scaling_1","[""rstarcoder_sweep"",""routed_mlp_scaling""]","0.6055601835250854","0.6055601835250854","0.6055601835250854","","31","","0.011906825006008148","0.028782086446881298","2.863892933566148e-15","85.73762441403233","2.985853664008231","370691.49573246686","0.1648550410754979","33.699226884769715","12230.056607777717","0.5833278298377991","0.5833278298377991","0.5833278894424438","","25","","0.0031492800917476416","finished","","","","","","","","","false","false","gs://usc2-datacache/20250122-flattened-shuffled/starcoder","128","4","6442450944","128","3221225472","512MB","flattened","<|endoftext|>","content","path","<file_sep>","files","blob_id","<fim_middle>","true","<fim_pad>","false","false","false","<fim_prefix>","<>|","repo_name","<repo_name>","","<|router|>","false","<fim_suffix>","bigcode/starcoder2-3b","[""gs://usc-stack-v2/20250122-flattened-shuffled/shard-{00..58}.jsonl.gz""]","[""gs://usc-stack-v2/20250122-flattened-shuffled/shard-{59..60}.jsonl.gz""]","false","0","false","","","","","","","","","","","bigcode/starcoder2-3b","gelu_new","SPLASH","false","","MLP_ZERO_DOWN","0.01","128","MLP","512","true","5","3072","false","0.02","12288","0.00001","","","false","32","24","2","30","true","meta-llama/Llama-2-7b-hf","1","999999.4420358812","false","false","softmax","0.02","1","true","4096","true","4","false","true","true","true","","0.9","0.95","1e-8","0.000139","cosine","1","0.1","0","0.01","0","true","0","gs://usc2-ckpt/starcoder2-3b-state-dicts","8","batch","true","gs://usc2-ckpt/starcoder2-3b-misc","[{""every"":10000}]","0:15:00","embed","true","true","logs","","512","1","jax.numpy.bfloat16","jax.numpy.bfloat16","jax.numpy.float32","250","4","4","false","100","false","5","true","true","1","1","true","0","false","10","[""mlp"",""heads""]","levanter-seqmoe","allow","true","false","256","levanter-seqmoe","allow","true","false","0","","tpu","0.6055553555488586","","","","","","","","","","","","","","","","","","","","","","","","","","","","","249","4","1","0.00001390501893183682","3879828480","1","TPU v4","124149250916352","1100000000000000","275000000000000","7913769850.411942","261095424","","","","","","","","","","","","","","","","","","","","","","","","","","","","","273839","849457152"
"rstarcoder_sweep_routed_mlp_zloss_3","38c5ec219fc54912f227562e661d9e9a598d5454","2025-03-21T08:17:09.000Z","46735","2025-03-21T21:16:04.000Z","t1v-n-af581622-w-0","k6xujkar","-","2025-03-25T06:08:35.000Z","routed_mlp_zloss, routed_mlp_zloss_scaling, rstarcoder_sweep","38c5ec219fc54912f227562e661d9e9a598d5454","0","","false","k6xujkar","","rstarcoder_sweep_routed_mlp_zloss_3","[""rstarcoder_sweep"",""routed_mlp_zloss""]","","rstarcoder_sweep_routed_mlp_zloss_3","[""rstarcoder_sweep"",""routed_mlp_zloss""]","0.6050723195075989","0.6050723195075989","0.6050743460655212","","32","0.04840819165110588","0.010553761385381222","0.023423990234732628","0.000641498772893101","85.73532595399593","2.985933711121191","370701.4335215788","0.17462610300572123","33.70013032014353","12230.384480752398","0.5624489784240723","0.5624489784240723","0.5624510049819946","","32","0.050414957106113434","0.00338532000023406","finished","","","","","","","","","false","false","gs://usc2-datacache/20250122-flattened-shuffled/starcoder","128","4","6442450944","128","3221225472","512MB","flattened","<|endoftext|>","content","path","<file_sep>","files","blob_id","<fim_middle>","true","<fim_pad>","false","false","false","<fim_prefix>","<>|","repo_name","<repo_name>","","<|router|>","false","<fim_suffix>","bigcode/starcoder2-3b","[""gs://usc-stack-v2/20250122-flattened-shuffled/shard-{00..58}.jsonl.gz""]","[""gs://usc-stack-v2/20250122-flattened-shuffled/shard-{59..60}.jsonl.gz""]","false","0","false","","","","","","","","","","","bigcode/starcoder2-3b","gelu_new","SPLASH","false","","MLP_ZERO_DOWN","0.01","128","MLP","512","true","5","3072","false","0.02","12288","0.00001","","","false","32","24","2","30","true","meta-llama/Llama-2-7b-hf","1","999999.4420358812","false","false","softmax","0.02","1","true","4096","true","4","false","true","true","true","","0.9","0.95","1e-8","0.000139","cosine","1","0.1","0","0.01","0","true","0.00004","gs://usc2-ckpt/starcoder2-3b-state-dicts","8","batch","true","gs://usc2-ckpt/starcoder2-3b-misc","[{""every"":10000}]","0:15:00","embed","true","true","logs","","512","1","jax.numpy.bfloat16","jax.numpy.bfloat16","jax.numpy.float32","500","4","4","false","100","false","5","true","true","1","1","true","0","false","10","[""mlp"",""heads""]","levanter-seqmoe","allow","true","false","256","levanter-seqmoe","allow","true","false","0","","tpu","0.6050723195075989","","","","","","","","","","","","","","","","","","","","","","","","","","","","","499","4","1","0.000013901259990234394","3879828480","1","TPU v4","124149250916352","1100000000000000","275000000000000","15859321909.05847","523239424","","","","","","","","","","","","","","","","","","","","","","","","","","","","","302463","849457152"
"rstarcoder_sweep_routed_mlp_zloss_4","38c5ec219fc54912f227562e661d9e9a598d5454","2025-03-21T08:16:42.000Z","46705","2025-03-21T21:15:07.000Z","t1v-n-b71e9d20-w-0","xy6cbkbu","-","2025-03-21T21:15:07.000Z","routed_mlp_zloss, rstarcoder_sweep","38c5ec219fc54912f227562e661d9e9a598d5454","0","","false","xy6cbkbu","","rstarcoder_sweep_routed_mlp_zloss_4","[""rstarcoder_sweep"",""routed_mlp_zloss""]","","rstarcoder_sweep_routed_mlp_zloss_4","[""rstarcoder_sweep"",""routed_mlp_zloss""]","0.6050765514373779","0.6050765514373779","0.6050781607627869","","32","0.28024616837501526","0.011142736300826073","0.025082441046833992","0.0001720325235510245","85.73471775899816","2.9859548930880093","370704.06324689224","0.19647272199654253","33.700369386081114","12230.471242088486","0.5623536109924316","0.5623536109924316","0.5623551607131958","","31","0.25782692432403564","0.003817860000708606","finished","","","","","","","","","false","false","gs://usc2-datacache/20250122-flattened-shuffled/starcoder","128","4","6442450944","128","3221225472","512MB","flattened","<|endoftext|>","content","path","<file_sep>","files","blob_id","<fim_middle>","true","<fim_pad>","false","false","false","<fim_prefix>","<>|","repo_name","<repo_name>","","<|router|>","false","<fim_suffix>","bigcode/starcoder2-3b","[""gs://usc-stack-v2/20250122-flattened-shuffled/shard-{00..58}.jsonl.gz""]","[""gs://usc-stack-v2/20250122-flattened-shuffled/shard-{59..60}.jsonl.gz""]","false","0","false","","","","","","","","","","","bigcode/starcoder2-3b","gelu_new","SPLASH","false","","MLP_ZERO_DOWN","0.01","128","MLP","512","true","5","3072","false","0.02","12288","0.00001","","","false","32","24","2","30","true","meta-llama/Llama-2-7b-hf","1","999999.4420358812","false","false","softmax","0.02","1","true","4096","true","4","false","true","true","true","","0.9","0.95","1e-8","0.000139","cosine","1","0.1","0","0.01","0","true","0.000006","gs://usc2-ckpt/starcoder2-3b-state-dicts","8","batch","true","gs://usc2-ckpt/starcoder2-3b-misc","[{""every"":10000}]","0:15:00","embed","true","true","logs","","512","1","jax.numpy.bfloat16","jax.numpy.bfloat16","jax.numpy.float32","500","4","4","false","100","false","5","true","true","1","1","true","0","false","10","[""mlp"",""heads""]","levanter-seqmoe","allow","true","false","256","levanter-seqmoe","allow","true","false","0","","tpu","0.6050765514373779","","","","","","","","","","","","","","","","","","","","","","","","","","","","","499","4","1","0.000013901259990234394","3879828480","1","TPU v4","124149250916352","1100000000000000","275000000000000","15859321909.05847","523239424","","","","","","","","","","","","","","","","","","","","","","","","","","","","","302463","849457152"
"rstarcoder_sweep_routed_mlp_zloss_0","38c5ec219fc54912f227562e661d9e9a598d5454","2025-03-21T08:09:31.000Z","46590","2025-03-21T21:06:01.000Z","t1v-n-c1623c81-w-0","nfxagrhm","-","2025-03-21T21:06:01.000Z","routed_mlp_zloss, rstarcoder_sweep","38c5ec219fc54912f227562e661d9e9a598d5454","0","","false","nfxagrhm","","rstarcoder_sweep_routed_mlp_zloss_0","[""rstarcoder_sweep"",""routed_mlp_zloss""]","","rstarcoder_sweep_routed_mlp_zloss_0","[""rstarcoder_sweep"",""routed_mlp_zloss""]","0.6052069067955017","0.6052069067955017","0.6052106022834778","","11","0.0003703398688230663","0.010260003618896008","0.02229710109531879","0.0016535638133063912","85.73422954899434","2.9859718964839392","370706.17420576","0.16742894599883584","33.70056129143273","12230.540887998215","0.5624486207962036","0.5624486207962036","0.5624529719352722","","15","0.0004338615981396288","0.003351709005073644","finished","","","","","","","","","false","false","gs://usc2-datacache/20250122-flattened-shuffled/starcoder","128","4","6442450944","128","3221225472","512MB","flattened","<|endoftext|>","content","path","<file_sep>","files","blob_id","<fim_middle>","true","<fim_pad>","false","false","false","<fim_prefix>","<>|","repo_name","<repo_name>","","<|router|>","false","<fim_suffix>","bigcode/starcoder2-3b","[""gs://usc-stack-v2/20250122-flattened-shuffled/shard-{00..58}.jsonl.gz""]","[""gs://usc-stack-v2/20250122-flattened-shuffled/shard-{59..60}.jsonl.gz""]","false","0","false","","","","","","","","","","","bigcode/starcoder2-3b","gelu_new","SPLASH","false","","MLP_ZERO_DOWN","0.01","128","MLP","512","true","5","3072","false","0.02","12288","0.00001","","","false","32","24","2","30","true","meta-llama/Llama-2-7b-hf","1","999999.4420358812","false","false","softmax","0.02","1","true","4096","true","4","false","true","true","true","","0.9","0.95","1e-8","0.000139","cosine","1","0.1","0","0.01","0","true","0.01","gs://usc2-ckpt/starcoder2-3b-state-dicts","8","batch","true","gs://usc2-ckpt/starcoder2-3b-misc","[{""every"":10000}]","0:15:00","embed","true","true","logs","","512","1","jax.numpy.bfloat16","jax.numpy.bfloat16","jax.numpy.float32","500","4","4","false","100","false","5","true","true","1","1","true","0","false","10","[""mlp"",""heads""]","levanter-seqmoe","allow","true","false","256","levanter-seqmoe","allow","true","false","0","","tpu","0.6052069067955017","","","","","","","","","","","","","","","","","","","","","","","","","","","","","499","4","1","0.000013901259990234394","3879828480","1","TPU v4","124149250916352","1100000000000000","275000000000000","15859321909.05847","523239424","","","","","","","","","","","","","","","","","","","","","","","","","","","","","302463","849457152"
"rstarcoder_sweep_routed_mlp_zloss_5","4c89513d877eb57ebd59bdb4abc1fb92dbc97a7d","2025-03-21T08:06:48.000Z","200389","2025-03-23T15:46:37.000Z","t1v-n-1aac8ec2-w-0","osp6qinj","-","2025-03-23T15:46:37.000Z","routed_mlp_zloss, rstarcoder_sweep","4c89513d877eb57ebd59bdb4abc1fb92dbc97a7d","0","","true","osp6qinj","","rstarcoder_sweep_routed_mlp_zloss_5","[""rstarcoder_sweep"",""routed_mlp_zloss""]","","rstarcoder_sweep_routed_mlp_zloss_5","[""rstarcoder_sweep"",""routed_mlp_zloss""]","0.6049942970275879","0.6049942970275879","0.6049960255622864","","32","1.7037006616592407","0.010605285875499249","0.02415134571492672","0.00006364970613503829","85.75235519099806","2.9853407457999923","370627.8173211327","0.16636102300253697","33.69343793828479","12227.955694796769","0.562495768070221","0.562495768070221","0.5624972581863403","","32","1.4927810430526731","0.0034156199981225654","finished","","","","","","","","","false","false","gs://usc2-datacache/20250122-flattened-shuffled/starcoder","128","4","6442450944","128","3221225472","512MB","flattened","<|endoftext|>","content","path","<file_sep>","files","blob_id","<fim_middle>","true","<fim_pad>","false","false","false","<fim_prefix>","<>|","repo_name","<repo_name>","","<|router|>","false","<fim_suffix>","bigcode/starcoder2-3b","[""gs://usc-stack-v2/20250122-flattened-shuffled/shard-{00..58}.jsonl.gz""]","[""gs://usc-stack-v2/20250122-flattened-shuffled/shard-{59..60}.jsonl.gz""]","false","0","false","","","","","","","","","","","bigcode/starcoder2-3b","gelu_new","SPLASH","false","","MLP_ZERO_DOWN","0.01","128","MLP","512","true","5","3072","false","0.02","12288","0.00001","","","false","32","24","2","30","true","meta-llama/Llama-2-7b-hf","1","999999.4420358812","false","false","softmax","0.02","1","true","4096","true","4","false","true","true","true","","0.9","0.95","1e-8","0.000139","cosine","1","0.1","0","0.01","0","true","0.000001","gs://usc2-ckpt/starcoder2-3b-state-dicts","8","batch","true","gs://usc2-ckpt/starcoder2-3b-misc","[{""every"":10000}]","0:15:00","embed","true","true","logs","","512","1","jax.numpy.bfloat16","jax.numpy.bfloat16","jax.numpy.float32","500","4","4","false","100","false","5","true","true","1","1","true","0","false","10","[""mlp"",""heads""]","levanter-seqmoe","allow","true","false","256","levanter-seqmoe","allow","true","false","0","","tpu","0.6049942970275879","","","","","","","","","","","","","","","","","","","","","","","","","","","","","499","4","1","0.000013901259990234394","3879828480","1","TPU v4","124149250916352","1100000000000000","275000000000000","15859321909.05847","523239424","","","","","","","","","","","","","","","","","","","","","","","","","","","","","302463","849457152"
"rstarcoder_sweep_mlp_flopeq_baseline_14","4c89513d877eb57ebd59bdb4abc1fb92dbc97a7d","2025-03-21T07:12:15.000Z","202795","2025-03-23T15:32:10.000Z","t1v-n-cb465963-w-0","m6e7ttay","-","2025-03-23T15:32:10.000Z","mlp_flopeq_baseline, rstarcoder_sweep","4c89513d877eb57ebd59bdb4abc1fb92dbc97a7d","0","","true","m6e7ttay","","rstarcoder_sweep_mlp_flopeq_baseline_14","[""rstarcoder_sweep"",""mlp_flopeq_baseline""]","","rstarcoder_sweep_mlp_flopeq_baseline_14","[""rstarcoder_sweep"",""mlp_flopeq_baseline""]","0.6074357032775879","0.6074357032775879","0.6074357032775879","","1","","0.0088052898645401","0.017209431156516075","0","34.2345807519996","7.477819046609687","696274.2248434667","0.16377943999941635","63.297656803951504","30629.14681491328","0.5644413828849792","0.5644413828849792","0.5644413232803345","","1","","0.0033959199990931666","finished","","","","","","","","","false","false","gs://usc2-datacache/20250122-flattened-shuffled/starcoder","128","4","6442450944","128","3221225472","512MB","flattened","<|endoftext|>","content","path","<file_sep>","files","blob_id","<fim_middle>","true","<fim_pad>","false","false","false","<fim_prefix>","<>|","repo_name","<repo_name>","","<|router|>","false","<fim_suffix>","bigcode/starcoder2-3b","[""gs://usc-stack-v2/20250122-flattened-shuffled/shard-{00..58}.jsonl.gz""]","[""gs://usc-stack-v2/20250122-flattened-shuffled/shard-{59..60}.jsonl.gz""]","false","0","false","","","","","","","","","","","bigcode/starcoder2-3b","gelu_new","SPLASH","false","","MLP_ZERO_DOWN","0.01","512","MLP","512","true","5","3072","true","0.02","12288","0.00001","","","false","1","24","2","30","false","meta-llama/Llama-2-7b-hf","1","999999.4420358812","false","false","softmax","0.02","1","true","4096","true","1","false","true","true","true","","0.9","0.95","1e-8","0.000373","cosine","1","0.1","0","0.01","0","true","0","gs://usc2-ckpt/starcoder2-3b-state-dicts","8","batch","true","gs://usc2-ckpt/starcoder2-3b-misc","[{""every"":10000}]","0:15:00","embed","true","true","logs","","512","1","jax.numpy.bfloat16","jax.numpy.bfloat16","jax.numpy.float32","500","4","4","false","100","false","5","true","true","1","1","true","0","false","10","[""mlp"",""heads""]","levanter-seqmoe","allow","true","false","256","levanter-seqmoe","allow","true","false","0","","tpu","0.6074337959289551","","","","","","","","","","","","","","","","","","","","","","","","","","","","","499","4","1","0.00003730337994056754","3124746240","1","TPU v4","93111938187264","1100000000000000","275000000000000","11894491431.793852","523239424","","","","","","","","","","","","","","","","","","","","","","","","","","","","","302463","94374912"
"rstarcoder_sweep_mlp_flopeq_baseline_15","38c5ec219fc54912f227562e661d9e9a598d5454","2025-03-21T07:09:51.000Z","45357","2025-03-21T19:45:48.000Z","t1v-n-4472a936-w-0","k7w2r37u","-","2025-03-21T19:45:48.000Z","mlp_flopeq_baseline, rstarcoder_sweep","38c5ec219fc54912f227562e661d9e9a598d5454","0","","false","k7w2r37u","","rstarcoder_sweep_mlp_flopeq_baseline_15","[""rstarcoder_sweep"",""mlp_flopeq_baseline""]","","rstarcoder_sweep_mlp_flopeq_baseline_15","[""rstarcoder_sweep"",""mlp_flopeq_baseline""]","0.6073490977287292","0.6073490977287292","0.6073490977287292","","1","","0.5165108442306519","1.3588547706604004","0","34.240824413001974","7.476455499791977","696147.2623564604","0.1513000720005948","63.28611475967823","30623.56172714794","0.5642724633216858","0.5642724633216858","0.5642724633216858","","1","","0.0030095789988990873","finished","","","","","","","","","false","false","gs://usc2-datacache/20250122-flattened-shuffled/starcoder","128","4","6442450944","128","3221225472","512MB","flattened","<|endoftext|>","content","path","<file_sep>","files","blob_id","<fim_middle>","true","<fim_pad>","false","false","false","<fim_prefix>","<>|","repo_name","<repo_name>","","<|router|>","false","<fim_suffix>","bigcode/starcoder2-3b","[""gs://usc-stack-v2/20250122-flattened-shuffled/shard-{00..58}.jsonl.gz""]","[""gs://usc-stack-v2/20250122-flattened-shuffled/shard-{59..60}.jsonl.gz""]","false","0","false","","","","","","","","","","","bigcode/starcoder2-3b","gelu_new","SPLASH","false","","MLP_ZERO_DOWN","0.01","512","MLP","512","true","5","3072","true","0.02","12288","0.00001","","","false","1","24","2","30","false","meta-llama/Llama-2-7b-hf","1","999999.4420358812","false","false","softmax","0.02","1","true","4096","true","1","false","true","true","true","","0.9","0.95","1e-8","0.001","cosine","1","0.1","0","0.01","0","true","0","gs://usc2-ckpt/starcoder2-3b-state-dicts","8","batch","true","gs://usc2-ckpt/starcoder2-3b-misc","[{""every"":10000}]","0:15:00","embed","true","true","logs","","512","1","jax.numpy.bfloat16","jax.numpy.bfloat16","jax.numpy.float32","500","4","4","false","100","false","5","true","true","1","1","true","0","false","10","[""mlp"",""heads""]","levanter-seqmoe","allow","true","false","256","levanter-seqmoe","allow","true","false","0","","tpu","0.6072996258735657","","","","","","","","","","","","","","","","","","","","","","","","","","","","","499","4","1","0.0001000090705929324","3124746240","1","TPU v4","93111938187264","1100000000000000","275000000000000","11894491431.793852","523239424","","","","","","","","","","","","","","","","","","","","","","","","","","","","","302463","94374912"
"rstarcoder_sweep_mlp_flopeq_baseline_11","38c5ec219fc54912f227562e661d9e9a598d5454","2025-03-21T07:09:32.000Z","45313","2025-03-21T19:44:45.000Z","t1v-n-7e9aa5a6-w-0","emftj6ea","-","2025-03-21T19:44:45.000Z","mlp_flopeq_baseline, rstarcoder_sweep","38c5ec219fc54912f227562e661d9e9a598d5454","0","","false","emftj6ea","","rstarcoder_sweep_mlp_flopeq_baseline_11","[""rstarcoder_sweep"",""mlp_flopeq_baseline""]","","rstarcoder_sweep_mlp_flopeq_baseline_11","[""rstarcoder_sweep"",""mlp_flopeq_baseline""]","0.6074211597442627","0.6074211597442627","0.6074211597442627","","1","","0.17277982831001282","0.5043891072273254","0","34.24063430199749","7.476497010601985","696151.1275084361","0.14992656899994472","63.28646613713056","30623.73175542573","0.5643131136894226","0.5643131136894226","0.5643131732940674","","1","","0.0027893600017705467","finished","","","","","","","","","false","false","gs://usc2-datacache/20250122-flattened-shuffled/starcoder","128","4","6442450944","128","3221225472","512MB","flattened","<|endoftext|>","content","path","<file_sep>","files","blob_id","<fim_middle>","true","<fim_pad>","false","false","false","<fim_prefix>","<>|","repo_name","<repo_name>","","<|router|>","false","<fim_suffix>","bigcode/starcoder2-3b","[""gs://usc-stack-v2/20250122-flattened-shuffled/shard-{00..58}.jsonl.gz""]","[""gs://usc-stack-v2/20250122-flattened-shuffled/shard-{59..60}.jsonl.gz""]","false","0","false","","","","","","","","","","","bigcode/starcoder2-3b","gelu_new","SPLASH","false","","MLP_ZERO_DOWN","0.01","512","MLP","512","true","5","3072","true","0.02","12288","0.00001","","","false","1","24","2","30","false","meta-llama/Llama-2-7b-hf","1","999999.4420358812","false","false","softmax","0.02","1","true","4096","true","1","false","true","true","true","","0.9","0.95","1e-8","0.000019","cosine","1","0.1","0","0.01","0","true","0","gs://usc2-ckpt/starcoder2-3b-state-dicts","8","batch","true","gs://usc2-ckpt/starcoder2-3b-misc","[{""every"":10000}]","0:15:00","embed","true","true","logs","","512","1","jax.numpy.bfloat16","jax.numpy.bfloat16","jax.numpy.float32","500","4","4","false","100","false","5","true","true","1","1","true","0","false","10","[""mlp"",""heads""]","levanter-seqmoe","allow","true","false","256","levanter-seqmoe","allow","true","false","0","","tpu","0.6074211597442627","","","","","","","","","","","","","","","","","","","","","","","","","","","","","499","4","1","0.0000019001722648681607","3124746240","1","TPU v4","93111938187264","1100000000000000","275000000000000","11894491431.793852","523239424","","","","","","","","","","","","","","","","","","","","","","","","","","","","","302463","94374912"
"rstarcoder_sweep_mlp_flopeq_baseline_10","4c89513d877eb57ebd59bdb4abc1fb92dbc97a7d","2025-03-21T07:08:59.000Z","199357","2025-03-23T14:31:36.000Z","t1v-n-88da68b9-w-0","5gyxy5eo","-","2025-03-23T14:31:36.000Z","mlp_flopeq_baseline, rstarcoder_sweep","4c89513d877eb57ebd59bdb4abc1fb92dbc97a7d","0","","true","5gyxy5eo","","rstarcoder_sweep_mlp_flopeq_baseline_10","[""rstarcoder_sweep"",""mlp_flopeq_baseline""]","","rstarcoder_sweep_mlp_flopeq_baseline_10","[""rstarcoder_sweep"",""mlp_flopeq_baseline""]","0.6079491376876831","0.6079491376876831","0.6079491376876831","","1","","0.019747048616409305","0.05817888304591179","0","34.23177100900102","7.478432825829738","696331.3750162645","0.15701874600017618","63.30285227420587","30631.66085459861","0.564866840839386","0.564866840839386","0.5648667812347412","","1","","0.002984218999699806","finished","","","","","","","","","false","false","gs://usc2-datacache/20250122-flattened-shuffled/starcoder","128","4","6442450944","128","3221225472","512MB","flattened","<|endoftext|>","content","path","<file_sep>","files","blob_id","<fim_middle>","true","<fim_pad>","false","false","false","<fim_prefix>","<>|","repo_name","<repo_name>","","<|router|>","false","<fim_suffix>","bigcode/starcoder2-3b","[""gs://usc-stack-v2/20250122-flattened-shuffled/shard-{00..58}.jsonl.gz""]","[""gs://usc-stack-v2/20250122-flattened-shuffled/shard-{59..60}.jsonl.gz""]","false","0","false","","","","","","","","","","","bigcode/starcoder2-3b","gelu_new","SPLASH","false","","MLP_ZERO_DOWN","0.01","512","MLP","512","true","5","3072","true","0.02","12288","0.00001","","","false","1","24","2","30","false","meta-llama/Llama-2-7b-hf","1","999999.4420358812","false","false","softmax","0.02","1","true","4096","true","1","false","true","true","true","","0.9","0.95","1e-8","0.000007","cosine","1","0.1","0","0.01","0","true","0","gs://usc2-ckpt/starcoder2-3b-state-dicts","8","batch","true","gs://usc2-ckpt/starcoder2-3b-misc","[{""every"":10000}]","0:15:00","embed","true","true","logs","","512","1","jax.numpy.bfloat16","jax.numpy.bfloat16","jax.numpy.float32","500","4","4","false","100","false","5","true","true","1","1","true","0","false","10","[""mlp"",""heads""]","levanter-seqmoe","allow","true","false","256","levanter-seqmoe","allow","true","false","0","","tpu","0.6079471707344055","","","","","","","","","","","","","","","","","","","","","","","","","","","","","499","4","1","7.000634809628536e-7","3124746240","1","TPU v4","93111938187264","1100000000000000","275000000000000","11894491431.793852","523239424","","","","","","","","","","","","","","","","","","","","","","","","","","","","","302463","94374912"
"rstarcoder_sweep_mlp_flopeq_baseline_9","38c5ec219fc54912f227562e661d9e9a598d5454","2025-03-21T07:05:50.000Z","45423","2025-03-21T19:42:53.000Z","t1v-n-4472a936-w-0","epgopvs6","-","2025-03-21T19:42:53.000Z","mlp_flopeq_baseline, rstarcoder_sweep","38c5ec219fc54912f227562e661d9e9a598d5454","0","","false","epgopvs6","","rstarcoder_sweep_mlp_flopeq_baseline_9","[""rstarcoder_sweep"",""mlp_flopeq_baseline""]","","rstarcoder_sweep_mlp_flopeq_baseline_9","[""rstarcoder_sweep"",""mlp_flopeq_baseline""]","0.6087412238121033","0.6087412238121033","0.6087412238121033","","1","","0.16718730330467224","0.4976857006549835","0","34.242828368998744","7.476017963275661","696106.5224833987","0.17299542099863174","63.28241113485442","30621.769577577103","0.565661609172821","0.565661609172821","0.5656615495681763","","1","","0.0035155890000169165","finished","","","","","","","","","false","false","gs://usc2-datacache/20250122-flattened-shuffled/starcoder","128","4","6442450944","128","3221225472","512MB","flattened","<|endoftext|>","content","path","<file_sep>","files","blob_id","<fim_middle>","true","<fim_pad>","false","false","false","<fim_prefix>","<>|","repo_name","<repo_name>","","<|router|>","false","<fim_suffix>","bigcode/starcoder2-3b","[""gs://usc-stack-v2/20250122-flattened-shuffled/shard-{00..58}.jsonl.gz""]","[""gs://usc-stack-v2/20250122-flattened-shuffled/shard-{59..60}.jsonl.gz""]","false","0","false","","","","","","","","","","","bigcode/starcoder2-3b","gelu_new","SPLASH","false","","MLP_ZERO_DOWN","0.01","512","MLP","512","true","5","3072","true","0.02","12288","0.00001","","","false","1","24","2","30","false","meta-llama/Llama-2-7b-hf","1","999999.4420358812","false","false","softmax","0.02","1","true","4096","true","1","false","true","true","true","","0.9","0.95","1e-8","0.000003","cosine","1","0.1","0","0.01","0","true","0","gs://usc2-ckpt/starcoder2-3b-state-dicts","8","batch","true","gs://usc2-ckpt/starcoder2-3b-misc","[{""every"":10000}]","0:15:00","embed","true","true","logs","","512","1","jax.numpy.bfloat16","jax.numpy.bfloat16","jax.numpy.float32","500","4","4","false","100","false","5","true","true","1","1","true","0","false","10","[""mlp"",""heads""]","levanter-seqmoe","allow","true","false","256","levanter-seqmoe","allow","true","false","0","","tpu","0.6087412238121033","","","","","","","","","","","","","","","","","","","","","","","","","","","","","499","4","1","3.000272101871815e-7","3124746240","1","TPU v4","93111938187264","1100000000000000","275000000000000","11894491431.793852","523239424","","","","","","","","","","","","","","","","","","","","","","","","","","","","","302463","94374912"
"rstarcoder_sweep_mlp_flopeq_baseline_12","38c5ec219fc54912f227562e661d9e9a598d5454","2025-03-21T07:03:12.000Z","46862","2025-03-21T20:04:14.000Z","t1v-n-4472a936-w-0","cnmto3rb","-","2025-03-21T20:04:14.000Z","mlp_flopeq_baseline, rstarcoder_sweep","38c5ec219fc54912f227562e661d9e9a598d5454","0","","false","cnmto3rb","","rstarcoder_sweep_mlp_flopeq_baseline_12","[""rstarcoder_sweep"",""mlp_flopeq_baseline""]","","rstarcoder_sweep_mlp_flopeq_baseline_12","[""rstarcoder_sweep"",""mlp_flopeq_baseline""]","0.6070072650909424","0.6070072650909424","0.6070072650909424","","1","","0.1735549420118332","0.48771932721138","0","34.2427743570006","7.476029755388769","696107.6204699056","0.16598483599955216","63.28251095180959","30621.817878072397","0.5640744566917419","0.5640744566917419","0.5640743970870972","","1","","0.003322429998661391","finished","","","","","","","","","false","false","gs://usc2-datacache/20250122-flattened-shuffled/starcoder","128","4","6442450944","128","3221225472","512MB","flattened","<|endoftext|>","content","path","<file_sep>","files","blob_id","<fim_middle>","true","<fim_pad>","false","false","false","<fim_prefix>","<>|","repo_name","<repo_name>","","<|router|>","false","<fim_suffix>","bigcode/starcoder2-3b","[""gs://usc-stack-v2/20250122-flattened-shuffled/shard-{00..58}.jsonl.gz""]","[""gs://usc-stack-v2/20250122-flattened-shuffled/shard-{59..60}.jsonl.gz""]","false","0","false","","","","","","","","","","","bigcode/starcoder2-3b","gelu_new","SPLASH","false","","MLP_ZERO_DOWN","0.01","512","MLP","512","true","5","3072","true","0.02","12288","0.00001","","","false","1","24","2","30","false","meta-llama/Llama-2-7b-hf","1","999999.4420358812","false","false","softmax","0.02","1","true","4096","true","1","false","true","true","true","","0.9","0.95","1e-8","0.000052","cosine","1","0.1","0","0.01","0","true","0","gs://usc2-ckpt/starcoder2-3b-state-dicts","8","batch","true","gs://usc2-ckpt/starcoder2-3b-misc","[{""every"":10000}]","0:15:00","embed","true","true","logs","","512","1","jax.numpy.bfloat16","jax.numpy.bfloat16","jax.numpy.float32","500","4","4","false","100","false","5","true","true","1","1","true","0","false","10","[""mlp"",""heads""]","levanter-seqmoe","allow","true","false","256","levanter-seqmoe","allow","true","false","0","","tpu","0.6070072650909424","","","","","","","","","","","","","","","","","","","","","","","","","","","","","499","4","1","0.0000052004716053488664","3124746240","1","TPU v4","93111938187264","1100000000000000","275000000000000","11894491431.793852","523239424","","","","","","","","","","","","","","","","","","","","","","","","","","","","","302463","94374912"
"rstarcoder_sweep_mlp_flopeq_baseline_13","38c5ec219fc54912f227562e661d9e9a598d5454","2025-03-21T06:54:53.000Z","46953","2025-03-21T19:57:26.000Z","t1v-n-4472a936-w-0","vjsrwmbh","-","2025-03-25T06:09:14.000Z","mlp_flopeq_baseline, mlp_flopeq_scaling, rstarcoder_sweep","38c5ec219fc54912f227562e661d9e9a598d5454","0","","false","vjsrwmbh","","rstarcoder_sweep_mlp_flopeq_baseline_13","[""rstarcoder_sweep"",""mlp_flopeq_baseline""]","","rstarcoder_sweep_mlp_flopeq_baseline_13","[""rstarcoder_sweep"",""mlp_flopeq_baseline""]","0.606984555721283","0.606984555721283","0.606984555721283","","1","","0.1936969757080078","0.499628633260727","0","34.2417104691267","7.476262035181241","696129.2484915842","0.16823253501206636","63.28447713559857","30622.769296102364","0.5641189813613892","0.5641189813613892","0.5641189813613892","","1","","0.0034059500321745872","finished","","","","","","","","","false","false","gs://usc2-datacache/20250122-flattened-shuffled/starcoder","128","4","6442450944","128","3221225472","512MB","flattened","<|endoftext|>","content","path","<file_sep>","files","blob_id","<fim_middle>","true","<fim_pad>","false","false","false","<fim_prefix>","<>|","repo_name","<repo_name>","","<|router|>","false","<fim_suffix>","bigcode/starcoder2-3b","[""gs://usc-stack-v2/20250122-flattened-shuffled/shard-{00..58}.jsonl.gz""]","[""gs://usc-stack-v2/20250122-flattened-shuffled/shard-{59..60}.jsonl.gz""]","false","0","false","","","","","","","","","","","bigcode/starcoder2-3b","gelu_new","SPLASH","false","","MLP_ZERO_DOWN","0.01","512","MLP","512","true","5","3072","true","0.02","12288","0.00001","","","false","1","24","2","30","false","meta-llama/Llama-2-7b-hf","1","999999.4420358812","false","false","softmax","0.02","1","true","4096","true","1","false","true","true","true","","0.9","0.95","1e-8","0.000139","cosine","1","0.1","0","0.01","0","true","0","gs://usc2-ckpt/starcoder2-3b-state-dicts","8","batch","true","gs://usc2-ckpt/starcoder2-3b-misc","[{""every"":10000}]","0:15:00","embed","true","true","logs","","512","1","jax.numpy.bfloat16","jax.numpy.bfloat16","jax.numpy.float32","500","4","4","false","100","false","5","true","true","1","1","true","0","false","10","[""mlp"",""heads""]","levanter-seqmoe","allow","true","false","256","levanter-seqmoe","allow","true","false","0","","tpu","0.6069537401199341","","","","","","","","","","","","","","","","","","","","","","","","","","","","","499","4","1","0.000013901259990234394","3124746240","1","TPU v4","93111938187264","1100000000000000","275000000000000","11894491431.793852","523239424","","","","","","","","","","","","","","","","","","","","","","","","","","","","","302463","94374912"
"rstarcoder_sweep_mlp_flopeq_baseline_8","38c5ec219fc54912f227562e661d9e9a598d5454","2025-03-21T06:54:41.000Z","45207","2025-03-21T19:28:08.000Z","t1v-n-7e9aa5a6-w-0","p3q5dvh7","-","2025-03-21T19:28:08.000Z","mlp_flopeq_baseline, rstarcoder_sweep","38c5ec219fc54912f227562e661d9e9a598d5454","0","","false","p3q5dvh7","","rstarcoder_sweep_mlp_flopeq_baseline_8","[""rstarcoder_sweep"",""mlp_flopeq_baseline""]","","rstarcoder_sweep_mlp_flopeq_baseline_8","[""rstarcoder_sweep"",""mlp_flopeq_baseline""]","0.6109791398048401","0.6109791398048401","0.6109791398048401","","1","","0.16524313390254974","0.49352654814720154","0","34.24074639915489","7.476472534089341","696148.8484529038","0.151709291851148","63.28625895026397","30623.63149962994","0.5673919916152954","0.5673919916152954","0.5673919320106506","","1","","0.0030261001083999872","finished","","","","","","","","","false","false","gs://usc2-datacache/20250122-flattened-shuffled/starcoder","128","4","6442450944","128","3221225472","512MB","flattened","<|endoftext|>","content","path","<file_sep>","files","blob_id","<fim_middle>","true","<fim_pad>","false","false","false","<fim_prefix>","<>|","repo_name","<repo_name>","","<|router|>","false","<fim_suffix>","bigcode/starcoder2-3b","[""gs://usc-stack-v2/20250122-flattened-shuffled/shard-{00..58}.jsonl.gz""]","[""gs://usc-stack-v2/20250122-flattened-shuffled/shard-{59..60}.jsonl.gz""]","false","0","false","","","","","","","","","","","bigcode/starcoder2-3b","gelu_new","SPLASH","false","","MLP_ZERO_DOWN","0.01","512","MLP","512","true","5","3072","true","0.02","12288","0.00001","","","false","1","24","2","30","false","meta-llama/Llama-2-7b-hf","1","999999.4420358812","false","false","softmax","0.02","1","true","4096","true","1","false","true","true","true","","0.9","0.95","1e-8","0.000001","cosine","1","0.1","0","0.01","0","true","0","gs://usc2-ckpt/starcoder2-3b-state-dicts","8","batch","true","gs://usc2-ckpt/starcoder2-3b-misc","[{""every"":10000}]","0:15:00","embed","true","true","logs","","512","1","jax.numpy.bfloat16","jax.numpy.bfloat16","jax.numpy.float32","500","4","4","false","100","false","5","true","true","1","1","true","0","false","10","[""mlp"",""heads""]","levanter-seqmoe","allow","true","false","256","levanter-seqmoe","allow","true","false","0","","tpu","0.6109654307365417","","","","","","","","","","","","","","","","","","","","","","","","","","","","","499","4","1","1.0000906769391805e-7","3124746240","1","TPU v4","93111938187264","1100000000000000","275000000000000","11894491431.793852","523239424","","","","","","","","","","","","","","","","","","","","","","","","","","","","","302463","94374912"
"rstarcoder_sweep_fullft_baseline_16_rerun","38c5ec219fc54912f227562e661d9e9a598d5454","2025-03-19T10:03:44.000Z","16900","2025-03-19T14:45:24.000Z","t1v-n-0233b0a8-w-0","oqxmw42x","-","2025-03-19T14:45:24.000Z","fullft_baseline, rerun, rstarcoder_sweep","38c5ec219fc54912f227562e661d9e9a598d5454","0","","false","oqxmw42x","","rstarcoder_sweep_fullft_baseline_16_rerun","[""rstarcoder_sweep"",""fullft_baseline"",""rerun""]","","rstarcoder_sweep_fullft_baseline_16_rerun","[""rstarcoder_sweep"",""fullft_baseline"",""rerun""]","0.7743979096412659","0.6079058647155762","0.7743979096412659","","","","0.02558184042572975","0.19243352115154264","0","42.92886269000155","5.963353882646052","740345.9174796266","0.19369548900067457","67.30417431632969","24425.89750331823","0.778315007686615","0.586877703666687","0.778315007686615","","","","0.004055938999954378","finished","","","","","","","","","false","false","gs://usc2-datacache/20250122-flattened-shuffled/starcoder","128","4","6442450944","128","3221225472","512MB","flattened","<|endoftext|>","content","path","<file_sep>","files","blob_id","<fim_middle>","true","<fim_pad>","true","true","false","<fim_prefix>","<>|","repo_name","<repo_name>","","<|router|>","false","<fim_suffix>","bigcode/starcoder2-3b","[""gs://usc-stack-v2/20250122-flattened-shuffled/shard-{00..58}.jsonl.gz""]","[""gs://usc-stack-v2/20250122-flattened-shuffled/shard-{59..60}.jsonl.gz""]","false","0","true","","","","","","","","","","","bigcode/starcoder2-3b","gelu_new","SPLASH","true","","MLP_ZERO_DOWN","0.01","128","MLP","512","true","5","3072","false","0.02","12288","0.00001","","","false","1","24","2","30","false","meta-llama/Llama-2-7b-hf","1","999999.4420358812","false","false","softmax","0.02","1","true","4096","true","1","false","true","true","true","","0.9","0.95","1e-8","0.00003","cosine","1","0.1","0","0.01","0","true","0","gs://usc2-ckpt/starcoder2-3b-state-dicts","8","batch","true","gs://usc2-ckpt/starcoder2-3b-misc","[{""every"":10000}]","0:15:00","embed","true","true","logs","","512","1","jax.numpy.bfloat16","jax.numpy.bfloat16","jax.numpy.float32","350","4","4","false","100","false","5","true","true","1","1","true","0","false","10","[""mlp"",""heads""]","levanter-seqmoe","allow","true","false","256","levanter-seqmoe","allow","true","false","0","","tpu","0.6079058647155762","","","","","","","","","","","","","","","","","","","","","","","","","","","","","349","4","1","0.0000030005535336385947","3053967360","1","TPU v4","124149250916352","1100000000000000","275000000000000","11091990673.870554","365953024","","","","","","","","","","","","","","","","","","","","","","","","","","","","","858496","3053967360"
"rstarcoder_sweep_routed_mlp_lflb_42_rerun","4c89513d877eb57ebd59bdb4abc1fb92dbc97a7d","2025-03-19T10:03:27.000Z","370438","2025-03-23T16:57:25.000Z","t1v-n-c69165d2-w-0","zhdywneu","-","2025-03-23T16:57:25.000Z","rerun, routed_mlp_lflb, rstarcoder_sweep","4c89513d877eb57ebd59bdb4abc1fb92dbc97a7d","0.0001","0.0001","true","zhdywneu","","rstarcoder_sweep_routed_mlp_lflb_42_rerun","[""rstarcoder_sweep"",""routed_mlp_lflb"",""rerun""]","","rstarcoder_sweep_routed_mlp_lflb_42_rerun","[""rstarcoder_sweep"",""routed_mlp_lflb"",""rerun""]","0.6056849956512451","0.6056849956512451","0.6061931252479553","5.063182830810547","30","0.0010302733862772584","0.008708945475518703","0.017291175201535225","0.003130767261609435","85.59446230400499","2.9908476916505107","371311.50052331144","0.18519656100397697","33.755590956664676","12250.512145000492","0.5626983642578125","0.5626983642578125","0.5629569888114929","2.5647847652435303","32","0.0018148651579394937","0.0038123900012578815","finished","","","","","","","","","false","false","gs://usc2-datacache/20250122-flattened-shuffled/starcoder","128","4","6442450944","128","3221225472","512MB","flattened","<|endoftext|>","content","path","<file_sep>","files","blob_id","<fim_middle>","true","<fim_pad>","false","false","false","<fim_prefix>","<>|","repo_name","<repo_name>","","<|router|>","false","<fim_suffix>","bigcode/starcoder2-3b","[""gs://usc-stack-v2/20250122-flattened-shuffled/shard-{00..58}.jsonl.gz""]","[""gs://usc-stack-v2/20250122-flattened-shuffled/shard-{59..60}.jsonl.gz""]","false","0","false","","","","","","","","","","","bigcode/starcoder2-3b","gelu_new","SPLASH","false","","MLP_ZERO_DOWN","0.01","128","MLP","512","true","5","3072","false","0.02","12288","0.00001","","","false","32","24","2","30","true","meta-llama/Llama-2-7b-hf","1","999999.4420358812","false","true","softmax","0.02","1","true","4096","true","4","false","true","true","true","","0.9","0.95","1e-8","0.000139","cosine","1","0.1","0","0.01","0","true","0.001","gs://usc2-ckpt/starcoder2-3b-state-dicts","8","batch","true","gs://usc2-ckpt/starcoder2-3b-misc","[{""every"":10000}]","0:15:00","embed","true","true","logs","","512","1","jax.numpy.bfloat16","jax.numpy.bfloat16","jax.numpy.float32","500","4","4","false","100","false","5","true","true","1","1","true","0","false","10","[""mlp"",""heads""]","levanter-seqmoe","allow","true","false","256","levanter-seqmoe","allow","true","false","0","","tpu","0.6056497693061829","","","","","","","","","","","","","","","","","","","","","","","","","","","","","499","4","1","0.000013901259990234394","3879828480","1","TPU v4","124149250916352","1100000000000000","275000000000000","15859321909.05847","523239424","","","","","","","","","","","","","","","","","","","","","","","","","","","","","302463","849457152"
"rstarcoder_sweep_routed_mlp_lblb_33_rerun","38c5ec219fc54912f227562e661d9e9a598d5454","2025-03-19T10:03:17.000Z","46644","2025-03-19T23:00:41.000Z","t1v-n-4c39a49e-w-0","7uz4glwu","-","2025-03-19T23:00:41.000Z","rerun, routed_mlp_lblb, rstarcoder_sweep","38c5ec219fc54912f227562e661d9e9a598d5454","0.00001","","false","7uz4glwu","","rstarcoder_sweep_routed_mlp_lblb_33_rerun","[""rstarcoder_sweep"",""routed_mlp_lblb"",""rerun""]","","rstarcoder_sweep_routed_mlp_lblb_33_rerun","[""rstarcoder_sweep"",""routed_mlp_lblb"",""rerun""]","0.605085551738739","0.605085551738739","0.6055358648300171","44.79482650756836","21","0.0017524202121421697","0.01023254357278347","0.0231062825769186","0.0002996587136294693","85.73372570700303","2.985989444514354","370708.3527805911","0.15935976299806498","33.7007593436901","12230.612764730797","0.5624642968177795","0.5624642968177795","0.5628901720046997","42.34798049926758","20","0.0016332818195223808","0.003125449999060947","finished","","","","","","","","","false","false","gs://usc2-datacache/20250122-flattened-shuffled/starcoder","128","4","6442450944","128","3221225472","512MB","flattened","<|endoftext|>","content","path","<file_sep>","files","blob_id","<fim_middle>","true","<fim_pad>","false","false","false","<fim_prefix>","<>|","repo_name","<repo_name>","","<|router|>","false","<fim_suffix>","bigcode/starcoder2-3b","[""gs://usc-stack-v2/20250122-flattened-shuffled/shard-{00..58}.jsonl.gz""]","[""gs://usc-stack-v2/20250122-flattened-shuffled/shard-{59..60}.jsonl.gz""]","false","0","false","","","","","","","","","","","bigcode/starcoder2-3b","gelu_new","SPLASH","false","","MLP_ZERO_DOWN","0.01","128","MLP","512","true","5","3072","false","0.02","12288","0.00001","","","false","32","24","2","30","true","meta-llama/Llama-2-7b-hf","1","999999.4420358812","false","false","softmax","0.02","1","true","4096","true","4","false","true","true","true","","0.9","0.95","1e-8","0.000139","cosine","1","0.1","0","0.01","0","true","0.001","gs://usc2-ckpt/starcoder2-3b-state-dicts","8","batch","true","gs://usc2-ckpt/starcoder2-3b-misc","[{""every"":10000}]","0:15:00","embed","true","true","logs","","512","1","jax.numpy.bfloat16","jax.numpy.bfloat16","jax.numpy.float32","500","4","4","false","100","false","5","true","true","1","1","true","0","false","10","[""mlp"",""heads""]","levanter-seqmoe","allow","true","false","256","levanter-seqmoe","allow","true","false","0","","tpu","0.6050851941108704","","","","","","","","","","","","","","","","","","","","","","","","","","","","","499","4","1","0.000013901259990234394","3879828480","1","TPU v4","124149250916352","1100000000000000","275000000000000","15859321909.05847","523239424","","","","","","","","","","","","","","","","","","","","","","","","","","","","","302463","849457152"
"rstarcoder_sweep_lora_baseline_6_rerun","38c5ec219fc54912f227562e661d9e9a598d5454","2025-03-19T10:02:39.000Z","22389","2025-03-19T16:15:48.000Z","t1v-n-19b3549c-w-0","3uv6jaaa","-","2025-03-19T16:15:48.000Z","lora_baseline, rerun, rstarcoder_sweep","38c5ec219fc54912f227562e661d9e9a598d5454","0","","false","3uv6jaaa","","rstarcoder_sweep_lora_baseline_6_rerun","[""rstarcoder_sweep"",""lora_baseline"",""rerun""]","","rstarcoder_sweep_lora_baseline_6_rerun","[""rstarcoder_sweep"",""lora_baseline"",""rerun""]","0.6068496108055115","0.6068496108055115","0.6068496108055115","","1","","0.06503986567258835","0.2808081805706024","0","37.24985337600083","6.872510273152768","639912.7517451374","0.16002817999833496","58.173886522285216","28149.802078833734","0.5639684200286865","0.5639684200286865","0.5639684200286865","","1","","0.0031483300008403603","finished","","","","","","","","","false","false","gs://usc2-datacache/20250122-flattened-shuffled/starcoder","128","4","6442450944","128","3221225472","512MB","flattened","<|endoftext|>","content","path","<file_sep>","files","blob_id","<fim_middle>","true","<fim_pad>","false","false","false","<fim_prefix>","<>|","repo_name","<repo_name>","","<|router|>","false","<fim_suffix>","bigcode/starcoder2-3b","[""gs://usc-stack-v2/20250122-flattened-shuffled/shard-{00..58}.jsonl.gz""]","[""gs://usc-stack-v2/20250122-flattened-shuffled/shard-{59..60}.jsonl.gz""]","false","0","false","","","","","","","","","","","bigcode/starcoder2-3b","gelu_new","SPLASH","false","","LORA_ZERO_B","0.01","16","LORA","512","true","5","3072","true","0.02","12288","0.00001","","","false","1","24","2","30","false","meta-llama/Llama-2-7b-hf","1","999999.4420358812","false","false","softmax","0.02","1","true","4096","true","1","false","true","true","true","","0.9","0.95","1e-8","0.000373","cosine","1","0.1","0","0.01","0","true","0","gs://usc2-ckpt/starcoder2-3b-state-dicts","8","batch","true","gs://usc2-ckpt/starcoder2-3b-misc","[{""every"":10000}]","0:15:00","embed","true","true","logs","","512","1","jax.numpy.bfloat16","jax.numpy.bfloat16","jax.numpy.float32","500","4","4","false","100","false","5","true","true","1","1","true","0","false","10","[""mlp"",""heads""]","levanter-seqmoe","allow","true","false","256","levanter-seqmoe","allow","true","false","0","","tpu","0.6068496108055115","","","","","","","","","","","","","","","","","","","","","","","","","","","","","499","4","1","0.00003730337994056754","3054213120","1","TPU v4","93111938187264","1100000000000000","275000000000000","11894491431.793852","523239424","","","","","","","","","","","","","","","","","","","","","","","","","","","","","302463","23841792"
"rstarcoder_sweep_routed_mlp_lflb_41_rerun","4c89513d877eb57ebd59bdb4abc1fb92dbc97a7d","2025-03-19T09:59:29.000Z","366345","2025-03-23T15:45:14.000Z","t1v-n-ca36f625-w-0","bhswlxcr","-","2025-03-23T15:45:14.000Z","rerun, routed_mlp_lflb, rstarcoder_sweep","4c89513d877eb57ebd59bdb4abc1fb92dbc97a7d","0","0.0001","true","bhswlxcr","","rstarcoder_sweep_routed_mlp_lflb_41_rerun","[""rstarcoder_sweep"",""routed_mlp_lflb"",""rerun""]","","rstarcoder_sweep_routed_mlp_lflb_41_rerun","[""rstarcoder_sweep"",""routed_mlp_lflb"",""rerun""]","0.6050684452056885","0.6050684452056885","0.6050699353218079","","21","0.0014258784940466285","0.010359514504671097","0.023303741589188576","0.00032943120459094644","85.59437016499578","2.9908509111816843","371311.90022569493","0.1584319260000484","33.75562729324499","12250.52533220018","0.5624165534973145","0.5624165534973145","0.56241774559021","","7","0.0012620807392522693","0.0034152699954574928","finished","","","","","","","","","false","false","gs://usc2-datacache/20250122-flattened-shuffled/starcoder","128","4","6442450944","128","3221225472","512MB","flattened","<|endoftext|>","content","path","<file_sep>","files","blob_id","<fim_middle>","true","<fim_pad>","false","false","false","<fim_prefix>","<>|","repo_name","<repo_name>","","<|router|>","false","<fim_suffix>","bigcode/starcoder2-3b","[""gs://usc-stack-v2/20250122-flattened-shuffled/shard-{00..58}.jsonl.gz""]","[""gs://usc-stack-v2/20250122-flattened-shuffled/shard-{59..60}.jsonl.gz""]","false","0","false","","","","","","","","","","","bigcode/starcoder2-3b","gelu_new","SPLASH","false","","MLP_ZERO_DOWN","0.01","128","MLP","512","true","5","3072","false","0.02","12288","0.00001","","","false","32","24","2","30","true","meta-llama/Llama-2-7b-hf","1","999999.4420358812","false","true","softmax","0.02","1","true","4096","true","4","false","true","true","true","","0.9","0.95","1e-8","0.000139","cosine","1","0.1","0","0.01","0","true","0.001","gs://usc2-ckpt/starcoder2-3b-state-dicts","8","batch","true","gs://usc2-ckpt/starcoder2-3b-misc","[{""every"":10000}]","0:15:00","embed","true","true","logs","","512","1","jax.numpy.bfloat16","jax.numpy.bfloat16","jax.numpy.float32","500","4","4","false","100","false","5","true","true","1","1","true","0","false","10","[""mlp"",""heads""]","levanter-seqmoe","allow","true","false","256","levanter-seqmoe","allow","true","false","0","","tpu","0.6050613522529602","","","","","","","","","","","","","","","","","","","","","","","","","","","","","499","4","1","0.000013901259990234394","3879828480","1","TPU v4","124149250916352","1100000000000000","275000000000000","15859321909.05847","523239424","","","","","","","","","","","","","","","","","","","","","","","","","","","","","302463","849457152"
"rstarcoder_sweep_mlp_baseline_11_rerun","38c5ec219fc54912f227562e661d9e9a598d5454","2025-03-19T09:50:21.000Z","23540","2025-03-19T16:22:41.000Z","t1v-n-c16a4861-w-0","t6qjvxq3","-","2025-03-19T16:22:41.000Z","mlp_baseline, rerun, rstarcoder_sweep","38c5ec219fc54912f227562e661d9e9a598d5454","0","","false","t6qjvxq3","","rstarcoder_sweep_mlp_baseline_11_rerun","[""rstarcoder_sweep"",""mlp_baseline"",""rerun""]","","rstarcoder_sweep_mlp_baseline_11_rerun","[""rstarcoder_sweep"",""mlp_baseline"",""rerun""]","0.6070360541343689","0.6070360541343689","0.6070360541343689","","1","","0.029457053169608116","0.08459577709436417","0","42.066739787114784","6.085567868951276","566639.0192481912","0.1989776329137385","51.51263811347192","24926.48599122443","0.5640349984169006","0.5640349984169006","0.5640348792076111","","1","","0.00345121999271214","finished","","","","","","","","","false","false","gs://usc2-datacache/20250122-flattened-shuffled/starcoder","128","4","6442450944","128","3221225472","512MB","flattened","<|endoftext|>","content","path","<file_sep>","files","blob_id","<fim_middle>","true","<fim_pad>","false","false","false","<fim_prefix>","<>|","repo_name","<repo_name>","","<|router|>","false","<fim_suffix>","bigcode/starcoder2-3b","[""gs://usc-stack-v2/20250122-flattened-shuffled/shard-{00..58}.jsonl.gz""]","[""gs://usc-stack-v2/20250122-flattened-shuffled/shard-{59..60}.jsonl.gz""]","false","0","false","","","","","","","","","","","bigcode/starcoder2-3b","gelu_new","SPLASH","false","","MLP_ZERO_DOWN","0.01","4096","MLP","512","true","5","3072","true","0.02","12288","0.00001","","","false","1","24","2","30","false","meta-llama/Llama-2-7b-hf","1","999999.4420358812","false","false","softmax","0.02","1","true","4096","true","1","false","true","true","true","","0.9","0.95","1e-8","0.000019","cosine","1","0.1","0","0.01","0","true","0","gs://usc2-ckpt/starcoder2-3b-state-dicts","8","batch","true","gs://usc2-ckpt/starcoder2-3b-misc","[{""every"":10000}]","0:15:00","embed","true","true","logs","","512","1","jax.numpy.bfloat16","jax.numpy.bfloat16","jax.numpy.float32","500","4","4","false","100","false","5","true","true","1","1","true","0","false","10","[""mlp"",""heads""]","levanter-seqmoe","allow","true","false","256","levanter-seqmoe","allow","true","false","0","","tpu","0.6070360541343689","","","","","","","","","","","","","","","","","","","","","","","","","","","","","499","4","1","0.0000019001722648681607","3785349120","1","TPU v4","93111938187264","1100000000000000","275000000000000","11894491431.793852","523239424","","","","","","","","","","","","","","","","","","","","","","","","","","","","","302463","754977792"
"rstarcoder_sweep_routed_mlp_30_rerun","38c5ec219fc54912f227562e661d9e9a598d5454","2025-03-19T09:48:17.000Z","46631","2025-03-19T22:45:28.000Z","t1v-n-7e9aa5a6-w-0","tavvkjfi","-","2025-03-25T06:10:49.000Z","rerun, routed_mlp, routed_mlp_scaling, rstarcoder_sweep","38c5ec219fc54912f227562e661d9e9a598d5454","0","","false","tavvkjfi","","rstarcoder_sweep_routed_mlp_30_rerun","[""rstarcoder_sweep"",""routed_mlp"",""rerun""]","","rstarcoder_sweep_routed_mlp_30_rerun","[""rstarcoder_sweep"",""routed_mlp"",""rerun""]","0.6051430702209473","0.6051430702209473","0.6051430702209473","","30","","0.014472356997430325","0.0312172994017601","2.1425942346286336e-14","85.74845494190231","2.985476533349193","370644.6752436497","0.15415819198824465","33.694970476695424","12228.511880598297","0.5624454617500305","0.5624454617500305","0.5624454617500305","","31","","0.003115409053862095","finished","","","","","","","","","false","false","gs://usc2-datacache/20250122-flattened-shuffled/starcoder","128","4","6442450944","128","3221225472","512MB","flattened","<|endoftext|>","content","path","<file_sep>","files","blob_id","<fim_middle>","true","<fim_pad>","false","false","false","<fim_prefix>","<>|","repo_name","<repo_name>","","<|router|>","false","<fim_suffix>","bigcode/starcoder2-3b","[""gs://usc-stack-v2/20250122-flattened-shuffled/shard-{00..58}.jsonl.gz""]","[""gs://usc-stack-v2/20250122-flattened-shuffled/shard-{59..60}.jsonl.gz""]","false","0","false","","","","","","","","","","","bigcode/starcoder2-3b","gelu_new","SPLASH","false","","MLP_ZERO_DOWN","0.01","128","MLP","512","true","5","3072","false","0.02","12288","0.00001","","","false","32","24","2","30","true","meta-llama/Llama-2-7b-hf","1","999999.4420358812","false","false","softmax","0.02","1","true","4096","true","4","false","true","true","true","","0.9","0.95","1e-8","0.000139","cosine","1","0.1","0","0.01","0","true","0","gs://usc2-ckpt/starcoder2-3b-state-dicts","8","batch","true","gs://usc2-ckpt/starcoder2-3b-misc","[{""every"":10000}]","0:15:00","embed","true","true","logs","","512","1","jax.numpy.bfloat16","jax.numpy.bfloat16","jax.numpy.float32","500","4","4","false","100","false","5","true","true","1","1","true","0","false","10","[""mlp"",""heads""]","levanter-seqmoe","allow","true","false","256","levanter-seqmoe","allow","true","false","0","","tpu","0.6051430702209473","","","","","","","","","","","","","","","","","","","","","","","","","","","","","499","4","1","0.000013901259990234394","3879828480","1","TPU v4","124149250916352","1100000000000000","275000000000000","15859321909.05847","523239424","","","","","","","","","","","","","","","","","","","","","","","","","","","","","302463","849457152"
"rstarcoder_sweep_routed_mlp_lblb_more_experts_49","4c89513d877eb57ebd59bdb4abc1fb92dbc97a7d","2025-03-05T21:20:12.000Z","1537910","2025-03-23T16:32:02.000Z","t1v-n-00b68d48-w-0","kdxt43be","-","2025-03-23T16:32:02.000Z","routed_mlp_lblb_more_experts, rstarcoder_sweep","4c89513d877eb57ebd59bdb4abc1fb92dbc97a7d","0.00001","","true","kdxt43be","","rstarcoder_sweep_routed_mlp_lblb_more_experts_49","[""rstarcoder_sweep"",""routed_mlp_lblb_more_experts""]","","rstarcoder_sweep_routed_mlp_lblb_more_experts_49","[""rstarcoder_sweep"",""routed_mlp_lblb_more_experts""]","0.6051839590072632","0.6051839590072632","0.6060194373130798","83.23542022705078","13","0.0023577071260660887","0.011002842336893082","0.02253379672765732","0.00291800731793046","99.68781486200167","2.568016967313227","318817.3828324191","0.1781105359987123","28.983398439310832","10518.597498114976","0.5624761581420898","0.5624761581420898","0.5632660984992981","78.56891632080078","16","0.002908234717324376","0.003609460000006948","finished","","","","","","","","","false","false","gs://usc2-datacache/20250122-flattened-shuffled/starcoder","128","4","6442450944","128","3221225472","512MB","flattened","<|endoftext|>","content","path","<file_sep>","files","blob_id","<fim_middle>","true","<fim_pad>","false","false","false","<fim_prefix>","<>|","repo_name","<repo_name>","","<|router|>","false","<fim_suffix>","bigcode/starcoder2-3b","[""gs://usc-stack-v2/20250122-flattened-shuffled/shard-{00..58}.jsonl.gz""]","[""gs://usc-stack-v2/20250122-flattened-shuffled/shard-{59..60}.jsonl.gz""]","false","0","false","","","","","","","","","","","bigcode/starcoder2-3b","gelu_new","SPLASH","false","","MLP_ZERO_DOWN","0.01","128","MLP","512","true","5","3072","false","0.02","12288","0.00001","","","false","64","24","2","30","true","meta-llama/Llama-2-7b-hf","1","999999.4420358812","false","false","softmax","0.02","1","true","4096","true","4","false","true","true","true","","0.9","0.95","1e-8","0.000139","cosine","1","0.1","0","0.01","0","true","0.001","gs://usc2-ckpt/starcoder2-3b-state-dicts","8","batch","true","gs://usc2-ckpt/starcoder2-3b-misc","[{""every"":10000}]","0:15:00","embed","true","true","logs","","512","1","jax.numpy.bfloat16","jax.numpy.bfloat16","jax.numpy.float32","500","4","4","false","100","false","5","true","true","1","1","true","0","false","10","[""mlp"",""heads""]","levanter-seqmoe","allow","true","false","256","levanter-seqmoe","allow","true","false","0","","tpu","0.6051816940307617","","","","","","","","","","","","","","","","","","","","","","","","","","","","","499","4","1","0.000013901259990234394","4634901504","1","TPU v4","124149250916352","1100000000000000","275000000000000","15859321909.05847","523239424","","","","","","","","","","","","","","","","","","","","","","","","","","","","","302463","1604530176"
"rstarcoder_sweep_routed_mlp_lflb_granularity_88","e6e0216dcd172ce715fd489a56b2bb3563b1fef1","2025-03-05T21:18:33.000Z","46138","2025-03-06T10:07:31.000Z","t1v-n-7e9aa5a6-w-0","s66zc2lj","-","2025-03-06T10:07:31.000Z","routed_mlp_lflb_granularity, rstarcoder_sweep","e6e0216dcd172ce715fd489a56b2bb3563b1fef1","0","0.0001","false","s66zc2lj","willandwill","rstarcoder_sweep_routed_mlp_lflb_granularity_88","[""rstarcoder_sweep"",""routed_mlp_lflb_granularity""]","willandwill","rstarcoder_sweep_routed_mlp_lflb_granularity_88","[""rstarcoder_sweep"",""routed_mlp_lflb_granularity""]","0.6052021980285645","0.6052021980285645","0.6052035689353943","","85","0.0013696111273020506","0.009438246488571169","0.020948592573404312","0.0008293448481708765","84.7712946709944","3.019890176191844","374917.1032238677","0.16326119100267533","34.08337302035161","12369.470161681793","0.5624685287475586","0.5624685287475586","0.5624699592590332","","7","0.0014570101629942656","0.0035962200054200366","finished","","","","","","","","","false","false","gs://usc2-datacache/20250122-flattened-shuffled/starcoder","128","4","6442450944","128","3221225472","512MB","flattened","<|endoftext|>","content","path","<file_sep>","files","blob_id","<fim_middle>","true","<fim_pad>","false","false","false","<fim_prefix>","<>|","repo_name","<repo_name>","","<|router|>","false","<fim_suffix>","bigcode/starcoder2-3b","[""gs://usc-stack-v2/20250122-flattened-shuffled/shard-{00..58}.jsonl.gz""]","[""gs://usc-stack-v2/20250122-flattened-shuffled/shard-{59..60}.jsonl.gz""]","false","0","false","","","","","","","","","","","bigcode/starcoder2-3b","gelu_new","SPLASH","false","","MLP_ZERO_DOWN","0.01","32","MLP","512","true","5","3072","false","0.02","12288","0.00001","","","false","128","24","2","30","true","meta-llama/Llama-2-7b-hf","1","999999.4420358812","false","true","softmax","0.02","1","true","4096","true","16","false","true","true","true","","0.9","0.95","1e-8","0.000139","cosine","1","0.1","0","0.01","0","true","0.001","gs://usc2-ckpt/starcoder2-3b-state-dicts","8","batch","true","gs://usc2-ckpt/starcoder2-3b-misc","[{""every"":10000}]","0:15:00","embed","true","true","logs","","512","1","jax.numpy.bfloat16","jax.numpy.bfloat16","jax.numpy.float32","500","4","4","false","100","false","5","true","true","1","1","true","0","false","10","[""mlp"",""heads""]","levanter-seqmoe","allow","true","false","256","levanter-seqmoe","allow","true","false","0","","tpu","0.6052021980285645","","","","","","","","","","","","","","","","","","","","","","","","","","","","","499","4","1","0.000013901259990234394","3880160256","1","TPU v4","124149250916352","1100000000000000","275000000000000","15859321909.05847","523239424","","","","","","","","","","","","","","","","","","","","","","","","","","","","","302463","849788928"
"rstarcoder_sweep_routed_mlp_lflb_more_experts_55","4c89513d877eb57ebd59bdb4abc1fb92dbc97a7d","2025-03-05T20:59:03.000Z","1524396","2025-03-23T12:25:39.000Z","t1v-n-88da68b9-w-0","rwtswqsy","-","2025-03-23T12:25:39.000Z","routed_mlp_lflb_more_experts, rstarcoder_sweep","4c89513d877eb57ebd59bdb4abc1fb92dbc97a7d","0","0.0001","true","rwtswqsy","","rstarcoder_sweep_routed_mlp_lflb_more_experts_55","[""rstarcoder_sweep"",""routed_mlp_lflb_more_experts""]","","rstarcoder_sweep_routed_mlp_lflb_more_experts_55","[""rstarcoder_sweep"",""routed_mlp_lflb_more_experts""]","0.6052217483520508","0.6052217483520508","0.6052243709564209","","33","0.002435990609228611","0.011008888483047484","0.024330109357833862","0.0011171293444931507","115.54668140300056","2.2155547601330947","275059.46383468166","0.15400670599774458","25.00540580315288","9074.912297505156","0.5624693632125854","0.5624693632125854","0.562472403049469","","16","0.003000958124175668","5.549331690002873","finished","","","","","","","","","false","false","gs://usc2-datacache/20250122-flattened-shuffled/starcoder","128","4","6442450944","128","3221225472","512MB","flattened","<|endoftext|>","content","path","<file_sep>","files","blob_id","<fim_middle>","true","<fim_pad>","false","false","false","<fim_prefix>","<>|","repo_name","<repo_name>","","<|router|>","false","<fim_suffix>","bigcode/starcoder2-3b","[""gs://usc-stack-v2/20250122-flattened-shuffled/shard-{00..58}.jsonl.gz""]","[""gs://usc-stack-v2/20250122-flattened-shuffled/shard-{59..60}.jsonl.gz""]","false","0","false","","","","","","","","","","","bigcode/starcoder2-3b","gelu_new","SPLASH","false","","MLP_ZERO_DOWN","0.01","128","MLP","512","true","5","3072","false","0.02","12288","0.00001","","","false","96","24","2","30","true","meta-llama/Llama-2-7b-hf","1","999999.4420358812","false","true","softmax","0.02","1","true","4096","true","4","false","true","true","true","","0.9","0.95","1e-8","0.000139","cosine","1","0.1","0","0.01","0","true","0.001","gs://usc2-ckpt/starcoder2-3b-state-dicts","8","batch","true","gs://usc2-ckpt/starcoder2-3b-misc","[{""every"":10000}]","0:15:00","embed","true","true","logs","","512","1","jax.numpy.bfloat16","jax.numpy.bfloat16","jax.numpy.float32","500","4","4","false","100","false","5","true","true","1","1","true","0","false","10","[""mlp"",""heads""]","levanter-seqmoe","allow","true","false","256","levanter-seqmoe","allow","true","false","0","","tpu","0.6051557064056396","","","","","","","","","","","","","","","","","","","","","","","","","","","","","499","4","1","0.000013901259990234394","5389974528","1","TPU v4","124149250916352","1100000000000000","275000000000000","15859321909.05847","523239424","","","","","","","","","","","","","","","","","","","","","","","","","","","","","302463","2359603200"
"rstarcoder_sweep_routed_mlp_lflb_more_experts_52","e6e0216dcd172ce715fd489a56b2bb3563b1fef1","2025-03-05T20:57:07.000Z","46605","2025-03-06T09:53:52.000Z","t1v-n-c16a4861-w-0","q4j5s7sy","-","2025-03-06T09:53:52.000Z","routed_mlp_lflb_more_experts, rstarcoder_sweep","e6e0216dcd172ce715fd489a56b2bb3563b1fef1","0","0.0001","false","q4j5s7sy","willandwill","rstarcoder_sweep_routed_mlp_lflb_more_experts_52","[""rstarcoder_sweep"",""routed_mlp_lflb_more_experts""]","willandwill","rstarcoder_sweep_routed_mlp_lflb_more_experts_52","[""rstarcoder_sweep"",""routed_mlp_lflb_more_experts""]","0.6050684452056885","0.6050684452056885","0.6050699353218079","","21","0.0014258784940466285","0.010359514504671097","0.023303741589188576","0.00032943120459094644","85.59709436798585","2.9907557247147225","371300.08289712423","0.17434769598185085","33.75455299064766","12250.135448431503","0.5624165534973145","0.5624165534973145","0.56241774559021","","7","0.0012620807392522693","0.0032644399907439947","finished","","","","","","","","","false","false","gs://usc2-datacache/20250122-flattened-shuffled/starcoder","128","4","6442450944","128","3221225472","512MB","flattened","<|endoftext|>","content","path","<file_sep>","files","blob_id","<fim_middle>","true","<fim_pad>","false","false","false","<fim_prefix>","<>|","repo_name","<repo_name>","","<|router|>","false","<fim_suffix>","bigcode/starcoder2-3b","[""gs://usc-stack-v2/20250122-flattened-shuffled/shard-{00..58}.jsonl.gz""]","[""gs://usc-stack-v2/20250122-flattened-shuffled/shard-{59..60}.jsonl.gz""]","false","0","false","","","","","","","","","","","bigcode/starcoder2-3b","gelu_new","SPLASH","false","","MLP_ZERO_DOWN","0.01","128","MLP","512","true","5","3072","false","0.02","12288","0.00001","","","false","32","24","2","30","true","meta-llama/Llama-2-7b-hf","1","999999.4420358812","false","true","softmax","0.02","1","true","4096","true","4","false","true","true","true","","0.9","0.95","1e-8","0.000139","cosine","1","0.1","0","0.01","0","true","0.001","gs://usc2-ckpt/starcoder2-3b-state-dicts","8","batch","true","gs://usc2-ckpt/starcoder2-3b-misc","[{""every"":10000}]","0:15:00","embed","true","true","logs","","512","1","jax.numpy.bfloat16","jax.numpy.bfloat16","jax.numpy.float32","500","4","4","false","100","false","5","true","true","1","1","true","0","false","10","[""mlp"",""heads""]","levanter-seqmoe","allow","true","false","256","levanter-seqmoe","allow","true","false","0","","tpu","0.6050613522529602","","","","","","","","","","","","","","","","","","","","","","","","","","","","","499","4","1","0.000013901259990234394","3879828480","1","TPU v4","124149250916352","1100000000000000","275000000000000","15859321909.05847","523239424","","","","","","","","","","","","","","","","","","","","","","","","","","","","","302463","849457152"
"rstarcoder_sweep_routed_mlp_lblb_granularity_67","e6e0216dcd172ce715fd489a56b2bb3563b1fef1","2025-03-05T08:31:56.000Z","46440","2025-03-05T21:25:56.000Z","t1v-n-4bf59725-w-0","6pyi67tw","-","2025-03-05T21:25:56.000Z","routed_mlp_lblb_granularity, rstarcoder_sweep","e6e0216dcd172ce715fd489a56b2bb3563b1fef1","0.00001","","false","6pyi67tw","willandwill","rstarcoder_sweep_routed_mlp_lblb_granularity_67","[""rstarcoder_sweep"",""routed_mlp_lblb_granularity""]","willandwill","rstarcoder_sweep_routed_mlp_lblb_granularity_67","[""rstarcoder_sweep"",""routed_mlp_lblb_granularity""]","0.6052888035774231","0.6052888035774231","0.6057392358779907","44.71453094482422","40","0.002569988602772355","0.00935223326086998","0.02089611254632473","0.0006772594060748816","85.15215955899475","3.006382942321494","373240.1902569118","0.16968150000320747","33.930926386991985","12314.14453174884","0.5624719858169556","0.5624719858169556","0.5628988742828369","42.27337646484375","38","0.0032279109582304955","0.003526969005179126","finished","","","","","","","","","false","false","gs://usc2-datacache/20250122-flattened-shuffled/starcoder","128","4","6442450944","128","3221225472","512MB","flattened","<|endoftext|>","content","path","<file_sep>","files","blob_id","<fim_middle>","true","<fim_pad>","false","false","false","<fim_prefix>","<>|","repo_name","<repo_name>","","<|router|>","false","<fim_suffix>","bigcode/starcoder2-3b","[""gs://usc-stack-v2/20250122-flattened-shuffled/shard-{00..58}.jsonl.gz""]","[""gs://usc-stack-v2/20250122-flattened-shuffled/shard-{59..60}.jsonl.gz""]","false","0","false","","","","","","","","","","","bigcode/starcoder2-3b","gelu_new","SPLASH","false","","MLP_ZERO_DOWN","0.01","64","MLP","512","true","5","3072","false","0.02","12288","0.00001","","","false","64","24","2","30","true","meta-llama/Llama-2-7b-hf","1","999999.4420358812","false","false","softmax","0.02","1","true","4096","true","8","false","true","true","true","","0.9","0.95","1e-8","0.000139","cosine","1","0.1","0","0.01","0","true","0.001","gs://usc2-ckpt/starcoder2-3b-state-dicts","8","batch","true","gs://usc2-ckpt/starcoder2-3b-misc","[{""every"":10000}]","0:15:00","embed","true","true","logs","","512","1","jax.numpy.bfloat16","jax.numpy.bfloat16","jax.numpy.float32","500","4","4","false","100","false","5","true","true","1","1","true","0","false","10","[""mlp"",""heads""]","levanter-seqmoe","allow","true","false","256","levanter-seqmoe","allow","true","false","0","","tpu","0.6052844524383545","","","","","","","","","","","","","","","","","","","","","","","","","","","","","499","4","1","0.000013901259990234394","3879939072","1","TPU v4","124149250916352","1100000000000000","275000000000000","15859321909.05847","523239424","","","","","","","","","","","","","","","","","","","","","","","","","","","","","302463","849567744"
"rstarcoder_sweep_routed_mlp_lflb_granularity_78","e6e0216dcd172ce715fd489a56b2bb3563b1fef1","2025-03-05T08:28:36.000Z","46458","2025-03-05T21:22:54.000Z","t1v-n-62054ed5-w-0","csmojau2","-","2025-03-05T21:22:54.000Z","routed_mlp_lflb_granularity, rstarcoder_sweep","e6e0216dcd172ce715fd489a56b2bb3563b1fef1","0","0.0001","false","csmojau2","willandwill","rstarcoder_sweep_routed_mlp_lflb_granularity_78","[""rstarcoder_sweep"",""routed_mlp_lflb_granularity""]","willandwill","rstarcoder_sweep_routed_mlp_lflb_granularity_78","[""rstarcoder_sweep"",""routed_mlp_lflb_granularity""]","0.604967474937439","0.604967474937439","0.6049683094024658","","10","0.0008966082241386175","0.0108855739235878","0.024690065532922745","0.0004880985652562231","85.48429631099862","2.9947020803523","371790.019993379","0.1626159219958936","33.79909272667082","12266.29972112302","0.5623465776443481","0.5623465776443481","0.5623473525047302","","2","0.0008442903636023402","0.0032584500004304573","finished","","","","","","","","","false","false","gs://usc2-datacache/20250122-flattened-shuffled/starcoder","128","4","6442450944","128","3221225472","512MB","flattened","<|endoftext|>","content","path","<file_sep>","files","blob_id","<fim_middle>","true","<fim_pad>","false","false","false","<fim_prefix>","<>|","repo_name","<repo_name>","","<|router|>","false","<fim_suffix>","bigcode/starcoder2-3b","[""gs://usc-stack-v2/20250122-flattened-shuffled/shard-{00..58}.jsonl.gz""]","[""gs://usc-stack-v2/20250122-flattened-shuffled/shard-{59..60}.jsonl.gz""]","false","0","false","","","","","","","","","","","bigcode/starcoder2-3b","gelu_new","SPLASH","false","","MLP_ZERO_DOWN","0.01","256","MLP","512","true","5","3072","false","0.02","12288","0.00001","","","false","16","24","2","30","true","meta-llama/Llama-2-7b-hf","1","999999.4420358812","false","true","softmax","0.02","1","true","4096","true","2","false","true","true","true","","0.9","0.95","1e-8","0.000139","cosine","1","0.1","0","0.01","0","true","0.001","gs://usc2-ckpt/starcoder2-3b-state-dicts","8","batch","true","gs://usc2-ckpt/starcoder2-3b-misc","[{""every"":10000}]","0:15:00","embed","true","true","logs","","512","1","jax.numpy.bfloat16","jax.numpy.bfloat16","jax.numpy.float32","500","4","4","false","100","false","5","true","true","1","1","true","0","false","10","[""mlp"",""heads""]","levanter-seqmoe","allow","true","false","256","levanter-seqmoe","allow","true","false","0","","tpu","0.604967474937439","","","","","","","","","","","","","","","","","","","","","","","","","","","","","499","4","1","0.000013901259990234394","3879773184","1","TPU v4","124149250916352","1100000000000000","275000000000000","15859321909.05847","523239424","","","","","","","","","","","","","","","","","","","","","","","","","","","","","302463","849401856"
"rstarcoder_sweep_routed_mlp_lblb_more_experts_51","e6e0216dcd172ce715fd489a56b2bb3563b1fef1","2025-03-05T08:25:28.000Z","71212","2025-03-06T04:12:20.000Z","t1v-n-2e9f25c1-w-0","3s5dhax3","-","2025-03-06T04:12:20.000Z","routed_mlp_lblb_more_experts, rstarcoder_sweep","e6e0216dcd172ce715fd489a56b2bb3563b1fef1","0.00001","","false","3s5dhax3","willandwill","rstarcoder_sweep_routed_mlp_lblb_more_experts_51","[""rstarcoder_sweep"",""routed_mlp_lblb_more_experts""]","willandwill","rstarcoder_sweep_routed_mlp_lblb_more_experts_51","[""rstarcoder_sweep"",""routed_mlp_lblb_more_experts""]","0.6052621006965637","0.6052621006965637","0.6061686873435974","90.42139434814452","25","0.0015918825520202518","0.010960284620523453","0.02000296860933304","0.006256896071135998","130.6645079059963","1.959216041927572","243235.20398860815","0.2319100650056498","22.11229127169165","8024.948907735336","0.5624669194221497","0.5624669194221497","0.5633557438850403","88.49656677246094","28","0.0020777303725481033","0.003673390005133115","finished","","","","","","","","","false","false","gs://usc2-datacache/20250122-flattened-shuffled/starcoder","128","4","6442450944","128","3221225472","512MB","flattened","<|endoftext|>","content","path","<file_sep>","files","blob_id","<fim_middle>","true","<fim_pad>","false","false","false","<fim_prefix>","<>|","repo_name","<repo_name>","","<|router|>","false","<fim_suffix>","bigcode/starcoder2-3b","[""gs://usc-stack-v2/20250122-flattened-shuffled/shard-{00..58}.jsonl.gz""]","[""gs://usc-stack-v2/20250122-flattened-shuffled/shard-{59..60}.jsonl.gz""]","false","0","false","","","","","","","","","","","bigcode/starcoder2-3b","gelu_new","SPLASH","false","","MLP_ZERO_DOWN","0.01","128","MLP","512","true","5","3072","false","0.02","12288","0.00001","","","false","128","24","2","30","true","meta-llama/Llama-2-7b-hf","1","999999.4420358812","false","false","softmax","0.02","1","true","4096","true","4","false","true","true","true","","0.9","0.95","1e-8","0.000139","cosine","1","0.1","0","0.01","0","true","0.001","gs://usc2-ckpt/starcoder2-3b-state-dicts","8","batch","true","gs://usc2-ckpt/starcoder2-3b-misc","[{""every"":10000}]","0:15:00","embed","true","true","logs","","512","1","jax.numpy.bfloat16","jax.numpy.bfloat16","jax.numpy.float32","500","4","4","false","100","false","5","true","true","1","1","true","0","false","10","[""mlp"",""heads""]","levanter-seqmoe","allow","true","false","256","levanter-seqmoe","allow","true","false","0","","tpu","0.6052342057228088","","","","","","","","","","","","","","","","","","","","","","","","","","","","","499","4","1","0.000013901259990234394","6145047552","1","TPU v4","124149250916352","1100000000000000","275000000000000","15859321909.05847","523239424","","","","","","","","","","","","","","","","","","","","","","","","","","","","","302463","3114676224"
"rstarcoder_sweep_routed_mlp_lblb_granularity_62","e6e0216dcd172ce715fd489a56b2bb3563b1fef1","2025-03-05T08:23:24.000Z","46621","2025-03-05T21:20:25.000Z","t1v-n-e296036e-w-0","mnzg3v6b","-","2025-03-05T21:20:25.000Z","routed_mlp_lblb_granularity, rstarcoder_sweep","e6e0216dcd172ce715fd489a56b2bb3563b1fef1","0.00001","","false","mnzg3v6b","willandwill","rstarcoder_sweep_routed_mlp_lblb_granularity_62","[""rstarcoder_sweep"",""routed_mlp_lblb_granularity""]","willandwill","rstarcoder_sweep_routed_mlp_lblb_granularity_62","[""rstarcoder_sweep"",""routed_mlp_lblb_granularity""]","0.6050361394882202","0.6050361394882202","0.6054837703704834","44.5318489074707","7","0.0017245602793991566","0.011415015906095505","0.025849418714642525","0.0004281855945009738","85.57587619200058","2.9914972699272258","371392.1451797771","0.19689574600488413","33.762922289070644","12253.172817621917","0.5623403787612915","0.5623403787612915","0.5627637505531311","42.050201416015625","8","0.0019135834882035851","0.003635619999840856","finished","","","","","","","","","false","false","gs://usc2-datacache/20250122-flattened-shuffled/starcoder","128","4","6442450944","128","3221225472","512MB","flattened","<|endoftext|>","content","path","<file_sep>","files","blob_id","<fim_middle>","true","<fim_pad>","false","false","false","<fim_prefix>","<>|","repo_name","<repo_name>","","<|router|>","false","<fim_suffix>","bigcode/starcoder2-3b","[""gs://usc-stack-v2/20250122-flattened-shuffled/shard-{00..58}.jsonl.gz""]","[""gs://usc-stack-v2/20250122-flattened-shuffled/shard-{59..60}.jsonl.gz""]","false","0","false","","","","","","","","","","","bigcode/starcoder2-3b","gelu_new","SPLASH","false","","MLP_ZERO_DOWN","0.01","256","MLP","512","true","5","3072","false","0.02","12288","0.00001","","","false","16","24","2","30","true","meta-llama/Llama-2-7b-hf","1","999999.4420358812","false","false","softmax","0.02","1","true","4096","true","2","false","true","true","true","","0.9","0.95","1e-8","0.000139","cosine","1","0.1","0","0.01","0","true","0.001","gs://usc2-ckpt/starcoder2-3b-state-dicts","8","batch","true","gs://usc2-ckpt/starcoder2-3b-misc","[{""every"":10000}]","0:15:00","embed","true","true","logs","","512","1","jax.numpy.bfloat16","jax.numpy.bfloat16","jax.numpy.float32","500","4","4","false","100","false","5","true","true","1","1","true","0","false","10","[""mlp"",""heads""]","levanter-seqmoe","allow","true","false","256","levanter-seqmoe","allow","true","false","0","","tpu","0.6050211787223816","","","","","","","","","","","","","","","","","","","","","","","","","","","","","499","4","1","0.000013901259990234394","3879773184","1","TPU v4","124149250916352","1100000000000000","275000000000000","15859321909.05847","523239424","","","","","","","","","","","","","","","","","","","","","","","","","","","","","302463","849401856"
"rstarcoder_sweep_routed_mlp_lblb_more_experts_50","e6e0216dcd172ce715fd489a56b2bb3563b1fef1","2025-03-05T08:23:04.000Z","62477","2025-03-06T01:44:21.000Z","t1v-n-f240cf82-w-0","y2cdmfna","-","2025-03-06T01:44:21.000Z","routed_mlp_lblb_more_experts, rstarcoder_sweep","e6e0216dcd172ce715fd489a56b2bb3563b1fef1","0.00001","","false","y2cdmfna","willandwill","rstarcoder_sweep_routed_mlp_lblb_more_experts_50","[""rstarcoder_sweep"",""routed_mlp_lblb_more_experts""]","willandwill","rstarcoder_sweep_routed_mlp_lblb_more_experts_50","[""rstarcoder_sweep"",""routed_mlp_lblb_more_experts""]","0.6052685976028442","0.6052685976028442","0.6060742735862732","80.29512023925781","26","0.0015517360297963023","0.01085022371262312","0.020766787230968475","0.00462281983345747","115.06815324700436","2.2247684765607776","276203.33982733416","0.18278782100242097","25.10939452975765","9112.651679992943","0.5624057650566101","0.5624057650566101","0.5631813406944275","77.30760192871094","28","0.0019625374116003513","0.0035801800040644594","finished","","","","","","","","","false","false","gs://usc2-datacache/20250122-flattened-shuffled/starcoder","128","4","6442450944","128","3221225472","512MB","flattened","<|endoftext|>","content","path","<file_sep>","files","blob_id","<fim_middle>","true","<fim_pad>","false","false","false","<fim_prefix>","<>|","repo_name","<repo_name>","","<|router|>","false","<fim_suffix>","bigcode/starcoder2-3b","[""gs://usc-stack-v2/20250122-flattened-shuffled/shard-{00..58}.jsonl.gz""]","[""gs://usc-stack-v2/20250122-flattened-shuffled/shard-{59..60}.jsonl.gz""]","false","0","false","","","","","","","","","","","bigcode/starcoder2-3b","gelu_new","SPLASH","false","","MLP_ZERO_DOWN","0.01","128","MLP","512","true","5","3072","false","0.02","12288","0.00001","","","false","96","24","2","30","true","meta-llama/Llama-2-7b-hf","1","999999.4420358812","false","false","softmax","0.02","1","true","4096","true","4","false","true","true","true","","0.9","0.95","1e-8","0.000139","cosine","1","0.1","0","0.01","0","true","0.001","gs://usc2-ckpt/starcoder2-3b-state-dicts","8","batch","true","gs://usc2-ckpt/starcoder2-3b-misc","[{""every"":10000}]","0:15:00","embed","true","true","logs","","512","1","jax.numpy.bfloat16","jax.numpy.bfloat16","jax.numpy.float32","500","4","4","false","100","false","5","true","true","1","1","true","0","false","10","[""mlp"",""heads""]","levanter-seqmoe","allow","true","false","256","levanter-seqmoe","allow","true","false","0","","tpu","0.6052240133285522","","","","","","","","","","","","","","","","","","","","","","","","","","","","","499","4","1","0.000013901259990234394","5389974528","1","TPU v4","124149250916352","1100000000000000","275000000000000","15859321909.05847","523239424","","","","","","","","","","","","","","","","","","","","","","","","","","","","","302463","2359603200"
"rstarcoder_sweep_routed_mlp_lflb_more_experts_54","e6e0216dcd172ce715fd489a56b2bb3563b1fef1","2025-03-05T08:22:53.000Z","55176","2025-03-05T23:42:29.000Z","t1v-n-dbe7f3c6-w-0","bozpqzjx","-","2025-03-05T23:42:29.000Z","routed_mlp_lflb_more_experts, rstarcoder_sweep","e6e0216dcd172ce715fd489a56b2bb3563b1fef1","0","0.0001","false","bozpqzjx","willandwill","rstarcoder_sweep_routed_mlp_lflb_more_experts_54","[""rstarcoder_sweep"",""routed_mlp_lflb_more_experts""]","willandwill","rstarcoder_sweep_routed_mlp_lflb_more_experts_54","[""rstarcoder_sweep"",""routed_mlp_lflb_more_experts""]","0.605056881904602","0.605056881904602","0.6050581932067871","","31","0.0014025724958628416","0.010137910023331642","0.022996677085757256","0.00013009828398935497","100.66298784700484","2.5431392955381775","315728.8385170038","0.17862582900124835","28.702621683363983","10416.698554524375","0.562487781047821","0.562487781047821","0.5624897480010986","","8","0.0019535596948117018","0.0029518000010284595","finished","","","","","","","","","false","false","gs://usc2-datacache/20250122-flattened-shuffled/starcoder","128","4","6442450944","128","3221225472","512MB","flattened","<|endoftext|>","content","path","<file_sep>","files","blob_id","<fim_middle>","true","<fim_pad>","false","false","false","<fim_prefix>","<>|","repo_name","<repo_name>","","<|router|>","false","<fim_suffix>","bigcode/starcoder2-3b","[""gs://usc-stack-v2/20250122-flattened-shuffled/shard-{00..58}.jsonl.gz""]","[""gs://usc-stack-v2/20250122-flattened-shuffled/shard-{59..60}.jsonl.gz""]","false","0","false","","","","","","","","","","","bigcode/starcoder2-3b","gelu_new","SPLASH","false","","MLP_ZERO_DOWN","0.01","128","MLP","512","true","5","3072","false","0.02","12288","0.00001","","","false","64","24","2","30","true","meta-llama/Llama-2-7b-hf","1","999999.4420358812","false","true","softmax","0.02","1","true","4096","true","4","false","true","true","true","","0.9","0.95","1e-8","0.000139","cosine","1","0.1","0","0.01","0","true","0.001","gs://usc2-ckpt/starcoder2-3b-state-dicts","8","batch","true","gs://usc2-ckpt/starcoder2-3b-misc","[{""every"":10000}]","0:15:00","embed","true","true","logs","","512","1","jax.numpy.bfloat16","jax.numpy.bfloat16","jax.numpy.float32","500","4","4","false","100","false","5","true","true","1","1","true","0","false","10","[""mlp"",""heads""]","levanter-seqmoe","allow","true","false","256","levanter-seqmoe","allow","true","false","0","","tpu","0.6050472259521484","","","","","","","","","","","","","","","","","","","","","","","","","","","","","499","4","1","0.000013901259990234394","4634901504","1","TPU v4","124149250916352","1100000000000000","275000000000000","15859321909.05847","523239424","","","","","","","","","","","","","","","","","","","","","","","","","","","","","302463","1604530176"
"rstarcoder_sweep_routed_mlp_lblb_granularity_72","e6e0216dcd172ce715fd489a56b2bb3563b1fef1","2025-03-05T08:22:36.000Z","46888","2025-03-05T21:24:04.000Z","t1v-n-5e762d4d-w-0","ixg3slhc","-","2025-03-05T21:24:04.000Z","routed_mlp_lblb_granularity, rstarcoder_sweep","e6e0216dcd172ce715fd489a56b2bb3563b1fef1","0.00001","","false","ixg3slhc","willandwill","rstarcoder_sweep_routed_mlp_lblb_granularity_72","[""rstarcoder_sweep"",""routed_mlp_lblb_granularity""]","willandwill","rstarcoder_sweep_routed_mlp_lblb_granularity_72","[""rstarcoder_sweep"",""routed_mlp_lblb_granularity""]","0.6052175164222717","0.6052175164222717","0.6056420207023621","42.1796760559082","72","0.0019405161729082463","0.009948911145329475","0.021303504705429077","0.001785536529496312","85.25479389999964","3.002763695614319","372790.8634893345","0.1476814130001003","33.89007849903041","12299.32009723625","0.5623679757118225","0.5623679757118225","0.5627698302268982","39.874237060546875","74","0.0026526872534304857","0.0029263600008562207","finished","","","","","","","","","false","false","gs://usc2-datacache/20250122-flattened-shuffled/starcoder","128","4","6442450944","128","3221225472","512MB","flattened","<|endoftext|>","content","path","<file_sep>","files","blob_id","<fim_middle>","true","<fim_pad>","false","false","false","<fim_prefix>","<>|","repo_name","<repo_name>","","<|router|>","false","<fim_suffix>","bigcode/starcoder2-3b","[""gs://usc-stack-v2/20250122-flattened-shuffled/shard-{00..58}.jsonl.gz""]","[""gs://usc-stack-v2/20250122-flattened-shuffled/shard-{59..60}.jsonl.gz""]","false","0","false","","","","","","","","","","","bigcode/starcoder2-3b","gelu_new","SPLASH","false","","MLP_ZERO_DOWN","0.01","32","MLP","512","true","5","3072","false","0.02","12288","0.00001","","","false","128","24","2","30","true","meta-llama/Llama-2-7b-hf","1","999999.4420358812","false","false","softmax","0.02","1","true","4096","true","16","false","true","true","true","","0.9","0.95","1e-8","0.000139","cosine","1","0.1","0","0.01","0","true","0.001","gs://usc2-ckpt/starcoder2-3b-state-dicts","8","batch","true","gs://usc2-ckpt/starcoder2-3b-misc","[{""every"":10000}]","0:15:00","embed","true","true","logs","","512","1","jax.numpy.bfloat16","jax.numpy.bfloat16","jax.numpy.float32","500","4","4","false","100","false","5","true","true","1","1","true","0","false","10","[""mlp"",""heads""]","levanter-seqmoe","allow","true","false","256","levanter-seqmoe","allow","true","false","0","","tpu","0.6052175164222717","","","","","","","","","","","","","","","","","","","","","","","","","","","","","499","4","1","0.000013901259990234394","3880160256","1","TPU v4","124149250916352","1100000000000000","275000000000000","15859321909.05847","523239424","","","","","","","","","","","","","","","","","","","","","","","","","","","","","302463","849788928"
"rstarcoder_sweep_routed_mlp_lblb_granularity_57","e6e0216dcd172ce715fd489a56b2bb3563b1fef1","2025-03-05T08:22:16.000Z","46598","2025-03-05T21:18:54.000Z","t1v-n-9416ac59-w-0","blqwaz6y","-","2025-03-05T21:18:54.000Z","routed_mlp_lblb_granularity, rstarcoder_sweep","e6e0216dcd172ce715fd489a56b2bb3563b1fef1","0.00001","","false","blqwaz6y","willandwill","rstarcoder_sweep_routed_mlp_lblb_granularity_57","[""rstarcoder_sweep"",""routed_mlp_lblb_granularity""]","willandwill","rstarcoder_sweep_routed_mlp_lblb_granularity_57","[""rstarcoder_sweep"",""routed_mlp_lblb_granularity""]","0.6054023504257202","0.6054023504257202","0.6054855585098267","8.262807846069336","5","0.0005004957201890647","0.01232689432799816","0.01912705786526203","0.006111091934144497","85.43077870600246","2.996578093721779","372022.92564790894","0.15640590700058965","33.820265967991716","12273.983871884408","0.5625551342964172","0.5625551342964172","0.5626323819160461","7.659326553344727","5","0.0005892878980375826","0.0030406599980778992","finished","","","","","","","","","false","false","gs://usc2-datacache/20250122-flattened-shuffled/starcoder","128","4","6442450944","128","3221225472","512MB","flattened","<|endoftext|>","content","path","<file_sep>","files","blob_id","<fim_middle>","true","<fim_pad>","false","false","false","<fim_prefix>","<>|","repo_name","<repo_name>","","<|router|>","false","<fim_suffix>","bigcode/starcoder2-3b","[""gs://usc-stack-v2/20250122-flattened-shuffled/shard-{00..58}.jsonl.gz""]","[""gs://usc-stack-v2/20250122-flattened-shuffled/shard-{59..60}.jsonl.gz""]","false","0","false","","","","","","","","","","","bigcode/starcoder2-3b","gelu_new","SPLASH","false","","MLP_ZERO_DOWN","0.01","512","MLP","512","true","5","3072","false","0.02","12288","0.00001","","","false","8","24","2","30","true","meta-llama/Llama-2-7b-hf","1","999999.4420358812","false","false","softmax","0.02","1","true","4096","true","1","false","true","true","true","","0.9","0.95","1e-8","0.000139","cosine","1","0.1","0","0.01","0","true","0.001","gs://usc2-ckpt/starcoder2-3b-state-dicts","8","batch","true","gs://usc2-ckpt/starcoder2-3b-misc","[{""every"":10000}]","0:15:00","embed","true","true","logs","","512","1","jax.numpy.bfloat16","jax.numpy.bfloat16","jax.numpy.float32","500","4","4","false","100","false","5","true","true","1","1","true","0","false","10","[""mlp"",""heads""]","levanter-seqmoe","allow","true","false","256","levanter-seqmoe","allow","true","false","0","","tpu","0.6052770018577576","","","","","","","","","","","","","","","","","","","","","","","","","","","","","499","4","1","0.000013901259990234394","3879745536","1","TPU v4","124149250916352","1100000000000000","275000000000000","15859321909.05847","523239424","","","","","","","","","","","","","","","","","","","","","","","","","","","","","302463","849374208"
"rstarcoder_sweep_routed_mlp_lflb_granularity_73","e6e0216dcd172ce715fd489a56b2bb3563b1fef1","2025-03-05T08:22:01.000Z","46532","2025-03-05T21:17:33.000Z","t1v-n-7e9aa5a6-w-0","7i7oehbk","-","2025-03-05T21:17:33.000Z","routed_mlp_lflb_granularity, rstarcoder_sweep","e6e0216dcd172ce715fd489a56b2bb3563b1fef1","0","0.0001","false","7i7oehbk","willandwill","rstarcoder_sweep_routed_mlp_lflb_granularity_73","[""rstarcoder_sweep"",""routed_mlp_lflb_granularity""]","willandwill","rstarcoder_sweep_routed_mlp_lflb_granularity_73","[""rstarcoder_sweep"",""routed_mlp_lflb_granularity""]","0.6051580905914307","0.6051580905914307","0.6051589846611023","","1","0.000890307012014091","0.018630092963576317","0.03065463900566101","0.010960455983877182","85.4135553820015","2.997182342487347","372097.9426795213","0.17688076000194997","33.82708569813829","12276.458874828171","0.5624960660934448","0.5624960660934448","0.5624970197677612","","2","0.000910080794710666","0.0034042199986288324","finished","","","","","","","","","false","false","gs://usc2-datacache/20250122-flattened-shuffled/starcoder","128","4","6442450944","128","3221225472","512MB","flattened","<|endoftext|>","content","path","<file_sep>","files","blob_id","<fim_middle>","true","<fim_pad>","false","false","false","<fim_prefix>","<>|","repo_name","<repo_name>","","<|router|>","false","<fim_suffix>","bigcode/starcoder2-3b","[""gs://usc-stack-v2/20250122-flattened-shuffled/shard-{00..58}.jsonl.gz""]","[""gs://usc-stack-v2/20250122-flattened-shuffled/shard-{59..60}.jsonl.gz""]","false","0","false","","","","","","","","","","","bigcode/starcoder2-3b","gelu_new","SPLASH","false","","MLP_ZERO_DOWN","0.01","512","MLP","512","true","5","3072","false","0.02","12288","0.00001","","","false","8","24","2","30","true","meta-llama/Llama-2-7b-hf","1","999999.4420358812","false","true","softmax","0.02","1","true","4096","true","1","false","true","true","true","","0.9","0.95","1e-8","0.000139","cosine","1","0.1","0","0.01","0","true","0.001","gs://usc2-ckpt/starcoder2-3b-state-dicts","8","batch","true","gs://usc2-ckpt/starcoder2-3b-misc","[{""every"":10000}]","0:15:00","embed","true","true","logs","","512","1","jax.numpy.bfloat16","jax.numpy.bfloat16","jax.numpy.float32","500","4","4","false","100","false","5","true","true","1","1","true","0","false","10","[""mlp"",""heads""]","levanter-seqmoe","allow","true","false","256","levanter-seqmoe","allow","true","false","0","","tpu","0.6051322221755981","","","","","","","","","","","","","","","","","","","","","","","","","","","","","499","4","1","0.000013901259990234394","3879745536","1","TPU v4","124149250916352","1100000000000000","275000000000000","15859321909.05847","523239424","","","","","","","","","","","","","","","","","","","","","","","","","","","","","302463","849374208"
"rstarcoder_sweep_routed_mlp_lflb_more_experts_53","e6e0216dcd172ce715fd489a56b2bb3563b1fef1","2025-03-05T08:21:39.000Z","50640","2025-03-05T22:25:39.000Z","t1v-n-b595536e-w-0","swai66nv","-","2025-03-05T22:25:39.000Z","routed_mlp_lflb_more_experts, rstarcoder_sweep","e6e0216dcd172ce715fd489a56b2bb3563b1fef1","0","0.0001","false","swai66nv","willandwill","rstarcoder_sweep_routed_mlp_lflb_more_experts_53","[""rstarcoder_sweep"",""routed_mlp_lflb_more_experts""]","willandwill","rstarcoder_sweep_routed_mlp_lflb_more_experts_53","[""rstarcoder_sweep"",""routed_mlp_lflb_more_experts""]","0.6051012277603149","0.6051012277603149","0.6051040887832642","","18","0.002882228698581457","0.010128282010555267","0.022392770275473595","0.0008341356879100204","93.11885728699416","2.749174629699363","341307.97091541527","0.1684761040014564","31.02799735594684","11260.61928324859","0.562283992767334","0.562283992767334","0.5622865557670593","","5","0.002567501273006201","0.003736179998668376","finished","","","","","","","","","false","false","gs://usc2-datacache/20250122-flattened-shuffled/starcoder","128","4","6442450944","128","3221225472","512MB","flattened","<|endoftext|>","content","path","<file_sep>","files","blob_id","<fim_middle>","true","<fim_pad>","false","false","false","<fim_prefix>","<>|","repo_name","<repo_name>","","<|router|>","false","<fim_suffix>","bigcode/starcoder2-3b","[""gs://usc-stack-v2/20250122-flattened-shuffled/shard-{00..58}.jsonl.gz""]","[""gs://usc-stack-v2/20250122-flattened-shuffled/shard-{59..60}.jsonl.gz""]","false","0","false","","","","","","","","","","","bigcode/starcoder2-3b","gelu_new","SPLASH","false","","MLP_ZERO_DOWN","0.01","128","MLP","512","true","5","3072","false","0.02","12288","0.00001","","","false","48","24","2","30","true","meta-llama/Llama-2-7b-hf","1","999999.4420358812","false","true","softmax","0.02","1","true","4096","true","4","false","true","true","true","","0.9","0.95","1e-8","0.000139","cosine","1","0.1","0","0.01","0","true","0.001","gs://usc2-ckpt/starcoder2-3b-state-dicts","8","batch","true","gs://usc2-ckpt/starcoder2-3b-misc","[{""every"":10000}]","0:15:00","embed","true","true","logs","","512","1","jax.numpy.bfloat16","jax.numpy.bfloat16","jax.numpy.float32","500","4","4","false","100","false","5","true","true","1","1","true","0","false","10","[""mlp"",""heads""]","levanter-seqmoe","allow","true","false","256","levanter-seqmoe","allow","true","false","0","","tpu","0.6051012277603149","","","","","","","","","","","","","","","","","","","","","","","","","","","","","499","4","1","0.000013901259990234394","4257364992","1","TPU v4","124149250916352","1100000000000000","275000000000000","15859321909.05847","523239424","","","","","","","","","","","","","","","","","","","","","","","","","","","","","302463","1226993664"
"rstarcoder_sweep_routed_mlp_lflb_more_experts_56","4c89513d877eb57ebd59bdb4abc1fb92dbc97a7d","2025-03-05T08:21:30.000Z","1574759","2025-03-23T13:47:29.000Z","t1v-n-cb465963-w-0","sh4t5l35","-","2025-03-23T13:47:29.000Z","routed_mlp_lflb_more_experts, rstarcoder_sweep","4c89513d877eb57ebd59bdb4abc1fb92dbc97a7d","0","0.0001","true","sh4t5l35","","rstarcoder_sweep_routed_mlp_lflb_more_experts_56","[""rstarcoder_sweep"",""routed_mlp_lflb_more_experts""]","","rstarcoder_sweep_routed_mlp_lflb_more_experts_56","[""rstarcoder_sweep"",""routed_mlp_lflb_more_experts""]","0.6051818132400513","0.6051818132400513","0.605184018611908","","49","0.0022166180424392223","0.010290216654539108","0.022430796176195145","0.001437186379916966","130.4994697309994","1.961693794830713","243542.81515548893","0.15319371499936096","22.140255923226267","8035.0977836266","0.5622749328613281","0.5622749328613281","0.5622772574424744","","26","0.002411110792309046","0.003193888998794137","finished","","","","","","","","","false","false","gs://usc2-datacache/20250122-flattened-shuffled/starcoder","128","4","6442450944","128","3221225472","512MB","flattened","<|endoftext|>","content","path","<file_sep>","files","blob_id","<fim_middle>","true","<fim_pad>","false","false","false","<fim_prefix>","<>|","repo_name","<repo_name>","","<|router|>","false","<fim_suffix>","bigcode/starcoder2-3b","[""gs://usc-stack-v2/20250122-flattened-shuffled/shard-{00..58}.jsonl.gz""]","[""gs://usc-stack-v2/20250122-flattened-shuffled/shard-{59..60}.jsonl.gz""]","false","0","false","","","","","","","","","","","bigcode/starcoder2-3b","gelu_new","SPLASH","false","","MLP_ZERO_DOWN","0.01","128","MLP","512","true","5","3072","false","0.02","12288","0.00001","","","false","128","24","2","30","true","meta-llama/Llama-2-7b-hf","1","999999.4420358812","false","true","softmax","0.02","1","true","4096","true","4","false","true","true","true","","0.9","0.95","1e-8","0.000139","cosine","1","0.1","0","0.01","0","true","0.001","gs://usc2-ckpt/starcoder2-3b-state-dicts","8","batch","true","gs://usc2-ckpt/starcoder2-3b-misc","[{""every"":10000}]","0:15:00","embed","true","true","logs","","512","1","jax.numpy.bfloat16","jax.numpy.bfloat16","jax.numpy.float32","500","4","4","false","100","false","5","true","true","1","1","true","0","false","10","[""mlp"",""heads""]","levanter-seqmoe","allow","true","false","256","levanter-seqmoe","allow","true","false","0","","tpu","0.605173647403717","","","","","","","","","","","","","","","","","","","","","","","","","","","","","499","4","1","0.000013901259990234394","6145047552","1","TPU v4","124149250916352","1100000000000000","275000000000000","15859321909.05847","523239424","","","","","","","","","","","","","","","","","","","","","","","","","","","","","302463","3114676224"
"rstarcoder_sweep_routed_mlp_lflb_granularity_83","e6e0216dcd172ce715fd489a56b2bb3563b1fef1","2025-03-05T08:07:03.000Z","46260","2025-03-05T20:58:03.000Z","t1v-n-9532a7fe-w-0","4mhehozq","-","2025-03-05T20:58:03.000Z","routed_mlp_lflb_granularity, rstarcoder_sweep","e6e0216dcd172ce715fd489a56b2bb3563b1fef1","0","0.0001","false","4mhehozq","willandwill","rstarcoder_sweep_routed_mlp_lflb_granularity_83","[""rstarcoder_sweep"",""routed_mlp_lflb_granularity""]","willandwill","rstarcoder_sweep_routed_mlp_lflb_granularity_83","[""rstarcoder_sweep"",""routed_mlp_lflb_granularity""]","0.6052843928337097","0.6052843928337097","0.6052858233451843","","41","0.0013897244352847338","0.009897314012050629","0.02176926471292973","0.00027165349456481636","84.9118891689941","3.01488993479466","374296.3270000064","0.15649274500174215","34.026938818182394","12348.989172918928","0.5624420046806335","0.5624420046806335","0.5624434947967529","","6","0.001480073668062687","0.003321219999634195","finished","","","","","","","","","false","false","gs://usc2-datacache/20250122-flattened-shuffled/starcoder","128","4","6442450944","128","3221225472","512MB","flattened","<|endoftext|>","content","path","<file_sep>","files","blob_id","<fim_middle>","true","<fim_pad>","false","false","false","<fim_prefix>","<>|","repo_name","<repo_name>","","<|router|>","false","<fim_suffix>","bigcode/starcoder2-3b","[""gs://usc-stack-v2/20250122-flattened-shuffled/shard-{00..58}.jsonl.gz""]","[""gs://usc-stack-v2/20250122-flattened-shuffled/shard-{59..60}.jsonl.gz""]","false","0","false","","","","","","","","","","","bigcode/starcoder2-3b","gelu_new","SPLASH","false","","MLP_ZERO_DOWN","0.01","64","MLP","512","true","5","3072","false","0.02","12288","0.00001","","","false","64","24","2","30","true","meta-llama/Llama-2-7b-hf","1","999999.4420358812","false","true","softmax","0.02","1","true","4096","true","8","false","true","true","true","","0.9","0.95","1e-8","0.000139","cosine","1","0.1","0","0.01","0","true","0.001","gs://usc2-ckpt/starcoder2-3b-state-dicts","8","batch","true","gs://usc2-ckpt/starcoder2-3b-misc","[{""every"":10000}]","0:15:00","embed","true","true","logs","","512","1","jax.numpy.bfloat16","jax.numpy.bfloat16","jax.numpy.float32","500","4","4","false","100","false","5","true","true","1","1","true","0","false","10","[""mlp"",""heads""]","levanter-seqmoe","allow","true","false","256","levanter-seqmoe","allow","true","false","0","","tpu","0.605283260345459","","","","","","","","","","","","","","","","","","","","","","","","","","","","","499","4","1","0.000013901259990234394","3879939072","1","TPU v4","124149250916352","1100000000000000","275000000000000","15859321909.05847","523239424","","","","","","","","","","","","","","","","","","","","","","","","","","","","","302463","849567744"
"rstarcoder_sweep_routed_mlp_lblb_more_experts_48","e6e0216dcd172ce715fd489a56b2bb3563b1fef1","2025-03-05T07:58:54.000Z","50298","2025-03-05T21:57:12.000Z","t1v-n-c95440db-w-0","nmatvipx","-","2025-03-05T21:57:12.000Z","routed_mlp_lblb_more_experts, rstarcoder_sweep","e6e0216dcd172ce715fd489a56b2bb3563b1fef1","0.00001","","false","nmatvipx","willandwill","rstarcoder_sweep_routed_mlp_lblb_more_experts_48","[""rstarcoder_sweep"",""routed_mlp_lblb_more_experts""]","willandwill","rstarcoder_sweep_routed_mlp_lblb_more_experts_48","[""rstarcoder_sweep"",""routed_mlp_lblb_more_experts""]","0.6051073670387268","0.6051073670387268","0.6057407855987549","63.08420181274414","18","0.0018876658286899328","0.019549660384655","0.039989765733480453","0.003589075757190585","92.49344131399994","2.76776381506795","343615.80435407057","0.17485428300278727","31.237800395824593","11336.760586518323","0.5623056888580322","0.5623056888580322","0.562903106212616","59.423553466796875","21","0.002514970488846302","0.003676609994727187","finished","","","","","","","","","false","false","gs://usc2-datacache/20250122-flattened-shuffled/starcoder","128","4","6442450944","128","3221225472","512MB","flattened","<|endoftext|>","content","path","<file_sep>","files","blob_id","<fim_middle>","true","<fim_pad>","false","false","false","<fim_prefix>","<>|","repo_name","<repo_name>","","<|router|>","false","<fim_suffix>","bigcode/starcoder2-3b","[""gs://usc-stack-v2/20250122-flattened-shuffled/shard-{00..58}.jsonl.gz""]","[""gs://usc-stack-v2/20250122-flattened-shuffled/shard-{59..60}.jsonl.gz""]","false","0","false","","","","","","","","","","","bigcode/starcoder2-3b","gelu_new","SPLASH","false","","MLP_ZERO_DOWN","0.01","128","MLP","512","true","5","3072","false","0.02","12288","0.00001","","","false","48","24","2","30","true","meta-llama/Llama-2-7b-hf","1","999999.4420358812","false","false","softmax","0.02","1","true","4096","true","4","false","true","true","true","","0.9","0.95","1e-8","0.000139","cosine","1","0.1","0","0.01","0","true","0.001","gs://usc2-ckpt/starcoder2-3b-state-dicts","8","batch","true","gs://usc2-ckpt/starcoder2-3b-misc","[{""every"":10000}]","0:15:00","embed","true","true","logs","","512","1","jax.numpy.bfloat16","jax.numpy.bfloat16","jax.numpy.float32","500","4","4","false","100","false","5","true","true","1","1","true","0","false","10","[""mlp"",""heads""]","levanter-seqmoe","allow","true","false","256","levanter-seqmoe","allow","true","false","0","","tpu","0.605080783367157","","","","","","","","","","","","","","","","","","","","","","","","","","","","","499","4","1","0.000013901259990234394","4257364992","1","TPU v4","124149250916352","1100000000000000","275000000000000","15859321909.05847","523239424","","","","","","","","","","","","","","","","","","","","","","","","","","","","","302463","1226993664"
"rstarcoder_sweep_routed_mlp_lblb_more_experts_47","e6e0216dcd172ce715fd489a56b2bb3563b1fef1","2025-03-05T07:58:53.000Z","46625","2025-03-05T20:55:58.000Z","t1v-n-c16a4861-w-0","yoaw2buf","-","2025-03-05T20:55:58.000Z","routed_mlp_lblb_more_experts, rstarcoder_sweep","e6e0216dcd172ce715fd489a56b2bb3563b1fef1","0.00001","","false","yoaw2buf","willandwill","rstarcoder_sweep_routed_mlp_lblb_more_experts_47","[""rstarcoder_sweep"",""routed_mlp_lblb_more_experts""]","willandwill","rstarcoder_sweep_routed_mlp_lblb_more_experts_47","[""rstarcoder_sweep"",""routed_mlp_lblb_more_experts""]","0.605085551738739","0.605085551738739","0.6055358648300171","44.79482650756836","21","0.0017524202121421697","0.01023254357278347","0.0231062825769186","0.0002996587136294693","85.73415987299813","2.985974323177883","370706.4754779953","0.1597807770012878","33.700588679817756","12230.550827736608","0.5624642968177795","0.5624642968177795","0.5628901720046997","42.34798049926758","20","0.0016332818195223808","0.0032906190026551485","finished","","","","","","","","","false","false","gs://usc2-datacache/20250122-flattened-shuffled/starcoder","128","4","6442450944","128","3221225472","512MB","flattened","<|endoftext|>","content","path","<file_sep>","files","blob_id","<fim_middle>","true","<fim_pad>","false","false","false","<fim_prefix>","<>|","repo_name","<repo_name>","","<|router|>","false","<fim_suffix>","bigcode/starcoder2-3b","[""gs://usc-stack-v2/20250122-flattened-shuffled/shard-{00..58}.jsonl.gz""]","[""gs://usc-stack-v2/20250122-flattened-shuffled/shard-{59..60}.jsonl.gz""]","false","0","false","","","","","","","","","","","bigcode/starcoder2-3b","gelu_new","SPLASH","false","","MLP_ZERO_DOWN","0.01","128","MLP","512","true","5","3072","false","0.02","12288","0.00001","","","false","32","24","2","30","true","meta-llama/Llama-2-7b-hf","1","999999.4420358812","false","false","softmax","0.02","1","true","4096","true","4","false","true","true","true","","0.9","0.95","1e-8","0.000139","cosine","1","0.1","0","0.01","0","true","0.001","gs://usc2-ckpt/starcoder2-3b-state-dicts","8","batch","true","gs://usc2-ckpt/starcoder2-3b-misc","[{""every"":10000}]","0:15:00","embed","true","true","logs","","512","1","jax.numpy.bfloat16","jax.numpy.bfloat16","jax.numpy.float32","500","4","4","false","100","false","5","true","true","1","1","true","0","false","10","[""mlp"",""heads""]","levanter-seqmoe","allow","true","false","256","levanter-seqmoe","allow","true","false","0","","tpu","0.6050851941108704","","","","","","","","","","","","","","","","","","","","","","","","","","","","","499","4","1","0.000013901259990234394","3879828480","1","TPU v4","124149250916352","1100000000000000","275000000000000","15859321909.05847","523239424","","","","","","","","","","","","","","","","","","","","","","","","","","","","","302463","849457152"
"rstarcoder_sweep_routed_mlp_lflb_41","e6e0216dcd172ce715fd489a56b2bb3563b1fef1","2025-03-04T16:24:53.000Z","46645","2025-03-05T05:22:18.000Z","t1v-n-32048a0e-w-0","cva5mmcs","-","2025-03-05T05:22:18.000Z","routed_mlp_lflb, rstarcoder_sweep","e6e0216dcd172ce715fd489a56b2bb3563b1fef1","0","0.0001","false","cva5mmcs","willandwill","rstarcoder_sweep_routed_mlp_lflb_41","[""rstarcoder_sweep"",""routed_mlp_lflb""]","willandwill","rstarcoder_sweep_routed_mlp_lflb_41","[""rstarcoder_sweep"",""routed_mlp_lflb""]","0.6050684452056885","0.6050684452056885","0.6050699353218079","","21","0.0014258784940466285","0.010359514504671097","0.023303741589188576","0.00032943120459094644","85.5968987899978","2.99076255820981","371300.9312704205","0.18813616399711464","33.75463011549277","12250.163438427382","0.5624165534973145","0.5624165534973145","0.56241774559021","","7","0.0012620807392522693","0.0036188199956086464","finished","","","","","","","","","false","false","gs://usc2-datacache/20250122-flattened-shuffled/starcoder","128","4","6442450944","128","3221225472","512MB","flattened","<|endoftext|>","content","path","<file_sep>","files","blob_id","<fim_middle>","true","<fim_pad>","false","false","false","<fim_prefix>","<>|","repo_name","<repo_name>","","<|router|>","false","<fim_suffix>","bigcode/starcoder2-3b","[""gs://usc-stack-v2/20250122-flattened-shuffled/shard-{00..58}.jsonl.gz""]","[""gs://usc-stack-v2/20250122-flattened-shuffled/shard-{59..60}.jsonl.gz""]","false","0","false","","","","","","","","","","","bigcode/starcoder2-3b","gelu_new","SPLASH","false","","MLP_ZERO_DOWN","0.01","128","MLP","512","true","5","3072","false","0.02","12288","0.00001","","","false","32","24","2","30","true","meta-llama/Llama-2-7b-hf","1","999999.4420358812","false","true","softmax","0.02","1","true","4096","true","4","false","true","true","true","","0.9","0.95","1e-8","0.000139","cosine","1","0.1","0","0.01","0","true","0.001","gs://usc2-ckpt/starcoder2-3b-state-dicts","8","batch","true","gs://usc2-ckpt/starcoder2-3b-misc","[{""every"":10000}]","0:15:00","embed","true","true","logs","","512","1","jax.numpy.bfloat16","jax.numpy.bfloat16","jax.numpy.float32","500","4","4","false","100","false","5","true","true","1","1","true","0","false","10","[""mlp"",""heads""]","levanter-seqmoe","allow","true","false","256","levanter-seqmoe","allow","true","false","0","","tpu","0.6050613522529602","","","","","","","","","","","","","","","","","","","","","","","","","","","","","499","4","1","0.000013901259990234394","3879828480","1","TPU v4","124149250916352","1100000000000000","275000000000000","15859321909.05847","523239424","","","","","","","","","","","","","","","","","","","","","","","","","","","","","302463","849457152"
"rstarcoder_sweep_routed_mlp_lblb_35","e6e0216dcd172ce715fd489a56b2bb3563b1fef1","2025-03-04T16:20:31.000Z","47139","2025-03-05T05:26:10.000Z","t1v-n-ccb6d305-w-0","vrd3hzcm","-","2025-03-05T05:26:10.000Z","routed_mlp_lblb, rstarcoder_sweep","e6e0216dcd172ce715fd489a56b2bb3563b1fef1","0.000072","","false","vrd3hzcm","willandwill","rstarcoder_sweep_routed_mlp_lblb_35","[""rstarcoder_sweep"",""routed_mlp_lblb""]","willandwill","rstarcoder_sweep_routed_mlp_lblb_35","[""rstarcoder_sweep"",""routed_mlp_lblb""]","0.6053951382637024","0.6053951382637024","0.6065453290939331","15.962751388549805","26","0.001342432340607047","0.009868117049336432","0.019542895257472992","0.003713634330779314","85.73726638899825","2.985866132452874","370693.0436805294","0.18896634800330503","33.69936760732085","12230.107678526972","0.5624921321868896","0.5624921321868896","0.5636093020439148","15.491981506347656","27","0.0017537478124722838","0.003548909997334704","finished","","","","","","","","","false","false","gs://usc2-datacache/20250122-flattened-shuffled/starcoder","128","4","6442450944","128","3221225472","512MB","flattened","<|endoftext|>","content","path","<file_sep>","files","blob_id","<fim_middle>","true","<fim_pad>","false","false","false","<fim_prefix>","<>|","repo_name","<repo_name>","","<|router|>","false","<fim_suffix>","bigcode/starcoder2-3b","[""gs://usc-stack-v2/20250122-flattened-shuffled/shard-{00..58}.jsonl.gz""]","[""gs://usc-stack-v2/20250122-flattened-shuffled/shard-{59..60}.jsonl.gz""]","false","0","false","","","","","","","","","","","bigcode/starcoder2-3b","gelu_new","SPLASH","false","","MLP_ZERO_DOWN","0.01","128","MLP","512","true","5","3072","false","0.02","12288","0.00001","","","false","32","24","2","30","true","meta-llama/Llama-2-7b-hf","1","999999.4420358812","false","false","softmax","0.02","1","true","4096","true","4","false","true","true","true","","0.9","0.95","1e-8","0.000139","cosine","1","0.1","0","0.01","0","true","0.001","gs://usc2-ckpt/starcoder2-3b-state-dicts","8","batch","true","gs://usc2-ckpt/starcoder2-3b-misc","[{""every"":10000}]","0:15:00","embed","true","true","logs","","512","1","jax.numpy.bfloat16","jax.numpy.bfloat16","jax.numpy.float32","500","4","4","false","100","false","5","true","true","1","1","true","0","false","10","[""mlp"",""heads""]","levanter-seqmoe","allow","true","false","256","levanter-seqmoe","allow","true","false","0","","tpu","0.6053951382637024","","","","","","","","","","","","","","","","","","","","","","","","","","","","","499","4","1","0.000013901259990234394","3879828480","1","TPU v4","124149250916352","1100000000000000","275000000000000","15859321909.05847","523239424","","","","","","","","","","","","","","","","","","","","","","","","","","","","","302463","849457152"
"rstarcoder_sweep_routed_mlp_lblb_39","e6e0216dcd172ce715fd489a56b2bb3563b1fef1","2025-03-04T16:17:48.000Z","46629","2025-03-05T05:14:57.000Z","t1v-n-c95440db-w-0","v66i5mvb","-","2025-03-05T05:14:57.000Z","routed_mlp_lblb, rstarcoder_sweep","e6e0216dcd172ce715fd489a56b2bb3563b1fef1","0.003728","","false","v66i5mvb","willandwill","rstarcoder_sweep_routed_mlp_lblb_39","[""rstarcoder_sweep"",""routed_mlp_lblb""]","willandwill","rstarcoder_sweep_routed_mlp_lblb_39","[""rstarcoder_sweep"",""routed_mlp_lblb""]","0.6060901880264282","0.6060901880264282","0.6530418395996094","12.59683895111084","32","0.04144452512264252","0.022538594901561737","0.03494422137737274","0.008470877073705196","85.73924468999758","2.985797238191267","370684.4905095583","0.17103822300123284","33.69859004632349","12229.82548763143","0.5631688237190247","0.5631688237190247","0.6093942523002625","12.413592338562012","32","0.03731069341301918","0.0033468190013081767","finished","","","","","","","","","false","false","gs://usc2-datacache/20250122-flattened-shuffled/starcoder","128","4","6442450944","128","3221225472","512MB","flattened","<|endoftext|>","content","path","<file_sep>","files","blob_id","<fim_middle>","true","<fim_pad>","false","false","false","<fim_prefix>","<>|","repo_name","<repo_name>","","<|router|>","false","<fim_suffix>","bigcode/starcoder2-3b","[""gs://usc-stack-v2/20250122-flattened-shuffled/shard-{00..58}.jsonl.gz""]","[""gs://usc-stack-v2/20250122-flattened-shuffled/shard-{59..60}.jsonl.gz""]","false","0","false","","","","","","","","","","","bigcode/starcoder2-3b","gelu_new","SPLASH","false","","MLP_ZERO_DOWN","0.01","128","MLP","512","true","5","3072","false","0.02","12288","0.00001","","","false","32","24","2","30","true","meta-llama/Llama-2-7b-hf","1","999999.4420358812","false","false","softmax","0.02","1","true","4096","true","4","false","true","true","true","","0.9","0.95","1e-8","0.000139","cosine","1","0.1","0","0.01","0","true","0.001","gs://usc2-ckpt/starcoder2-3b-state-dicts","8","batch","true","gs://usc2-ckpt/starcoder2-3b-misc","[{""every"":10000}]","0:15:00","embed","true","true","logs","","512","1","jax.numpy.bfloat16","jax.numpy.bfloat16","jax.numpy.float32","500","4","4","false","100","false","5","true","true","1","1","true","0","false","10","[""mlp"",""heads""]","levanter-seqmoe","allow","true","false","256","levanter-seqmoe","allow","true","false","0","","tpu","0.6060349345207214","","","","","","","","","","","","","","","","","","","","","","","","","","","","","499","4","1","0.000013901259990234394","3879828480","1","TPU v4","124149250916352","1100000000000000","275000000000000","15859321909.05847","523239424","","","","","","","","","","","","","","","","","","","","","","","","","","","","","302463","849457152"
"rstarcoder_sweep_routed_mlp_lflb_44","e6e0216dcd172ce715fd489a56b2bb3563b1fef1","2025-03-04T16:14:42.000Z","46669","2025-03-05T05:12:31.000Z","t1v-n-95bd48e0-w-0","jpm5qrzd","-","2025-03-05T05:12:31.000Z","routed_mlp_lflb, rstarcoder_sweep","e6e0216dcd172ce715fd489a56b2bb3563b1fef1","0.0001","0.001","false","jpm5qrzd","willandwill","rstarcoder_sweep_routed_mlp_lflb_44","[""rstarcoder_sweep"",""routed_mlp_lflb""]","willandwill","rstarcoder_sweep_routed_mlp_lflb_44","[""rstarcoder_sweep"",""routed_mlp_lflb""]","0.6061418652534485","0.6061418652534485","0.6083983778953552","22.525161743164062","25","0.0009246349800378084","0.008957786485552788","0.01905621401965618","0.0010729272617027164","85.59776934199908","2.990732141361913","371297.1550415388","0.194610056001693","33.754286821958075","12250.038851018397","0.5634523630142212","0.5634523630142212","0.563462495803833","0.07944392412900925","12","0.002099036704748869","0.004879410000285134","finished","","","","","","","","","false","false","gs://usc2-datacache/20250122-flattened-shuffled/starcoder","128","4","6442450944","128","3221225472","512MB","flattened","<|endoftext|>","content","path","<file_sep>","files","blob_id","<fim_middle>","true","<fim_pad>","false","false","false","<fim_prefix>","<>|","repo_name","<repo_name>","","<|router|>","false","<fim_suffix>","bigcode/starcoder2-3b","[""gs://usc-stack-v2/20250122-flattened-shuffled/shard-{00..58}.jsonl.gz""]","[""gs://usc-stack-v2/20250122-flattened-shuffled/shard-{59..60}.jsonl.gz""]","false","0","false","","","","","","","","","","","bigcode/starcoder2-3b","gelu_new","SPLASH","false","","MLP_ZERO_DOWN","0.01","128","MLP","512","true","5","3072","false","0.02","12288","0.00001","","","false","32","24","2","30","true","meta-llama/Llama-2-7b-hf","1","999999.4420358812","false","true","softmax","0.02","1","true","4096","true","4","false","true","true","true","","0.9","0.95","1e-8","0.000139","cosine","1","0.1","0","0.01","0","true","0.001","gs://usc2-ckpt/starcoder2-3b-state-dicts","8","batch","true","gs://usc2-ckpt/starcoder2-3b-misc","[{""every"":10000}]","0:15:00","embed","true","true","logs","","512","1","jax.numpy.bfloat16","jax.numpy.bfloat16","jax.numpy.float32","500","4","4","false","100","false","5","true","true","1","1","true","0","false","10","[""mlp"",""heads""]","levanter-seqmoe","allow","true","false","256","levanter-seqmoe","allow","true","false","0","","tpu","0.6060867309570312","","","","","","","","","","","","","","","","","","","","","","","","","","","","","499","4","1","0.000013901259990234394","3879828480","1","TPU v4","124149250916352","1100000000000000","275000000000000","15859321909.05847","523239424","","","","","","","","","","","","","","","","","","","","","","","","","","","","","302463","849457152"
"rstarcoder_sweep_routed_mlp_lblb_38","e6e0216dcd172ce715fd489a56b2bb3563b1fef1","2025-03-04T16:14:31.000Z","46713","2025-03-05T05:13:04.000Z","t1v-n-c16a4861-w-0","r5hg5k3v","-","2025-03-05T05:13:04.000Z","routed_mlp_lblb, rstarcoder_sweep","e6e0216dcd172ce715fd489a56b2bb3563b1fef1","0.001389","","false","r5hg5k3v","willandwill","rstarcoder_sweep_routed_mlp_lblb_38","[""rstarcoder_sweep"",""routed_mlp_lblb""]","willandwill","rstarcoder_sweep_routed_mlp_lblb_38","[""rstarcoder_sweep"",""routed_mlp_lblb""]","0.6055606603622437","0.6055606603622437","0.6232020854949951","12.694921493530272","32","0.006652124226093292","0.020199580118060112","0.03126976639032364","0.01450627949088812","85.7337835379949","2.985987430340663","370708.1027224361","0.16667203699762467","33.70073661113055","12230.604514675357","0.5626695156097412","0.5626695156097412","0.5799736380577087","12.45969295501709","32","0.006172779481858015","0.0032674499962013215","finished","","","","","","","","","false","false","gs://usc2-datacache/20250122-flattened-shuffled/starcoder","128","4","6442450944","128","3221225472","512MB","flattened","<|endoftext|>","content","path","<file_sep>","files","blob_id","<fim_middle>","true","<fim_pad>","false","false","false","<fim_prefix>","<>|","repo_name","<repo_name>","","<|router|>","false","<fim_suffix>","bigcode/starcoder2-3b","[""gs://usc-stack-v2/20250122-flattened-shuffled/shard-{00..58}.jsonl.gz""]","[""gs://usc-stack-v2/20250122-flattened-shuffled/shard-{59..60}.jsonl.gz""]","false","0","false","","","","","","","","","","","bigcode/starcoder2-3b","gelu_new","SPLASH","false","","MLP_ZERO_DOWN","0.01","128","MLP","512","true","5","3072","false","0.02","12288","0.00001","","","false","32","24","2","30","true","meta-llama/Llama-2-7b-hf","1","999999.4420358812","false","false","softmax","0.02","1","true","4096","true","4","false","true","true","true","","0.9","0.95","1e-8","0.000139","cosine","1","0.1","0","0.01","0","true","0.001","gs://usc2-ckpt/starcoder2-3b-state-dicts","8","batch","true","gs://usc2-ckpt/starcoder2-3b-misc","[{""every"":10000}]","0:15:00","embed","true","true","logs","","512","1","jax.numpy.bfloat16","jax.numpy.bfloat16","jax.numpy.float32","500","4","4","false","100","false","5","true","true","1","1","true","0","false","10","[""mlp"",""heads""]","levanter-seqmoe","allow","true","false","256","levanter-seqmoe","allow","true","false","0","","tpu","0.6055606603622437","","","","","","","","","","","","","","","","","","","","","","","","","","","","","499","4","1","0.000013901259990234394","3879828480","1","TPU v4","124149250916352","1100000000000000","275000000000000","15859321909.05847","523239424","","","","","","","","","","","","","","","","","","","","","","","","","","","","","302463","849457152"
"rstarcoder_sweep_routed_mlp_lflb_43","e6e0216dcd172ce715fd489a56b2bb3563b1fef1","2025-03-04T16:14:05.000Z","46685","2025-03-05T05:12:10.000Z","t1v-n-088aa22f-w-0","blzzka2n","-","2025-03-05T05:12:10.000Z","routed_mlp_lflb, rstarcoder_sweep","e6e0216dcd172ce715fd489a56b2bb3563b1fef1","0","0.001","false","blzzka2n","willandwill","rstarcoder_sweep_routed_mlp_lflb_43","[""rstarcoder_sweep"",""routed_mlp_lflb""]","willandwill","rstarcoder_sweep_routed_mlp_lflb_43","[""rstarcoder_sweep"",""routed_mlp_lflb""]","0.6067124605178833","0.6067124605178833","0.6067434549331665","","18","0.031038127839565277","0.01432513352483511","0.022838883101940155","0.006800246424973011","85.59705132900126","2.990757228494205","371300.2695902205","0.17985896000027424","33.75456996274732","12250.141607912265","0.5639392137527466","0.5639392137527466","0.5639685392379761","","4","0.02940729632973671","0.003470840005320497","finished","","","","","","","","","false","false","gs://usc2-datacache/20250122-flattened-shuffled/starcoder","128","4","6442450944","128","3221225472","512MB","flattened","<|endoftext|>","content","path","<file_sep>","files","blob_id","<fim_middle>","true","<fim_pad>","false","false","false","<fim_prefix>","<>|","repo_name","<repo_name>","","<|router|>","false","<fim_suffix>","bigcode/starcoder2-3b","[""gs://usc-stack-v2/20250122-flattened-shuffled/shard-{00..58}.jsonl.gz""]","[""gs://usc-stack-v2/20250122-flattened-shuffled/shard-{59..60}.jsonl.gz""]","false","0","false","","","","","","","","","","","bigcode/starcoder2-3b","gelu_new","SPLASH","false","","MLP_ZERO_DOWN","0.01","128","MLP","512","true","5","3072","false","0.02","12288","0.00001","","","false","32","24","2","30","true","meta-llama/Llama-2-7b-hf","1","999999.4420358812","false","true","softmax","0.02","1","true","4096","true","4","false","true","true","true","","0.9","0.95","1e-8","0.000139","cosine","1","0.1","0","0.01","0","true","0.001","gs://usc2-ckpt/starcoder2-3b-state-dicts","8","batch","true","gs://usc2-ckpt/starcoder2-3b-misc","[{""every"":10000}]","0:15:00","embed","true","true","logs","","512","1","jax.numpy.bfloat16","jax.numpy.bfloat16","jax.numpy.float32","500","4","4","false","100","false","5","true","true","1","1","true","0","false","10","[""mlp"",""heads""]","levanter-seqmoe","allow","true","false","256","levanter-seqmoe","allow","true","false","0","","tpu","0.6050991415977478","","","","","","","","","","","","","","","","","","","","","","","","","","","","","499","4","1","0.000013901259990234394","3879828480","1","TPU v4","124149250916352","1100000000000000","275000000000000","15859321909.05847","523239424","","","","","","","","","","","","","","","","","","","","","","","","","","","","","302463","849457152"
"rstarcoder_sweep_routed_mlp_lblb_36","e6e0216dcd172ce715fd489a56b2bb3563b1fef1","2025-03-04T16:13:57.000Z","46678","2025-03-05T05:11:55.000Z","t1v-n-01608ff8-w-0","d77kdtej","-","2025-03-05T05:11:55.000Z","routed_mlp_lblb, rstarcoder_sweep","e6e0216dcd172ce715fd489a56b2bb3563b1fef1","0.000193","","false","d77kdtej","willandwill","rstarcoder_sweep_routed_mlp_lblb_36","[""rstarcoder_sweep"",""routed_mlp_lblb""]","willandwill","rstarcoder_sweep_routed_mlp_lblb_36","[""rstarcoder_sweep"",""routed_mlp_lblb""]","0.6054397821426392","0.6054397821426392","0.6080631613731384","13.608620643615724","29","0.001932936953380704","0.010740338824689388","0.020597826689481735","0.00481197377666831","85.73512619100075","2.985940668352002","370702.2972565725","0.18306268399464895","33.70020884150659","12230.4129775698","0.5625188946723938","0.5625188946723938","0.5650452971458435","13.096219062805176","29","0.002176418201997876","0.0033482399958302267","finished","","","","","","","","","false","false","gs://usc2-datacache/20250122-flattened-shuffled/starcoder","128","4","6442450944","128","3221225472","512MB","flattened","<|endoftext|>","content","path","<file_sep>","files","blob_id","<fim_middle>","true","<fim_pad>","false","false","false","<fim_prefix>","<>|","repo_name","<repo_name>","","<|router|>","false","<fim_suffix>","bigcode/starcoder2-3b","[""gs://usc-stack-v2/20250122-flattened-shuffled/shard-{00..58}.jsonl.gz""]","[""gs://usc-stack-v2/20250122-flattened-shuffled/shard-{59..60}.jsonl.gz""]","false","0","false","","","","","","","","","","","bigcode/starcoder2-3b","gelu_new","SPLASH","false","","MLP_ZERO_DOWN","0.01","128","MLP","512","true","5","3072","false","0.02","12288","0.00001","","","false","32","24","2","30","true","meta-llama/Llama-2-7b-hf","1","999999.4420358812","false","false","softmax","0.02","1","true","4096","true","4","false","true","true","true","","0.9","0.95","1e-8","0.000139","cosine","1","0.1","0","0.01","0","true","0.001","gs://usc2-ckpt/starcoder2-3b-state-dicts","8","batch","true","gs://usc2-ckpt/starcoder2-3b-misc","[{""every"":10000}]","0:15:00","embed","true","true","logs","","512","1","jax.numpy.bfloat16","jax.numpy.bfloat16","jax.numpy.float32","500","4","4","false","100","false","5","true","true","1","1","true","0","false","10","[""mlp"",""heads""]","levanter-seqmoe","allow","true","false","256","levanter-seqmoe","allow","true","false","0","","tpu","0.6054397821426392","","","","","","","","","","","","","","","","","","","","","","","","","","","","","499","4","1","0.000013901259990234394","3879828480","1","TPU v4","124149250916352","1100000000000000","275000000000000","15859321909.05847","523239424","","","","","","","","","","","","","","","","","","","","","","","","","","","","","302463","849457152"
"rstarcoder_sweep_routed_mlp_lflb_46","e6e0216dcd172ce715fd489a56b2bb3563b1fef1","2025-03-04T16:13:22.000Z","47443","2025-03-05T05:24:05.000Z","t1v-n-15f0eb17-w-0","2bvkxs2p","-","2025-03-05T05:24:05.000Z","routed_mlp_lflb, rstarcoder_sweep","e6e0216dcd172ce715fd489a56b2bb3563b1fef1","0.0001","0.01","false","2bvkxs2p","willandwill","rstarcoder_sweep_routed_mlp_lflb_46","[""rstarcoder_sweep"",""routed_mlp_lflb""]","willandwill","rstarcoder_sweep_routed_mlp_lflb_46","[""rstarcoder_sweep"",""routed_mlp_lflb""]","0.6064779162406921","0.6064779162406921","0.6102501153945923","37.66206741333008","11","0.0006562484195455909","0.008921431377530098","0.019349200651049617","0.00003212130832253024","85.59747751200484","2.9907423377528457","371298.4209158352","0.17425199400167912","33.754401901439564","12250.080615435656","0.5632611513137817","0.5632611513137817","0.563261866569519","0","0","0.0006636998732574284","0.0035685999973793514","finished","","","","","","","","","false","false","gs://usc2-datacache/20250122-flattened-shuffled/starcoder","128","4","6442450944","128","3221225472","512MB","flattened","<|endoftext|>","content","path","<file_sep>","files","blob_id","<fim_middle>","true","<fim_pad>","false","false","false","<fim_prefix>","<>|","repo_name","<repo_name>","","<|router|>","false","<fim_suffix>","bigcode/starcoder2-3b","[""gs://usc-stack-v2/20250122-flattened-shuffled/shard-{00..58}.jsonl.gz""]","[""gs://usc-stack-v2/20250122-flattened-shuffled/shard-{59..60}.jsonl.gz""]","false","0","false","","","","","","","","","","","bigcode/starcoder2-3b","gelu_new","SPLASH","false","","MLP_ZERO_DOWN","0.01","128","MLP","512","true","5","3072","false","0.02","12288","0.00001","","","false","32","24","2","30","true","meta-llama/Llama-2-7b-hf","1","999999.4420358812","false","true","softmax","0.02","1","true","4096","true","4","false","true","true","true","","0.9","0.95","1e-8","0.000139","cosine","1","0.1","0","0.01","0","true","0.001","gs://usc2-ckpt/starcoder2-3b-state-dicts","8","batch","true","gs://usc2-ckpt/starcoder2-3b-misc","[{""every"":10000}]","0:15:00","embed","true","true","logs","","512","1","jax.numpy.bfloat16","jax.numpy.bfloat16","jax.numpy.float32","500","4","4","false","100","false","5","true","true","1","1","true","0","false","10","[""mlp"",""heads""]","levanter-seqmoe","allow","true","false","256","levanter-seqmoe","allow","true","false","0","","tpu","0.6064311265945435","","","","","","","","","","","","","","","","","","","","","","","","","","","","","499","4","1","0.000013901259990234394","3879828480","1","TPU v4","124149250916352","1100000000000000","275000000000000","15859321909.05847","523239424","","","","","","","","","","","","","","","","","","","","","","","","","","","","","302463","849457152"
"rstarcoder_sweep_routed_mlp_lflb_45","e6e0216dcd172ce715fd489a56b2bb3563b1fef1","2025-03-04T16:12:54.000Z","46621","2025-03-05T05:09:55.000Z","t1v-n-aface7ac-w-0","dnhknljv","-","2025-03-05T05:09:55.000Z","routed_mlp_lflb, rstarcoder_sweep","e6e0216dcd172ce715fd489a56b2bb3563b1fef1","0","0.01","false","dnhknljv","willandwill","rstarcoder_sweep_routed_mlp_lflb_45","[""rstarcoder_sweep"",""routed_mlp_lflb""]","willandwill","rstarcoder_sweep_routed_mlp_lflb_45","[""rstarcoder_sweep"",""routed_mlp_lflb""]","0.6081885695457458","0.6081885695457458","0.6081898808479309","","16","0.00133879657369107","0.0077522690407931805","0.017326034605503082","0.00003932143226847984","85.59558924899466","2.990808314378264","371306.61186445894","0.16096656899753725","33.75514653313263","12250.35085569337","0.5633115172386169","0.5633115172386169","0.5633126497268677","","0","0.0012247582199051976","0.0030949400024837814","finished","","","","","","","","","false","false","gs://usc2-datacache/20250122-flattened-shuffled/starcoder","128","4","6442450944","128","3221225472","512MB","flattened","<|endoftext|>","content","path","<file_sep>","files","blob_id","<fim_middle>","true","<fim_pad>","false","false","false","<fim_prefix>","<>|","repo_name","<repo_name>","","<|router|>","false","<fim_suffix>","bigcode/starcoder2-3b","[""gs://usc-stack-v2/20250122-flattened-shuffled/shard-{00..58}.jsonl.gz""]","[""gs://usc-stack-v2/20250122-flattened-shuffled/shard-{59..60}.jsonl.gz""]","false","0","false","","","","","","","","","","","bigcode/starcoder2-3b","gelu_new","SPLASH","false","","MLP_ZERO_DOWN","0.01","128","MLP","512","true","5","3072","false","0.02","12288","0.00001","","","false","32","24","2","30","true","meta-llama/Llama-2-7b-hf","1","999999.4420358812","false","true","softmax","0.02","1","true","4096","true","4","false","true","true","true","","0.9","0.95","1e-8","0.000139","cosine","1","0.1","0","0.01","0","true","0.001","gs://usc2-ckpt/starcoder2-3b-state-dicts","8","batch","true","gs://usc2-ckpt/starcoder2-3b-misc","[{""every"":10000}]","0:15:00","embed","true","true","logs","","512","1","jax.numpy.bfloat16","jax.numpy.bfloat16","jax.numpy.float32","500","4","4","false","100","false","5","true","true","1","1","true","0","false","10","[""mlp"",""heads""]","levanter-seqmoe","allow","true","false","256","levanter-seqmoe","allow","true","false","0","","tpu","0.6074044704437256","","","","","","","","","","","","","","","","","","","","","","","","","","","","","499","4","1","0.000013901259990234394","3879828480","1","TPU v4","124149250916352","1100000000000000","275000000000000","15859321909.05847","523239424","","","","","","","","","","","","","","","","","","","","","","","","","","","","","302463","849457152"
"rstarcoder_sweep_routed_mlp_lblb_37","e6e0216dcd172ce715fd489a56b2bb3563b1fef1","2025-03-04T16:08:16.000Z","46639","2025-03-05T05:05:35.000Z","t1v-n-e4fe0af6-w-0","zuhemwfd","-","2025-03-05T05:05:35.000Z","routed_mlp_lblb, rstarcoder_sweep","e6e0216dcd172ce715fd489a56b2bb3563b1fef1","0.000518","","false","zuhemwfd","willandwill","rstarcoder_sweep_routed_mlp_lblb_37","[""rstarcoder_sweep"",""routed_mlp_lblb""]","willandwill","rstarcoder_sweep_routed_mlp_lblb_37","[""rstarcoder_sweep"",""routed_mlp_lblb""]","0.6054755449295044","0.6054755449295044","0.6121109127998352","12.78681468963623","32","0.0023023290559649467","0.010761810466647148","0.01891542784869671","0.005889742635190487","85.73326791","2.986005389048514","370710.3322825632","0.16173919799621217","33.70093929841483","12230.678073542713","0.5626052021980286","0.5626052021980286","0.5690649151802063","12.442298889160156","32","0.0027492062654346228","0.003273110000009183","finished","","","","","","","","","false","false","gs://usc2-datacache/20250122-flattened-shuffled/starcoder","128","4","6442450944","128","3221225472","512MB","flattened","<|endoftext|>","content","path","<file_sep>","files","blob_id","<fim_middle>","true","<fim_pad>","false","false","false","<fim_prefix>","<>|","repo_name","<repo_name>","","<|router|>","false","<fim_suffix>","bigcode/starcoder2-3b","[""gs://usc-stack-v2/20250122-flattened-shuffled/shard-{00..58}.jsonl.gz""]","[""gs://usc-stack-v2/20250122-flattened-shuffled/shard-{59..60}.jsonl.gz""]","false","0","false","","","","","","","","","","","bigcode/starcoder2-3b","gelu_new","SPLASH","false","","MLP_ZERO_DOWN","0.01","128","MLP","512","true","5","3072","false","0.02","12288","0.00001","","","false","32","24","2","30","true","meta-llama/Llama-2-7b-hf","1","999999.4420358812","false","false","softmax","0.02","1","true","4096","true","4","false","true","true","true","","0.9","0.95","1e-8","0.000139","cosine","1","0.1","0","0.01","0","true","0.001","gs://usc2-ckpt/starcoder2-3b-state-dicts","8","batch","true","gs://usc2-ckpt/starcoder2-3b-misc","[{""every"":10000}]","0:15:00","embed","true","true","logs","","512","1","jax.numpy.bfloat16","jax.numpy.bfloat16","jax.numpy.float32","500","4","4","false","100","false","5","true","true","1","1","true","0","false","10","[""mlp"",""heads""]","levanter-seqmoe","allow","true","false","256","levanter-seqmoe","allow","true","false","0","","tpu","0.6054755449295044","","","","","","","","","","","","","","","","","","","","","","","","","","","","","499","4","1","0.000013901259990234394","3879828480","1","TPU v4","124149250916352","1100000000000000","275000000000000","15859321909.05847","523239424","","","","","","","","","","","","","","","","","","","","","","","","","","","","","302463","849457152"
"rstarcoder_sweep_routed_mlp_lflb_42","e6e0216dcd172ce715fd489a56b2bb3563b1fef1","2025-03-04T16:01:35.000Z","47376","2025-03-05T05:11:11.000Z","t1v-n-7a60cd3c-w-0","tf7x5r5t","-","2025-03-05T05:11:11.000Z","routed_mlp_lflb, rstarcoder_sweep","e6e0216dcd172ce715fd489a56b2bb3563b1fef1","0.0001","0.0001","false","tf7x5r5t","willandwill","rstarcoder_sweep_routed_mlp_lflb_42","[""rstarcoder_sweep"",""routed_mlp_lflb""]","willandwill","rstarcoder_sweep_routed_mlp_lflb_42","[""rstarcoder_sweep"",""routed_mlp_lflb""]","0.6056849956512451","0.6056849956512451","0.6061931252479553","5.063182830810547","30","0.0010302733862772584","0.008708945475518703","0.017291175201535225","0.003130767261609435","85.5955464409999","2.990809810139574","371306.79756210506","0.16265450699575013","33.75516341473682","12250.356982331696","0.5626983642578125","0.5626983642578125","0.5629569888114929","2.5647847652435303","32","0.0018148651579394937","0.003288799998699687","finished","","","","","","","","","false","false","gs://usc2-datacache/20250122-flattened-shuffled/starcoder","128","4","6442450944","128","3221225472","512MB","flattened","<|endoftext|>","content","path","<file_sep>","files","blob_id","<fim_middle>","true","<fim_pad>","false","false","false","<fim_prefix>","<>|","repo_name","<repo_name>","","<|router|>","false","<fim_suffix>","bigcode/starcoder2-3b","[""gs://usc-stack-v2/20250122-flattened-shuffled/shard-{00..58}.jsonl.gz""]","[""gs://usc-stack-v2/20250122-flattened-shuffled/shard-{59..60}.jsonl.gz""]","false","0","false","","","","","","","","","","","bigcode/starcoder2-3b","gelu_new","SPLASH","false","","MLP_ZERO_DOWN","0.01","128","MLP","512","true","5","3072","false","0.02","12288","0.00001","","","false","32","24","2","30","true","meta-llama/Llama-2-7b-hf","1","999999.4420358812","false","true","softmax","0.02","1","true","4096","true","4","false","true","true","true","","0.9","0.95","1e-8","0.000139","cosine","1","0.1","0","0.01","0","true","0.001","gs://usc2-ckpt/starcoder2-3b-state-dicts","8","batch","true","gs://usc2-ckpt/starcoder2-3b-misc","[{""every"":10000}]","0:15:00","embed","true","true","logs","","512","1","jax.numpy.bfloat16","jax.numpy.bfloat16","jax.numpy.float32","500","4","4","false","100","false","5","true","true","1","1","true","0","false","10","[""mlp"",""heads""]","levanter-seqmoe","allow","true","false","256","levanter-seqmoe","allow","true","false","0","","tpu","0.6056497693061829","","","","","","","","","","","","","","","","","","","","","","","","","","","","","499","4","1","0.000013901259990234394","3879828480","1","TPU v4","124149250916352","1100000000000000","275000000000000","15859321909.05847","523239424","","","","","","","","","","","","","","","","","","","","","","","","","","","","","302463","849457152"
"rstarcoder_sweep_routed_mlp_lblb_33","e6e0216dcd172ce715fd489a56b2bb3563b1fef1","2025-03-04T15:53:24.000Z","46636","2025-03-05T04:50:40.000Z","t1v-n-a33f14ff-w-0","ztayrajx","-","2025-03-05T04:50:40.000Z","routed_mlp_lblb, rstarcoder_sweep","e6e0216dcd172ce715fd489a56b2bb3563b1fef1","0.00001","","false","ztayrajx","willandwill","rstarcoder_sweep_routed_mlp_lblb_33","[""rstarcoder_sweep"",""routed_mlp_lblb""]","willandwill","rstarcoder_sweep_routed_mlp_lblb_33","[""rstarcoder_sweep"",""routed_mlp_lblb""]","0.605085551738739","0.605085551738739","0.6055358648300171","44.79482650756836","21","0.0017524202121421697","0.01023254357278347","0.0231062825769186","0.0002996587136294693","85.73415739598568","2.9859744094479974","370706.48618836544","0.15322442399337888","33.70058965348777","12230.551181098996","0.5624642968177795","0.5624642968177795","0.5628901720046997","42.34798049926758","20","0.0016332818195223808","0.003143309004371986","finished","","","","","","","","","false","false","gs://usc2-datacache/20250122-flattened-shuffled/starcoder","128","4","6442450944","128","3221225472","512MB","flattened","<|endoftext|>","content","path","<file_sep>","files","blob_id","<fim_middle>","true","<fim_pad>","false","false","false","<fim_prefix>","<>|","repo_name","<repo_name>","","<|router|>","false","<fim_suffix>","bigcode/starcoder2-3b","[""gs://usc-stack-v2/20250122-flattened-shuffled/shard-{00..58}.jsonl.gz""]","[""gs://usc-stack-v2/20250122-flattened-shuffled/shard-{59..60}.jsonl.gz""]","false","0","false","","","","","","","","","","","bigcode/starcoder2-3b","gelu_new","SPLASH","false","","MLP_ZERO_DOWN","0.01","128","MLP","512","true","5","3072","false","0.02","12288","0.00001","","","false","32","24","2","30","true","meta-llama/Llama-2-7b-hf","1","999999.4420358812","false","false","softmax","0.02","1","true","4096","true","4","false","true","true","true","","0.9","0.95","1e-8","0.000139","cosine","1","0.1","0","0.01","0","true","0.001","gs://usc2-ckpt/starcoder2-3b-state-dicts","8","batch","true","gs://usc2-ckpt/starcoder2-3b-misc","[{""every"":10000}]","0:15:00","embed","true","true","logs","","512","1","jax.numpy.bfloat16","jax.numpy.bfloat16","jax.numpy.float32","500","4","4","false","100","false","5","true","true","1","1","true","0","false","10","[""mlp"",""heads""]","levanter-seqmoe","allow","true","false","256","levanter-seqmoe","allow","true","false","0","","tpu","0.6050851941108704","","","","","","","","","","","","","","","","","","","","","","","","","","","","","499","4","1","0.000013901259990234394","3879828480","1","TPU v4","124149250916352","1100000000000000","275000000000000","15859321909.05847","523239424","","","","","","","","","","","","","","","","","","","","","","","","","","","","","302463","849457152"
"rstarcoder_sweep_routed_mlp_lblb_34","e6e0216dcd172ce715fd489a56b2bb3563b1fef1","2025-03-04T15:53:22.000Z","46629","2025-03-05T04:50:31.000Z","t1v-n-1e4bc7f6-w-0","ampobunx","-","2025-03-05T04:50:31.000Z","routed_mlp_lblb, rstarcoder_sweep","e6e0216dcd172ce715fd489a56b2bb3563b1fef1","0.000027","","false","ampobunx","willandwill","rstarcoder_sweep_routed_mlp_lblb_34","[""rstarcoder_sweep"",""routed_mlp_lblb""]","willandwill","rstarcoder_sweep_routed_mlp_lblb_34","[""rstarcoder_sweep"",""routed_mlp_lblb""]","0.6051614880561829","0.6051614880561829","0.6060858368873596","34.28285217285156","22","0.0013189087621867657","0.00983203575015068","0.019306182861328125","0.004062936175614595","85.73557733697817","2.9859249561452006","370700.3465978679","0.15761260595172644","33.70003150889708","12230.348620370742","0.5625578165054321","0.5625578165054321","0.5634333491325378","32.42575454711914","21","0.0016098028281703591","0.003226249013096094","finished","","","","","","","","","false","false","gs://usc2-datacache/20250122-flattened-shuffled/starcoder","128","4","6442450944","128","3221225472","512MB","flattened","<|endoftext|>","content","path","<file_sep>","files","blob_id","<fim_middle>","true","<fim_pad>","false","false","false","<fim_prefix>","<>|","repo_name","<repo_name>","","<|router|>","false","<fim_suffix>","bigcode/starcoder2-3b","[""gs://usc-stack-v2/20250122-flattened-shuffled/shard-{00..58}.jsonl.gz""]","[""gs://usc-stack-v2/20250122-flattened-shuffled/shard-{59..60}.jsonl.gz""]","false","0","false","","","","","","","","","","","bigcode/starcoder2-3b","gelu_new","SPLASH","false","","MLP_ZERO_DOWN","0.01","128","MLP","512","true","5","3072","false","0.02","12288","0.00001","","","false","32","24","2","30","true","meta-llama/Llama-2-7b-hf","1","999999.4420358812","false","false","softmax","0.02","1","true","4096","true","4","false","true","true","true","","0.9","0.95","1e-8","0.000139","cosine","1","0.1","0","0.01","0","true","0.001","gs://usc2-ckpt/starcoder2-3b-state-dicts","8","batch","true","gs://usc2-ckpt/starcoder2-3b-misc","[{""every"":10000}]","0:15:00","embed","true","true","logs","","512","1","jax.numpy.bfloat16","jax.numpy.bfloat16","jax.numpy.float32","500","4","4","false","100","false","5","true","true","1","1","true","0","false","10","[""mlp"",""heads""]","levanter-seqmoe","allow","true","false","256","levanter-seqmoe","allow","true","false","0","","tpu","0.6051614880561829","","","","","","","","","","","","","","","","","","","","","","","","","","","","","499","4","1","0.000013901259990234394","3879828480","1","TPU v4","124149250916352","1100000000000000","275000000000000","15859321909.05847","523239424","","","","","","","","","","","","","","","","","","","","","","","","","","","","","302463","849457152"
"rstarcoder_sweep_lora_baseline_0","e6e0216dcd172ce715fd489a56b2bb3563b1fef1","2025-03-03T03:11:42.000Z","22488","2025-03-03T09:26:30.000Z","t1v-n-95755eaa-w-0","qtnxfudj","-","2025-03-03T09:26:30.000Z","lora_baseline, rstarcoder_sweep","e6e0216dcd172ce715fd489a56b2bb3563b1fef1","0","","false","qtnxfudj","willandwill","rstarcoder_sweep_lora_baseline_0","[""rstarcoder_sweep"",""lora_baseline""]","willandwill","rstarcoder_sweep_lora_baseline_0","[""rstarcoder_sweep"",""lora_baseline""]","0.627293586730957","0.627293586730957","0.627293586730957","","1","","0.049005065113306046","0.34168726205825806","0","37.27252648400099","6.86832968271916","639523.488867097","0.1598110760023701","58.138498987917906","28132.67838041768","0.5813875794410706","0.5813875794410706","0.5813875198364258","","1","","0.003196729998308001","finished","","","","","","","","","false","false","gs://usc2-datacache/20250122-flattened-shuffled/starcoder","128","4","6442450944","128","3221225472","512MB","flattened","<|endoftext|>","content","path","<file_sep>","files","blob_id","<fim_middle>","true","<fim_pad>","false","false","false","<fim_prefix>","<>|","repo_name","<repo_name>","","<|router|>","false","<fim_suffix>","bigcode/starcoder2-3b","[""gs://usc-stack-v2/20250122-flattened-shuffled/shard-{00..58}.jsonl.gz""]","[""gs://usc-stack-v2/20250122-flattened-shuffled/shard-{59..60}.jsonl.gz""]","false","0","false","","","","","","","","","","","bigcode/starcoder2-3b","gelu_new","SPLASH","false","","LORA_ZERO_B","0.01","16","LORA","512","true","5","3072","true","0.02","12288","0.00001","","","false","1","24","2","30","false","meta-llama/Llama-2-7b-hf","1","999999.4420358812","false","false","softmax","0.02","1","true","4096","true","1","false","true","true","true","","0.9","0.95","1e-8","0.000001","cosine","1","0.1","0","0.01","0","true","0","gs://usc2-ckpt/starcoder2-3b-state-dicts","8","batch","true","gs://usc2-ckpt/starcoder2-3b-misc","[{""every"":10000}]","0:15:00","embed","true","true","logs","","512","1","jax.numpy.bfloat16","jax.numpy.bfloat16","jax.numpy.float32","500","4","4","false","100","false","5","true","true","1","1","true","0","false","10","[""mlp"",""heads""]","levanter-seqmoe","allow","true","false","256","levanter-seqmoe","allow","true","false","0","","tpu","0.627293586730957","","","","","","","","","","","","","","","","","","","","","","","","","","","","","499","4","1","1.0000906769391805e-7","3054213120","1","TPU v4","93111938187264","1100000000000000","275000000000000","11894491431.793852","523239424","","","","","","","","","","","","","","","","","","","","","","","","","","","","","302463","23841792"
"rstarcoder_sweep_lora_baseline_4","e6e0216dcd172ce715fd489a56b2bb3563b1fef1","2025-03-03T03:11:22.000Z","22568","2025-03-03T09:27:30.000Z","t1v-n-a33f14ff-w-0","4hg2juen","-","2025-03-03T09:27:30.000Z","lora_baseline, rstarcoder_sweep","e6e0216dcd172ce715fd489a56b2bb3563b1fef1","0","","false","4hg2juen","willandwill","rstarcoder_sweep_lora_baseline_4","[""rstarcoder_sweep"",""lora_baseline""]","willandwill","rstarcoder_sweep_lora_baseline_4","[""rstarcoder_sweep"",""lora_baseline""]","0.6073959469795227","0.6073959469795227","0.6073959469795227","","1","","0.07613498717546463","0.621201753616333","0","37.254550878999","6.8716437041873295","639832.0638291924","0.16959993799900985","58.16655125719931","28146.2526123513","0.564460039138794","0.564460039138794","0.5644600987434387","","1","","0.003469629999017343","finished","","","","","","","","","false","false","gs://usc2-datacache/20250122-flattened-shuffled/starcoder","128","4","6442450944","128","3221225472","512MB","flattened","<|endoftext|>","content","path","<file_sep>","files","blob_id","<fim_middle>","true","<fim_pad>","false","false","false","<fim_prefix>","<>|","repo_name","<repo_name>","","<|router|>","false","<fim_suffix>","bigcode/starcoder2-3b","[""gs://usc-stack-v2/20250122-flattened-shuffled/shard-{00..58}.jsonl.gz""]","[""gs://usc-stack-v2/20250122-flattened-shuffled/shard-{59..60}.jsonl.gz""]","false","0","false","","","","","","","","","","","bigcode/starcoder2-3b","gelu_new","SPLASH","false","","LORA_ZERO_B","0.01","16","LORA","512","true","5","3072","true","0.02","12288","0.00001","","","false","1","24","2","30","false","meta-llama/Llama-2-7b-hf","1","999999.4420358812","false","false","softmax","0.02","1","true","4096","true","1","false","true","true","true","","0.9","0.95","1e-8","0.000052","cosine","1","0.1","0","0.01","0","true","0","gs://usc2-ckpt/starcoder2-3b-state-dicts","8","batch","true","gs://usc2-ckpt/starcoder2-3b-misc","[{""every"":10000}]","0:15:00","embed","true","true","logs","","512","1","jax.numpy.bfloat16","jax.numpy.bfloat16","jax.numpy.float32","500","4","4","false","100","false","5","true","true","1","1","true","0","false","10","[""mlp"",""heads""]","levanter-seqmoe","allow","true","false","256","levanter-seqmoe","allow","true","false","0","","tpu","0.6073867678642273","","","","","","","","","","","","","","","","","","","","","","","","","","","","","499","4","1","0.0000052004716053488664","3054213120","1","TPU v4","93111938187264","1100000000000000","275000000000000","11894491431.793852","523239424","","","","","","","","","","","","","","","","","","","","","","","","","","","","","302463","23841792"
"rstarcoder_sweep_lora_baseline_1","e6e0216dcd172ce715fd489a56b2bb3563b1fef1","2025-03-03T03:10:35.000Z","22608","2025-03-03T09:27:23.000Z","t1v-n-840962fb-w-0","vfl3bf3p","-","2025-03-03T09:27:23.000Z","lora_baseline, rstarcoder_sweep","e6e0216dcd172ce715fd489a56b2bb3563b1fef1","0","","false","vfl3bf3p","willandwill","rstarcoder_sweep_lora_baseline_1","[""rstarcoder_sweep"",""lora_baseline""]","willandwill","rstarcoder_sweep_lora_baseline_1","[""rstarcoder_sweep"",""lora_baseline""]","0.6138209700584412","0.6138209700584412","0.6138209700584412","","1","","0.08642736077308655","0.8165766596794128","0","37.25488388499798","6.871582281406267","639826.3446349988","0.1707390410010703","58.16603133045445","28146.00102464007","0.5696144104003906","0.5696144104003906","0.5696144104003906","","1","","0.003403391001484124","finished","","","","","","","","","false","false","gs://usc2-datacache/20250122-flattened-shuffled/starcoder","128","4","6442450944","128","3221225472","512MB","flattened","<|endoftext|>","content","path","<file_sep>","files","blob_id","<fim_middle>","true","<fim_pad>","false","false","false","<fim_prefix>","<>|","repo_name","<repo_name>","","<|router|>","false","<fim_suffix>","bigcode/starcoder2-3b","[""gs://usc-stack-v2/20250122-flattened-shuffled/shard-{00..58}.jsonl.gz""]","[""gs://usc-stack-v2/20250122-flattened-shuffled/shard-{59..60}.jsonl.gz""]","false","0","false","","","","","","","","","","","bigcode/starcoder2-3b","gelu_new","SPLASH","false","","LORA_ZERO_B","0.01","16","LORA","512","true","5","3072","true","0.02","12288","0.00001","","","false","1","24","2","30","false","meta-llama/Llama-2-7b-hf","1","999999.4420358812","false","false","softmax","0.02","1","true","4096","true","1","false","true","true","true","","0.9","0.95","1e-8","0.000003","cosine","1","0.1","0","0.01","0","true","0","gs://usc2-ckpt/starcoder2-3b-state-dicts","8","batch","true","gs://usc2-ckpt/starcoder2-3b-misc","[{""every"":10000}]","0:15:00","embed","true","true","logs","","512","1","jax.numpy.bfloat16","jax.numpy.bfloat16","jax.numpy.float32","500","4","4","false","100","false","5","true","true","1","1","true","0","false","10","[""mlp"",""heads""]","levanter-seqmoe","allow","true","false","256","levanter-seqmoe","allow","true","false","0","","tpu","0.6138209700584412","","","","","","","","","","","","","","","","","","","","","","","","","","","","","499","4","1","3.000272101871815e-7","3054213120","1","TPU v4","93111938187264","1100000000000000","275000000000000","11894491431.793852","523239424","","","","","","","","","","","","","","","","","","","","","","","","","","","","","302463","23841792"
"rstarcoder_sweep_lora_baseline_7","e6e0216dcd172ce715fd489a56b2bb3563b1fef1","2025-03-03T03:10:20.000Z","23026","2025-03-03T09:34:06.000Z","t1v-n-a33f14ff-w-0","f2k2sllo","-","2025-03-03T09:34:06.000Z","lora_baseline, rstarcoder_sweep","e6e0216dcd172ce715fd489a56b2bb3563b1fef1","0","","false","f2k2sllo","willandwill","rstarcoder_sweep_lora_baseline_7","[""rstarcoder_sweep"",""lora_baseline""]","willandwill","rstarcoder_sweep_lora_baseline_7","[""rstarcoder_sweep"",""lora_baseline""]","0.6080294251441956","0.6080294251441956","0.6080294251441956","","1","","0.0980663150548935","0.29230326414108276","0","37.25085021199993","6.872326364178731","639895.6276241147","0.19318888099951437","58.17232978401044","28149.04878767608","0.5651293992996216","0.5651293992996216","0.5651293992996216","","1","","0.004055539997352753","finished","","","","","","","","","false","false","gs://usc2-datacache/20250122-flattened-shuffled/starcoder","128","4","6442450944","128","3221225472","512MB","flattened","<|endoftext|>","content","path","<file_sep>","files","blob_id","<fim_middle>","true","<fim_pad>","false","false","false","<fim_prefix>","<>|","repo_name","<repo_name>","","<|router|>","false","<fim_suffix>","bigcode/starcoder2-3b","[""gs://usc-stack-v2/20250122-flattened-shuffled/shard-{00..58}.jsonl.gz""]","[""gs://usc-stack-v2/20250122-flattened-shuffled/shard-{59..60}.jsonl.gz""]","false","0","false","","","","","","","","","","","bigcode/starcoder2-3b","gelu_new","SPLASH","false","","LORA_ZERO_B","0.01","16","LORA","512","true","5","3072","true","0.02","12288","0.00001","","","false","1","24","2","30","false","meta-llama/Llama-2-7b-hf","1","999999.4420358812","false","false","softmax","0.02","1","true","4096","true","1","false","true","true","true","","0.9","0.95","1e-8","0.001","cosine","1","0.1","0","0.01","0","true","0","gs://usc2-ckpt/starcoder2-3b-state-dicts","8","batch","true","gs://usc2-ckpt/starcoder2-3b-misc","[{""every"":10000}]","0:15:00","embed","true","true","logs","","512","1","jax.numpy.bfloat16","jax.numpy.bfloat16","jax.numpy.float32","500","4","4","false","100","false","5","true","true","1","1","true","0","false","10","[""mlp"",""heads""]","levanter-seqmoe","allow","true","false","256","levanter-seqmoe","allow","true","false","0","","tpu","0.6080294251441956","","","","","","","","","","","","","","","","","","","","","","","","","","","","","499","4","1","0.0001000090705929324","3054213120","1","TPU v4","93111938187264","1100000000000000","275000000000000","11894491431.793852","523239424","","","","","","","","","","","","","","","","","","","","","","","","","","","","","302463","23841792"
"rstarcoder_sweep_lora_baseline_2","e6e0216dcd172ce715fd489a56b2bb3563b1fef1","2025-03-03T03:09:22.000Z","32457","2025-03-03T12:10:19.000Z","t1v-n-cac9b4ae-w-0","ffatbdy6","-","2025-03-03T12:10:19.000Z","lora_baseline, rstarcoder_sweep","e6e0216dcd172ce715fd489a56b2bb3563b1fef1","0","","false","ffatbdy6","willandwill","rstarcoder_sweep_lora_baseline_2","[""rstarcoder_sweep"",""lora_baseline""]","willandwill","rstarcoder_sweep_lora_baseline_2","[""rstarcoder_sweep"",""lora_baseline""]","0.6102088093757629","0.6102088093757629","0.6102088093757629","","1","","0.10804060846567154","1.0925135612487793","0","37.25270653999178","6.871983911428748","639863.7411848262","0.1980440319748595","58.169431016802385","28147.64610121215","0.5667696595191956","0.5667696595191956","0.5667696595191956","","1","","0.00431013002526015","finished","","","","","","","","","false","false","gs://usc2-datacache/20250122-flattened-shuffled/starcoder","128","4","6442450944","128","3221225472","512MB","flattened","<|endoftext|>","content","path","<file_sep>","files","blob_id","<fim_middle>","true","<fim_pad>","false","false","false","<fim_prefix>","<>|","repo_name","<repo_name>","","<|router|>","false","<fim_suffix>","bigcode/starcoder2-3b","[""gs://usc-stack-v2/20250122-flattened-shuffled/shard-{00..58}.jsonl.gz""]","[""gs://usc-stack-v2/20250122-flattened-shuffled/shard-{59..60}.jsonl.gz""]","false","0","false","","","","","","","","","","","bigcode/starcoder2-3b","gelu_new","SPLASH","false","","LORA_ZERO_B","0.01","16","LORA","512","true","5","3072","true","0.02","12288","0.00001","","","false","1","24","2","30","false","meta-llama/Llama-2-7b-hf","1","999999.4420358812","false","false","softmax","0.02","1","true","4096","true","1","false","true","true","true","","0.9","0.95","1e-8","0.000007","cosine","1","0.1","0","0.01","0","true","0","gs://usc2-ckpt/starcoder2-3b-state-dicts","8","batch","true","gs://usc2-ckpt/starcoder2-3b-misc","[{""every"":10000}]","0:15:00","embed","true","true","logs","","512","1","jax.numpy.bfloat16","jax.numpy.bfloat16","jax.numpy.float32","500","4","4","false","100","false","5","true","true","1","1","true","0","false","10","[""mlp"",""heads""]","levanter-seqmoe","allow","true","false","256","levanter-seqmoe","allow","true","false","0","","tpu","0.6102088093757629","","","","","","","","","","","","","","","","","","","","","","","","","","","","","499","4","1","7.000634809628536e-7","3054213120","1","TPU v4","93111938187264","1100000000000000","275000000000000","11894491431.793852","523239424","","","","","","","","","","","","","","","","","","","","","","","","","","","","","302463","23841792"
"rstarcoder_sweep_lora_baseline_5","e6e0216dcd172ce715fd489a56b2bb3563b1fef1","2025-03-03T03:07:10.000Z","22535","2025-03-03T09:22:45.000Z","t1v-n-44a99d36-w-0","fjzk6uet","-","2025-03-03T09:22:45.000Z","lora_baseline, rstarcoder_sweep","e6e0216dcd172ce715fd489a56b2bb3563b1fef1","0","","false","fjzk6uet","willandwill","rstarcoder_sweep_lora_baseline_5","[""rstarcoder_sweep"",""lora_baseline""]","willandwill","rstarcoder_sweep_lora_baseline_5","[""rstarcoder_sweep"",""lora_baseline""]","0.607016384601593","0.607016384601593","0.607016384601593","","1","","0.06115717440843582","0.38217848539352417","0","37.25017803800074","6.872450374300005","639907.1744468614","0.1518009310020716","58.17337949516922","28149.55673313282","0.5640960335731506","0.5640960335731506","0.5640960335731506","","1","","0.003742150001926347","finished","","","","","","","","","false","false","gs://usc2-datacache/20250122-flattened-shuffled/starcoder","128","4","6442450944","128","3221225472","512MB","flattened","<|endoftext|>","content","path","<file_sep>","files","blob_id","<fim_middle>","true","<fim_pad>","false","false","false","<fim_prefix>","<>|","repo_name","<repo_name>","","<|router|>","false","<fim_suffix>","bigcode/starcoder2-3b","[""gs://usc-stack-v2/20250122-flattened-shuffled/shard-{00..58}.jsonl.gz""]","[""gs://usc-stack-v2/20250122-flattened-shuffled/shard-{59..60}.jsonl.gz""]","false","0","false","","","","","","","","","","","bigcode/starcoder2-3b","gelu_new","SPLASH","false","","LORA_ZERO_B","0.01","16","LORA","512","true","5","3072","true","0.02","12288","0.00001","","","false","1","24","2","30","false","meta-llama/Llama-2-7b-hf","1","999999.4420358812","false","false","softmax","0.02","1","true","4096","true","1","false","true","true","true","","0.9","0.95","1e-8","0.000139","cosine","1","0.1","0","0.01","0","true","0","gs://usc2-ckpt/starcoder2-3b-state-dicts","8","batch","true","gs://usc2-ckpt/starcoder2-3b-misc","[{""every"":10000}]","0:15:00","embed","true","true","logs","","512","1","jax.numpy.bfloat16","jax.numpy.bfloat16","jax.numpy.float32","500","4","4","false","100","false","5","true","true","1","1","true","0","false","10","[""mlp"",""heads""]","levanter-seqmoe","allow","true","false","256","levanter-seqmoe","allow","true","false","0","","tpu","0.6069830060005188","","","","","","","","","","","","","","","","","","","","","","","","","","","","","499","4","1","0.000013901259990234394","3054213120","1","TPU v4","93111938187264","1100000000000000","275000000000000","11894491431.793852","523239424","","","","","","","","","","","","","","","","","","","","","","","","","","","","","302463","23841792"
"rstarcoder_sweep_lora_baseline_6","e6e0216dcd172ce715fd489a56b2bb3563b1fef1","2025-03-03T02:58:33.000Z","22453","2025-03-03T09:12:46.000Z","t1v-n-a33f14ff-w-0","ovnrxkig","-","2025-03-03T09:12:46.000Z","lora_baseline, rstarcoder_sweep","e6e0216dcd172ce715fd489a56b2bb3563b1fef1","0","","false","ovnrxkig","willandwill","rstarcoder_sweep_lora_baseline_6","[""rstarcoder_sweep"",""lora_baseline""]","willandwill","rstarcoder_sweep_lora_baseline_6","[""rstarcoder_sweep"",""lora_baseline""]","0.6068496108055115","0.6068496108055115","0.6068496108055115","","1","","0.06503986567258835","0.2808081805706024","0","37.24933301800047","6.872606279320219","639921.6910654666","0.15393433999997796","58.1746991877697","28150.195320095616","0.5639684200286865","0.5639684200286865","0.5639684200286865","","1","","0.002900010000303155","finished","","","","","","","","","false","false","gs://usc2-datacache/20250122-flattened-shuffled/starcoder","128","4","6442450944","128","3221225472","512MB","flattened","<|endoftext|>","content","path","<file_sep>","files","blob_id","<fim_middle>","true","<fim_pad>","false","false","false","<fim_prefix>","<>|","repo_name","<repo_name>","","<|router|>","false","<fim_suffix>","bigcode/starcoder2-3b","[""gs://usc-stack-v2/20250122-flattened-shuffled/shard-{00..58}.jsonl.gz""]","[""gs://usc-stack-v2/20250122-flattened-shuffled/shard-{59..60}.jsonl.gz""]","false","0","false","","","","","","","","","","","bigcode/starcoder2-3b","gelu_new","SPLASH","false","","LORA_ZERO_B","0.01","16","LORA","512","true","5","3072","true","0.02","12288","0.00001","","","false","1","24","2","30","false","meta-llama/Llama-2-7b-hf","1","999999.4420358812","false","false","softmax","0.02","1","true","4096","true","1","false","true","true","true","","0.9","0.95","1e-8","0.000373","cosine","1","0.1","0","0.01","0","true","0","gs://usc2-ckpt/starcoder2-3b-state-dicts","8","batch","true","gs://usc2-ckpt/starcoder2-3b-misc","[{""every"":10000}]","0:15:00","embed","true","true","logs","","512","1","jax.numpy.bfloat16","jax.numpy.bfloat16","jax.numpy.float32","500","4","4","false","100","false","5","true","true","1","1","true","0","false","10","[""mlp"",""heads""]","levanter-seqmoe","allow","true","false","256","levanter-seqmoe","allow","true","false","0","","tpu","0.6068496108055115","","","","","","","","","","","","","","","","","","","","","","","","","","","","","499","4","1","0.00003730337994056754","3054213120","1","TPU v4","93111938187264","1100000000000000","275000000000000","11894491431.793852","523239424","","","","","","","","","","","","","","","","","","","","","","","","","","","","","302463","23841792"
"rstarcoder_sweep_routed_mlp_31","e6e0216dcd172ce715fd489a56b2bb3563b1fef1","2025-03-02T17:00:44.000Z","46687","2025-03-03T05:58:51.000Z","t1v-n-35cce83e-w-0","2diz3cau","-","2025-03-03T05:58:51.000Z","routed_mlp, rstarcoder_sweep","e6e0216dcd172ce715fd489a56b2bb3563b1fef1","0","","false","2diz3cau","willandwill","rstarcoder_sweep_routed_mlp_31","[""rstarcoder_sweep"",""routed_mlp""]","willandwill","rstarcoder_sweep_routed_mlp_31","[""rstarcoder_sweep"",""routed_mlp""]","0.6054250597953796","0.6054250597953796","0.6054250597953796","","1","","0.007598142605274916","0.014383836649358273","0","85.73676062800223","2.985883746071794","370695.23039812426","0.19922054200287675","33.69956639982948","12230.179823910068","0.5624935030937195","0.5624935030937195","0.5624935626983643","","1","","0.003577548995963298","finished","","","","","","","","","false","false","gs://usc2-datacache/20250122-flattened-shuffled/starcoder","128","4","6442450944","128","3221225472","512MB","flattened","<|endoftext|>","content","path","<file_sep>","files","blob_id","<fim_middle>","true","<fim_pad>","false","false","false","<fim_prefix>","<>|","repo_name","<repo_name>","","<|router|>","false","<fim_suffix>","bigcode/starcoder2-3b","[""gs://usc-stack-v2/20250122-flattened-shuffled/shard-{00..58}.jsonl.gz""]","[""gs://usc-stack-v2/20250122-flattened-shuffled/shard-{59..60}.jsonl.gz""]","false","0","false","","","","","","","","","","","bigcode/starcoder2-3b","gelu_new","SPLASH","false","","MLP_ZERO_DOWN","0.01","128","MLP","512","true","5","3072","false","0.02","12288","0.00001","","","false","32","24","2","30","true","meta-llama/Llama-2-7b-hf","1","999999.4420358812","false","false","softmax","0.02","1","true","4096","true","4","false","true","true","true","","0.9","0.95","1e-8","0.000373","cosine","1","0.1","0","0.01","0","true","0","gs://usc2-ckpt/starcoder2-3b-state-dicts","8","batch","true","gs://usc2-ckpt/starcoder2-3b-misc","[{""every"":10000}]","0:15:00","embed","true","true","logs","","512","1","jax.numpy.bfloat16","jax.numpy.bfloat16","jax.numpy.float32","500","4","4","false","100","false","5","true","true","1","1","true","0","false","10","[""mlp"",""heads""]","levanter-seqmoe","allow","true","false","256","levanter-seqmoe","allow","true","false","0","","tpu","0.6054078340530396","","","","","","","","","","","","","","","","","","","","","","","","","","","","","499","4","1","0.00003730337994056754","3879828480","1","TPU v4","124149250916352","1100000000000000","275000000000000","15859321909.05847","523239424","","","","","","","","","","","","","","","","","","","","","","","","","","","","","302463","849457152"
"rstarcoder_sweep_routed_mlp_28","e6e0216dcd172ce715fd489a56b2bb3563b1fef1","2025-03-02T17:00:33.000Z","46685","2025-03-03T05:58:38.000Z","t1v-n-07f08497-w-0","i7j475su","-","2025-03-03T05:58:38.000Z","routed_mlp, rstarcoder_sweep","e6e0216dcd172ce715fd489a56b2bb3563b1fef1","0","","false","i7j475su","willandwill","rstarcoder_sweep_routed_mlp_28","[""rstarcoder_sweep"",""routed_mlp""]","willandwill","rstarcoder_sweep_routed_mlp_28","[""rstarcoder_sweep"",""routed_mlp""]","0.6058022975921631","0.6058022975921631","0.6058022975921631","","32","","0.015707654878497124","0.04452519491314888","0.000378172640921548","85.73602214999846","2.9859094646602355","370698.4233416139","0.17747388499992667","33.69985666741944","12230.285167248325","0.5630404353141785","0.5630404353141785","0.5630404353141785","","32","","0.00338481899962062","finished","","","","","","","","","false","false","gs://usc2-datacache/20250122-flattened-shuffled/starcoder","128","4","6442450944","128","3221225472","512MB","flattened","<|endoftext|>","content","path","<file_sep>","files","blob_id","<fim_middle>","true","<fim_pad>","false","false","false","<fim_prefix>","<>|","repo_name","<repo_name>","","<|router|>","false","<fim_suffix>","bigcode/starcoder2-3b","[""gs://usc-stack-v2/20250122-flattened-shuffled/shard-{00..58}.jsonl.gz""]","[""gs://usc-stack-v2/20250122-flattened-shuffled/shard-{59..60}.jsonl.gz""]","false","0","false","","","","","","","","","","","bigcode/starcoder2-3b","gelu_new","SPLASH","false","","MLP_ZERO_DOWN","0.01","128","MLP","512","true","5","3072","false","0.02","12288","0.00001","","","false","32","24","2","30","true","meta-llama/Llama-2-7b-hf","1","999999.4420358812","false","false","softmax","0.02","1","true","4096","true","4","false","true","true","true","","0.9","0.95","1e-8","0.000019","cosine","1","0.1","0","0.01","0","true","0","gs://usc2-ckpt/starcoder2-3b-state-dicts","8","batch","true","gs://usc2-ckpt/starcoder2-3b-misc","[{""every"":10000}]","0:15:00","embed","true","true","logs","","512","1","jax.numpy.bfloat16","jax.numpy.bfloat16","jax.numpy.float32","500","4","4","false","100","false","5","true","true","1","1","true","0","false","10","[""mlp"",""heads""]","levanter-seqmoe","allow","true","false","256","levanter-seqmoe","allow","true","false","0","","tpu","0.605776846408844","","","","","","","","","","","","","","","","","","","","","","","","","","","","","499","4","1","0.0000019001722648681607","3879828480","1","TPU v4","124149250916352","1100000000000000","275000000000000","15859321909.05847","523239424","","","","","","","","","","","","","","","","","","","","","","","","","","","","","302463","849457152"
"rstarcoder_sweep_routed_mlp_27","e6e0216dcd172ce715fd489a56b2bb3563b1fef1","2025-03-02T17:00:06.000Z","46719","2025-03-03T05:58:45.000Z","t1v-n-04cd5772-w-0","tuwoplau","-","2025-03-03T05:58:45.000Z","routed_mlp, rstarcoder_sweep","e6e0216dcd172ce715fd489a56b2bb3563b1fef1","0","","false","tuwoplau","willandwill","rstarcoder_sweep_routed_mlp_27","[""rstarcoder_sweep"",""routed_mlp""]","willandwill","rstarcoder_sweep_routed_mlp_27","[""rstarcoder_sweep"",""routed_mlp""]","0.606662392616272","0.606662392616272","0.606662392616272","","32","","0.022056706249713898","0.06405522674322128","0.0007045470993034542","85.73519015100464","2.9859384407862097","370702.020705948","0.2009520470019197","33.70018370054073","12230.403853460317","0.5637884736061096","0.5637884736061096","0.5637884736061096","","32","","0.00361702900409","finished","","","","","","","","","false","false","gs://usc2-datacache/20250122-flattened-shuffled/starcoder","128","4","6442450944","128","3221225472","512MB","flattened","<|endoftext|>","content","path","<file_sep>","files","blob_id","<fim_middle>","true","<fim_pad>","false","false","false","<fim_prefix>","<>|","repo_name","<repo_name>","","<|router|>","false","<fim_suffix>","bigcode/starcoder2-3b","[""gs://usc-stack-v2/20250122-flattened-shuffled/shard-{00..58}.jsonl.gz""]","[""gs://usc-stack-v2/20250122-flattened-shuffled/shard-{59..60}.jsonl.gz""]","false","0","false","","","","","","","","","","","bigcode/starcoder2-3b","gelu_new","SPLASH","false","","MLP_ZERO_DOWN","0.01","128","MLP","512","true","5","3072","false","0.02","12288","0.00001","","","false","32","24","2","30","true","meta-llama/Llama-2-7b-hf","1","999999.4420358812","false","false","softmax","0.02","1","true","4096","true","4","false","true","true","true","","0.9","0.95","1e-8","0.000007","cosine","1","0.1","0","0.01","0","true","0","gs://usc2-ckpt/starcoder2-3b-state-dicts","8","batch","true","gs://usc2-ckpt/starcoder2-3b-misc","[{""every"":10000}]","0:15:00","embed","true","true","logs","","512","1","jax.numpy.bfloat16","jax.numpy.bfloat16","jax.numpy.float32","500","4","4","false","100","false","5","true","true","1","1","true","0","false","10","[""mlp"",""heads""]","levanter-seqmoe","allow","true","false","256","levanter-seqmoe","allow","true","false","0","","tpu","0.6066555976867676","","","","","","","","","","","","","","","","","","","","","","","","","","","","","499","4","1","7.000634809628536e-7","3879828480","1","TPU v4","124149250916352","1100000000000000","275000000000000","15859321909.05847","523239424","","","","","","","","","","","","","","","","","","","","","","","","","","","","","302463","849457152"
"rstarcoder_sweep_routed_mlp_30","e6e0216dcd172ce715fd489a56b2bb3563b1fef1","2025-03-02T16:59:44.000Z","46652","2025-03-03T05:57:16.000Z","t1v-n-600a8f14-w-0","phlnhomq","-","2025-03-03T05:57:16.000Z","routed_mlp, rstarcoder_sweep","e6e0216dcd172ce715fd489a56b2bb3563b1fef1","0","","false","phlnhomq","willandwill","rstarcoder_sweep_routed_mlp_30","[""rstarcoder_sweep"",""routed_mlp""]","willandwill","rstarcoder_sweep_routed_mlp_30","[""rstarcoder_sweep"",""routed_mlp""]","0.6051430702209473","0.6051430702209473","0.6051430702209473","","30","","0.014472356997430325","0.0312172994017601","2.1425942346286336e-14","85.73696862700308","2.9858765022789964","370694.3310866746","0.15974345300492132","33.69948464424314","12230.15015333477","0.5624454617500305","0.5624454617500305","0.5624454617500305","","31","","0.0037570700005744584","finished","","","","","","","","","false","false","gs://usc2-datacache/20250122-flattened-shuffled/starcoder","128","4","6442450944","128","3221225472","512MB","flattened","<|endoftext|>","content","path","<file_sep>","files","blob_id","<fim_middle>","true","<fim_pad>","false","false","false","<fim_prefix>","<>|","repo_name","<repo_name>","","<|router|>","false","<fim_suffix>","bigcode/starcoder2-3b","[""gs://usc-stack-v2/20250122-flattened-shuffled/shard-{00..58}.jsonl.gz""]","[""gs://usc-stack-v2/20250122-flattened-shuffled/shard-{59..60}.jsonl.gz""]","false","0","false","","","","","","","","","","","bigcode/starcoder2-3b","gelu_new","SPLASH","false","","MLP_ZERO_DOWN","0.01","128","MLP","512","true","5","3072","false","0.02","12288","0.00001","","","false","32","24","2","30","true","meta-llama/Llama-2-7b-hf","1","999999.4420358812","false","false","softmax","0.02","1","true","4096","true","4","false","true","true","true","","0.9","0.95","1e-8","0.000139","cosine","1","0.1","0","0.01","0","true","0","gs://usc2-ckpt/starcoder2-3b-state-dicts","8","batch","true","gs://usc2-ckpt/starcoder2-3b-misc","[{""every"":10000}]","0:15:00","embed","true","true","logs","","512","1","jax.numpy.bfloat16","jax.numpy.bfloat16","jax.numpy.float32","500","4","4","false","100","false","5","true","true","1","1","true","0","false","10","[""mlp"",""heads""]","levanter-seqmoe","allow","true","false","256","levanter-seqmoe","allow","true","false","0","","tpu","0.6051430702209473","","","","","","","","","","","","","","","","","","","","","","","","","","","","","499","4","1","0.000013901259990234394","3879828480","1","TPU v4","124149250916352","1100000000000000","275000000000000","15859321909.05847","523239424","","","","","","","","","","","","","","","","","","","","","","","","","","","","","302463","849457152"
"rstarcoder_sweep_routed_mlp_29","e6e0216dcd172ce715fd489a56b2bb3563b1fef1","2025-03-02T16:44:27.000Z","46635","2025-03-03T05:41:42.000Z","t1v-n-e16a4652-w-0","m2yfic33","-","2025-03-03T05:41:42.000Z","routed_mlp, rstarcoder_sweep","e6e0216dcd172ce715fd489a56b2bb3563b1fef1","0","","false","m2yfic33","willandwill","rstarcoder_sweep_routed_mlp_29","[""rstarcoder_sweep"",""routed_mlp""]","willandwill","rstarcoder_sweep_routed_mlp_29","[""rstarcoder_sweep"",""routed_mlp""]","0.6052749752998352","0.6052749752998352","0.6052749752998352","","32","","0.012083515524864197","0.03189731016755104","8.301270213451062e-7","85.73563090899552","2.9859230903862173","370700.1149652877","0.21724525799800176","33.70001045138979","12230.340978221946","0.5626260638237","0.5626260638237","0.5626259446144104","","30","","0.002778478999971412","finished","","","","","","","","","false","false","gs://usc2-datacache/20250122-flattened-shuffled/starcoder","128","4","6442450944","128","3221225472","512MB","flattened","<|endoftext|>","content","path","<file_sep>","files","blob_id","<fim_middle>","true","<fim_pad>","false","false","false","<fim_prefix>","<>|","repo_name","<repo_name>","","<|router|>","false","<fim_suffix>","bigcode/starcoder2-3b","[""gs://usc-stack-v2/20250122-flattened-shuffled/shard-{00..58}.jsonl.gz""]","[""gs://usc-stack-v2/20250122-flattened-shuffled/shard-{59..60}.jsonl.gz""]","false","0","false","","","","","","","","","","","bigcode/starcoder2-3b","gelu_new","SPLASH","false","","MLP_ZERO_DOWN","0.01","128","MLP","512","true","5","3072","false","0.02","12288","0.00001","","","false","32","24","2","30","true","meta-llama/Llama-2-7b-hf","1","999999.4420358812","false","false","softmax","0.02","1","true","4096","true","4","false","true","true","true","","0.9","0.95","1e-8","0.000052","cosine","1","0.1","0","0.01","0","true","0","gs://usc2-ckpt/starcoder2-3b-state-dicts","8","batch","true","gs://usc2-ckpt/starcoder2-3b-misc","[{""every"":10000}]","0:15:00","embed","true","true","logs","","512","1","jax.numpy.bfloat16","jax.numpy.bfloat16","jax.numpy.float32","500","4","4","false","100","false","5","true","true","1","1","true","0","false","10","[""mlp"",""heads""]","levanter-seqmoe","allow","true","false","256","levanter-seqmoe","allow","true","false","0","","tpu","0.6052749752998352","","","","","","","","","","","","","","","","","","","","","","","","","","","","","499","4","1","0.0000052004716053488664","3879828480","1","TPU v4","124149250916352","1100000000000000","275000000000000","15859321909.05847","523239424","","","","","","","","","","","","","","","","","","","","","","","","","","","","","302463","849457152"
"rstarcoder_sweep_routed_mlp_25","e6e0216dcd172ce715fd489a56b2bb3563b1fef1","2025-03-02T16:41:30.000Z","46621","2025-03-03T05:38:31.000Z","t1v-n-1e4bc7f6-w-0","nnumwqgp","-","2025-03-03T05:38:31.000Z","routed_mlp, rstarcoder_sweep","e6e0216dcd172ce715fd489a56b2bb3563b1fef1","0","","false","nnumwqgp","willandwill","rstarcoder_sweep_routed_mlp_25","[""rstarcoder_sweep"",""routed_mlp""]","willandwill","rstarcoder_sweep_routed_mlp_25","[""rstarcoder_sweep"",""routed_mlp""]","0.6099317669868469","0.6099317669868469","0.6099317669868469","","32","","0.01906992681324482","0.05558028444647789","0.0007028815452940762","85.73402173799695","2.9859791341917403","370707.0727617619","0.157529825984966","33.70064297834199","12230.570533649368","0.5663416981697083","0.5663416981697083","0.5663416981697083","","32","","0.003259048971813172","finished","","","","","","","","","false","false","gs://usc2-datacache/20250122-flattened-shuffled/starcoder","128","4","6442450944","128","3221225472","512MB","flattened","<|endoftext|>","content","path","<file_sep>","files","blob_id","<fim_middle>","true","<fim_pad>","false","false","false","<fim_prefix>","<>|","repo_name","<repo_name>","","<|router|>","false","<fim_suffix>","bigcode/starcoder2-3b","[""gs://usc-stack-v2/20250122-flattened-shuffled/shard-{00..58}.jsonl.gz""]","[""gs://usc-stack-v2/20250122-flattened-shuffled/shard-{59..60}.jsonl.gz""]","false","0","false","","","","","","","","","","","bigcode/starcoder2-3b","gelu_new","SPLASH","false","","MLP_ZERO_DOWN","0.01","128","MLP","512","true","5","3072","false","0.02","12288","0.00001","","","false","32","24","2","30","true","meta-llama/Llama-2-7b-hf","1","999999.4420358812","false","false","softmax","0.02","1","true","4096","true","4","false","true","true","true","","0.9","0.95","1e-8","0.000001","cosine","1","0.1","0","0.01","0","true","0","gs://usc2-ckpt/starcoder2-3b-state-dicts","8","batch","true","gs://usc2-ckpt/starcoder2-3b-misc","[{""every"":10000}]","0:15:00","embed","true","true","logs","","512","1","jax.numpy.bfloat16","jax.numpy.bfloat16","jax.numpy.float32","500","4","4","false","100","false","5","true","true","1","1","true","0","false","10","[""mlp"",""heads""]","levanter-seqmoe","allow","true","false","256","levanter-seqmoe","allow","true","false","0","","tpu","0.6098872423171997","","","","","","","","","","","","","","","","","","","","","","","","","","","","","499","4","1","1.0000906769391805e-7","3879828480","1","TPU v4","124149250916352","1100000000000000","275000000000000","15859321909.05847","523239424","","","","","","","","","","","","","","","","","","","","","","","","","","","","","302463","849457152"
"rstarcoder_sweep_routed_mlp_32","e6e0216dcd172ce715fd489a56b2bb3563b1fef1","2025-03-02T16:41:29.000Z","46694","2025-03-03T05:39:43.000Z","t1v-n-a1307b98-w-0","imxaja4d","-","2025-03-03T05:39:43.000Z","routed_mlp, rstarcoder_sweep","e6e0216dcd172ce715fd489a56b2bb3563b1fef1","0","","false","imxaja4d","willandwill","rstarcoder_sweep_routed_mlp_32","[""rstarcoder_sweep"",""routed_mlp""]","willandwill","rstarcoder_sweep_routed_mlp_32","[""rstarcoder_sweep"",""routed_mlp""]","0.6055592894554138","0.6055592894554138","0.6055592894554138","","4","","0.004889487288892269","0.008315297774970531","0","85.73827970697312","2.9858308432934355","370688.6625578196","0.20857724198140204","33.69896932343815","12229.963134129912","0.5627831220626831","0.5627831220626831","0.5627830624580383","","5","","0.003697520005516708","finished","","","","","","","","","false","false","gs://usc2-datacache/20250122-flattened-shuffled/starcoder","128","4","6442450944","128","3221225472","512MB","flattened","<|endoftext|>","content","path","<file_sep>","files","blob_id","<fim_middle>","true","<fim_pad>","false","false","false","<fim_prefix>","<>|","repo_name","<repo_name>","","<|router|>","false","<fim_suffix>","bigcode/starcoder2-3b","[""gs://usc-stack-v2/20250122-flattened-shuffled/shard-{00..58}.jsonl.gz""]","[""gs://usc-stack-v2/20250122-flattened-shuffled/shard-{59..60}.jsonl.gz""]","false","0","false","","","","","","","","","","","bigcode/starcoder2-3b","gelu_new","SPLASH","false","","MLP_ZERO_DOWN","0.01","128","MLP","512","true","5","3072","false","0.02","12288","0.00001","","","false","32","24","2","30","true","meta-llama/Llama-2-7b-hf","1","999999.4420358812","false","false","softmax","0.02","1","true","4096","true","4","false","true","true","true","","0.9","0.95","1e-8","0.001","cosine","1","0.1","0","0.01","0","true","0","gs://usc2-ckpt/starcoder2-3b-state-dicts","8","batch","true","gs://usc2-ckpt/starcoder2-3b-misc","[{""every"":10000}]","0:15:00","embed","true","true","logs","","512","1","jax.numpy.bfloat16","jax.numpy.bfloat16","jax.numpy.float32","500","4","4","false","100","false","5","true","true","1","1","true","0","false","10","[""mlp"",""heads""]","levanter-seqmoe","allow","true","false","256","levanter-seqmoe","allow","true","false","0","","tpu","0.6055592894554138","","","","","","","","","","","","","","","","","","","","","","","","","","","","","499","4","1","0.0001000090705929324","3879828480","1","TPU v4","124149250916352","1100000000000000","275000000000000","15859321909.05847","523239424","","","","","","","","","","","","","","","","","","","","","","","","","","","","","302463","849457152"
"rstarcoder_sweep_mlp_baseline_12","78ac2b232a3ea10a95b4fc0c98b3ed501f86fd6d","2025-02-26T10:40:35.000Z","23680","2025-02-26T17:15:15.000Z","t1v-n-49667f8e-w-0","jpa2ycmg","-","2025-02-27T02:00:32.000Z","mlp_baseline, rstarcoder_sweep","78ac2b232a3ea10a95b4fc0c98b3ed501f86fd6d","0","","false","jpa2ycmg","","rstarcoder_sweep_mlp_baseline_12","[""rstarcoder_sweep"",""mlp_baseline""]","","rstarcoder_sweep_mlp_baseline_12","[""rstarcoder_sweep"",""mlp_baseline""]","0.607932984828949","0.607932984828949","0.607932984828949","","1","","0.026803746819496155","0.0726616308093071","0","42.06633357100145","6.085626634608212","566644.4910324073","0.1654469519999111","51.513135548400655","24926.726695355235","0.5650468468666077","0.5650468468666077","0.5650469064712524","","1","","0.0031196000018098857","finished","","","","","","","","","false","false","gs://usc2-datacache/20250122-flattened-shuffled/starcoder","128","4","6442450944","128","3221225472","512MB","flattened","<|endoftext|>","content","path","<file_sep>","files","blob_id","<fim_middle>","true","<fim_pad>","false","false","false","<fim_prefix>","<>|","repo_name","<repo_name>","","<|router|>","false","<fim_suffix>","bigcode/starcoder2-3b","[""gs://usc-stack-v2/20250122-flattened-shuffled/shard-{00..58}.jsonl.gz""]","[""gs://usc-stack-v2/20250122-flattened-shuffled/shard-{59..60}.jsonl.gz""]","false","0","false","","","","","","","","","","","bigcode/starcoder2-3b","gelu_new","SPLASH","false","","MLP_ZERO_DOWN","0.01","4096","MLP","512","true","5","3072","true","0.02","12288","0.00001","","","false","1","24","2","30","false","meta-llama/Llama-2-7b-hf","1","999999.4420358812","false","false","softmax","0.02","1","true","4096","true","1","false","true","true","true","","0.9","0.95","1e-8","0.000052","cosine","1","0.1","0","0.01","0","true","0","gs://usc2-ckpt/starcoder2-3b-state-dicts","8","batch","true","gs://usc2-ckpt/starcoder2-3b-misc","[{""every"":10000}]","0:15:00","embed","true","true","logs","","512","1","jax.numpy.bfloat16","jax.numpy.bfloat16","jax.numpy.float32","500","4","4","false","100","false","5","true","true","1","1","true","0","false","10","[""mlp"",""heads""]","levanter-seqmoe","allow","true","false","256","levanter-seqmoe","allow","true","false","0","","tpu","0.607932984828949","","","","","","","","","","","","","","","","","","","","","","","","","","","","","499","4","1","0.0000052004716053488664","3785349120","1","TPU v4","93111938187264","1100000000000000","275000000000000","11894491431.793852","523239424","","","","","","","","","","","","","","","","","","","","","","","","","","","","","302463","754977792"
"rstarcoder_sweep_mlp_baseline_10","78ac2b232a3ea10a95b4fc0c98b3ed501f86fd6d","2025-02-26T10:35:17.000Z","23357","2025-02-26T17:04:34.000Z","t1v-n-1e4bc7f6-w-0","cww37x77","-","2025-02-27T02:00:32.000Z","mlp_baseline, rstarcoder_sweep","78ac2b232a3ea10a95b4fc0c98b3ed501f86fd6d","0","","false","cww37x77","","rstarcoder_sweep_mlp_baseline_10","[""rstarcoder_sweep"",""mlp_baseline""]","","rstarcoder_sweep_mlp_baseline_10","[""rstarcoder_sweep"",""mlp_baseline""]","0.6072123050689697","0.6072123050689697","0.6072123050689697","","1","","0.0366494283080101","0.10801678150892258","0","42.065613113001746","6.085730863170871","566654.1959558909","0.16161361600097734","51.5140178141719","24927.15361554789","0.5641037225723267","0.5641037225723267","0.5641036629676819","","1","","0.0032737000001361594","finished","","","","","","","","","false","false","gs://usc2-datacache/20250122-flattened-shuffled/starcoder","128","4","6442450944","128","3221225472","512MB","flattened","<|endoftext|>","content","path","<file_sep>","files","blob_id","<fim_middle>","true","<fim_pad>","false","false","false","<fim_prefix>","<>|","repo_name","<repo_name>","","<|router|>","false","<fim_suffix>","bigcode/starcoder2-3b","[""gs://usc-stack-v2/20250122-flattened-shuffled/shard-{00..58}.jsonl.gz""]","[""gs://usc-stack-v2/20250122-flattened-shuffled/shard-{59..60}.jsonl.gz""]","false","0","false","","","","","","","","","","","bigcode/starcoder2-3b","gelu_new","SPLASH","false","","MLP_ZERO_DOWN","0.01","4096","MLP","512","true","5","3072","true","0.02","12288","0.00001","","","false","1","24","2","30","false","meta-llama/Llama-2-7b-hf","1","999999.4420358812","false","false","softmax","0.02","1","true","4096","true","1","false","true","true","true","","0.9","0.95","1e-8","0.000007","cosine","1","0.1","0","0.01","0","true","0","gs://usc2-ckpt/starcoder2-3b-state-dicts","8","batch","true","gs://usc2-ckpt/starcoder2-3b-misc","[{""every"":10000}]","0:15:00","embed","true","true","logs","","512","1","jax.numpy.bfloat16","jax.numpy.bfloat16","jax.numpy.float32","500","4","4","false","100","false","5","true","true","1","1","true","0","false","10","[""mlp"",""heads""]","levanter-seqmoe","allow","true","false","256","levanter-seqmoe","allow","true","false","0","","tpu","0.607194185256958","","","","","","","","","","","","","","","","","","","","","","","","","","","","","499","4","1","7.000634809628536e-7","3785349120","1","TPU v4","93111938187264","1100000000000000","275000000000000","11894491431.793852","523239424","","","","","","","","","","","","","","","","","","","","","","","","","","","","","302463","754977792"
"rstarcoder_sweep_lora_baseline_4","78ac2b232a3ea10a95b4fc0c98b3ed501f86fd6d","2025-02-26T10:33:50.000Z","21509","2025-02-26T16:32:19.000Z","t1v-n-ffe53f6e-w-0","c4dtxfpp","-","2025-02-27T02:00:32.000Z","hidden, lora_baseline, rstarcoder_sweep","78ac2b232a3ea10a95b4fc0c98b3ed501f86fd6d","0","","false","c4dtxfpp","","rstarcoder_sweep_lora_baseline_4","[""rstarcoder_sweep"",""lora_baseline""]","","rstarcoder_sweep_lora_baseline_4","[""rstarcoder_sweep"",""lora_baseline""]","0.6073959469795227","0.6073959469795227","0.6073959469795227","","1","","0.003608575090765953","0.021003037691116333","0","37.25776053899972","6.871051729800854","639776.9439467106","0.21280054900125833","58.16154035879186","28143.827885264294","0.564460039138794","0.564460039138794","0.5644600987434387","","1","","0.18736048199934885","failed","","","","","","","","","false","false","gs://usc2-datacache/20250122-flattened-shuffled/starcoder","128","4","6442450944","128","3221225472","512MB","flattened","<|endoftext|>","content","path","<file_sep>","files","blob_id","<fim_middle>","true","<fim_pad>","false","false","false","<fim_prefix>","<>|","repo_name","<repo_name>","","<|router|>","false","<fim_suffix>","bigcode/starcoder2-3b","[""gs://usc-stack-v2/20250122-flattened-shuffled/shard-{00..58}.jsonl.gz""]","[""gs://usc-stack-v2/20250122-flattened-shuffled/shard-{59..60}.jsonl.gz""]","false","0","false","","","","","","","","","","","bigcode/starcoder2-3b","gelu_new","SPLASH","false","","LORA_ZERO_B","0.01","16","LORA","512","true","5","3072","false","0.02","12288","0.00001","","","false","1","24","2","30","false","meta-llama/Llama-2-7b-hf","1","999999.4420358812","false","false","softmax","0.02","1","true","4096","true","1","false","true","true","true","","0.9","0.95","1e-8","0.000052","cosine","1","0.1","0","0.01","0","true","0","gs://usc2-ckpt/starcoder2-3b-state-dicts","8","batch","true","gs://usc2-ckpt/starcoder2-3b-misc","[{""every"":10000}]","0:15:00","embed","true","true","logs","","512","1","jax.numpy.bfloat16","jax.numpy.bfloat16","jax.numpy.float32","500","4","4","false","100","false","5","true","true","1","1","true","0","false","10","[""mlp"",""heads""]","levanter-seqmoe","allow","true","false","256","levanter-seqmoe","allow","true","false","0","","tpu","0.6073867678642273","","","","","","","","","","","","","","","","","","","","","","","","","","","","","499","4","1","0.0000052004716053488664","3054213120","1","TPU v4","93111938187264","1100000000000000","275000000000000","11894491431.793852","523239424","","","","","","","","","","","","","","","","","","","","","","","","","","","","","302463","23841792"
"rstarcoder_sweep_mlp_baseline_14","78ac2b232a3ea10a95b4fc0c98b3ed501f86fd6d","2025-02-26T10:33:17.000Z","23761","2025-02-26T17:09:18.000Z","t1v-n-a1307b98-w-0","r4sm2yog","-","2025-02-27T02:00:32.000Z","mlp_baseline, rstarcoder_sweep","78ac2b232a3ea10a95b4fc0c98b3ed501f86fd6d","0","","false","r4sm2yog","","rstarcoder_sweep_mlp_baseline_14","[""rstarcoder_sweep"",""mlp_baseline""]","","rstarcoder_sweep_mlp_baseline_14","[""rstarcoder_sweep"",""mlp_baseline""]","0.6111433506011963","0.6111433506011963","0.6111433506011963","","1","","0.01657794788479805","0.0363335981965065","0","42.065570289996685","6.085737058481709","566654.7728132907","0.16727038500539493","51.51407025575371","24927.17899154108","0.5679163932800293","0.5679163932800293","0.5679162740707397","","1","","0.0032955189963104203","finished","","","","","","","","","false","false","gs://usc2-datacache/20250122-flattened-shuffled/starcoder","128","4","6442450944","128","3221225472","512MB","flattened","<|endoftext|>","content","path","<file_sep>","files","blob_id","<fim_middle>","true","<fim_pad>","false","false","false","<fim_prefix>","<>|","repo_name","<repo_name>","","<|router|>","false","<fim_suffix>","bigcode/starcoder2-3b","[""gs://usc-stack-v2/20250122-flattened-shuffled/shard-{00..58}.jsonl.gz""]","[""gs://usc-stack-v2/20250122-flattened-shuffled/shard-{59..60}.jsonl.gz""]","false","0","false","","","","","","","","","","","bigcode/starcoder2-3b","gelu_new","SPLASH","false","","MLP_ZERO_DOWN","0.01","4096","MLP","512","true","5","3072","true","0.02","12288","0.00001","","","false","1","24","2","30","false","meta-llama/Llama-2-7b-hf","1","999999.4420358812","false","false","softmax","0.02","1","true","4096","true","1","false","true","true","true","","0.9","0.95","1e-8","0.000373","cosine","1","0.1","0","0.01","0","true","0","gs://usc2-ckpt/starcoder2-3b-state-dicts","8","batch","true","gs://usc2-ckpt/starcoder2-3b-misc","[{""every"":10000}]","0:15:00","embed","true","true","logs","","512","1","jax.numpy.bfloat16","jax.numpy.bfloat16","jax.numpy.float32","500","4","4","false","100","false","5","true","true","1","1","true","0","false","10","[""mlp"",""heads""]","levanter-seqmoe","allow","true","false","256","levanter-seqmoe","allow","true","false","0","","tpu","0.6110870242118835","","","","","","","","","","","","","","","","","","","","","","","","","","","","","499","4","1","0.00003730337994056754","3785349120","1","TPU v4","93111938187264","1100000000000000","275000000000000","11894491431.793852","523239424","","","","","","","","","","","","","","","","","","","","","","","","","","","","","302463","754977792"
"rstarcoder_sweep_lora_baseline_2","78ac2b232a3ea10a95b4fc0c98b3ed501f86fd6d","2025-02-26T10:33:02.000Z","22734","2025-02-26T16:51:56.000Z","t1v-n-0f945b9d-w-0","m6ajdmnz","-","2025-02-27T02:00:32.000Z","hidden, lora_baseline, rstarcoder_sweep","78ac2b232a3ea10a95b4fc0c98b3ed501f86fd6d","0","","false","m6ajdmnz","","rstarcoder_sweep_lora_baseline_2","[""rstarcoder_sweep"",""lora_baseline""]","","rstarcoder_sweep_lora_baseline_2","[""rstarcoder_sweep"",""lora_baseline""]","0.6102088093757629","0.6102088093757629","0.6102088093757629","","1","","0.10936552286148073","1.1063634157180786","0","37.250146799000504","6.872456137726388","639907.7110906626","0.16214141199816368","58.17342828096933","28149.58034012729","0.5667696595191956","0.5667696595191956","0.5667696595191956","","1","","0.0032053299983090255","finished","","","","","","","","","false","false","gs://usc2-datacache/20250122-flattened-shuffled/starcoder","128","4","6442450944","128","3221225472","512MB","flattened","<|endoftext|>","content","path","<file_sep>","files","blob_id","<fim_middle>","true","<fim_pad>","false","false","false","<fim_prefix>","<>|","repo_name","<repo_name>","","<|router|>","false","<fim_suffix>","bigcode/starcoder2-3b","[""gs://usc-stack-v2/20250122-flattened-shuffled/shard-{00..58}.jsonl.gz""]","[""gs://usc-stack-v2/20250122-flattened-shuffled/shard-{59..60}.jsonl.gz""]","false","0","false","","","","","","","","","","","bigcode/starcoder2-3b","gelu_new","SPLASH","false","","LORA_ZERO_B","0.01","16","LORA","512","true","5","3072","false","0.02","12288","0.00001","","","false","1","24","2","30","false","meta-llama/Llama-2-7b-hf","1","999999.4420358812","false","false","softmax","0.02","1","true","4096","true","1","false","true","true","true","","0.9","0.95","1e-8","0.000007","cosine","1","0.1","0","0.01","0","true","0","gs://usc2-ckpt/starcoder2-3b-state-dicts","8","batch","true","gs://usc2-ckpt/starcoder2-3b-misc","[{""every"":10000}]","0:15:00","embed","true","true","logs","","512","1","jax.numpy.bfloat16","jax.numpy.bfloat16","jax.numpy.float32","500","4","4","false","100","false","5","true","true","1","1","true","0","false","10","[""mlp"",""heads""]","levanter-seqmoe","allow","true","false","256","levanter-seqmoe","allow","true","false","0","","tpu","0.6102088093757629","","","","","","","","","","","","","","","","","","","","","","","","","","","","","499","4","1","7.000634809628536e-7","3054213120","1","TPU v4","93111938187264","1100000000000000","275000000000000","11894491431.793852","523239424","","","","","","","","","","","","","","","","","","","","","","","","","","","","","302463","23841792"
"rstarcoder_sweep_mlp_baseline_9","78ac2b232a3ea10a95b4fc0c98b3ed501f86fd6d","2025-02-26T06:39:51.000Z","23288","2025-02-26T13:07:59.000Z","t1v-n-d227f627-w-0","okqk3o5r","-","2025-02-27T02:00:32.000Z","mlp_baseline, rstarcoder_sweep","78ac2b232a3ea10a95b4fc0c98b3ed501f86fd6d","0","","false","okqk3o5r","","rstarcoder_sweep_mlp_baseline_9","[""rstarcoder_sweep"",""mlp_baseline""]","","rstarcoder_sweep_mlp_baseline_9","[""rstarcoder_sweep"",""mlp_baseline""]","0.6076000332832336","0.6076000332832336","0.6076000332832336","","1","","0.04468972980976105","0.13282303512096405","0","42.065777009993326","6.085707151901261","566651.9881536206","0.1596766600268893","51.513817104874605","24927.056494187564","0.5644844174385071","0.5644844174385071","0.5644842982292175","","1","","0.0032185690361075103","finished","","","","","","","","","false","false","gs://usc2-datacache/20250122-flattened-shuffled/starcoder","128","4","6442450944","128","3221225472","512MB","flattened","<|endoftext|>","content","path","<file_sep>","files","blob_id","<fim_middle>","true","<fim_pad>","false","false","false","<fim_prefix>","<>|","repo_name","<repo_name>","","<|router|>","false","<fim_suffix>","bigcode/starcoder2-3b","[""gs://usc-stack-v2/20250122-flattened-shuffled/shard-{00..58}.jsonl.gz""]","[""gs://usc-stack-v2/20250122-flattened-shuffled/shard-{59..60}.jsonl.gz""]","false","0","false","","","","","","","","","","","bigcode/starcoder2-3b","gelu_new","SPLASH","false","","MLP_ZERO_DOWN","0.01","4096","MLP","512","true","5","3072","true","0.02","12288","0.00001","","","false","1","24","2","30","false","meta-llama/Llama-2-7b-hf","1","999999.4420358812","false","false","softmax","0.02","1","true","4096","true","1","false","true","true","true","","0.9","0.95","1e-8","0.000003","cosine","1","0.1","0","0.01","0","true","0","gs://usc2-ckpt/starcoder2-3b-state-dicts","8","batch","true","gs://usc2-ckpt/starcoder2-3b-misc","[{""every"":10000}]","0:15:00","embed","true","true","logs","","512","1","jax.numpy.bfloat16","jax.numpy.bfloat16","jax.numpy.float32","500","4","4","false","100","false","5","true","true","1","1","true","0","false","10","[""mlp"",""heads""]","levanter-seqmoe","allow","true","false","256","levanter-seqmoe","allow","true","false","0","","tpu","0.6076000332832336","","","","","","","","","","","","","","","","","","","","","","","","","","","","","499","4","1","3.000272101871815e-7","3785349120","1","TPU v4","93111938187264","1100000000000000","275000000000000","11894491431.793852","523239424","","","","","","","","","","","","","","","","","","","","","","","","","","","","","302463","754977792"
"rstarcoder_sweep_lora_baseline_5","78ac2b232a3ea10a95b4fc0c98b3ed501f86fd6d","2025-02-26T06:35:58.000Z","22376","2025-02-26T12:48:54.000Z","t1v-n-e7e8dfaf-w-0","npcovi2w","-","2025-02-27T02:00:33.000Z","hidden, lora_baseline, rstarcoder_sweep","78ac2b232a3ea10a95b4fc0c98b3ed501f86fd6d","0","","false","npcovi2w","","rstarcoder_sweep_lora_baseline_5","[""rstarcoder_sweep"",""lora_baseline""]","","rstarcoder_sweep_lora_baseline_5","[""rstarcoder_sweep"",""lora_baseline""]","0.607016384601593","0.607016384601593","0.607016384601593","","1","","0.06115717440843582","0.38217848539352417","0","37.25038037900231","6.872413043714979","639903.698523736","0.17029414500575513","58.17306350215782","28149.40382705655","0.5640960335731506","0.5640960335731506","0.5640960335731506","","1","","0.003412919992115349","finished","","","","","","","","","false","false","gs://usc2-datacache/20250122-flattened-shuffled/starcoder","128","4","6442450944","128","3221225472","512MB","flattened","<|endoftext|>","content","path","<file_sep>","files","blob_id","<fim_middle>","true","<fim_pad>","false","false","false","<fim_prefix>","<>|","repo_name","<repo_name>","","<|router|>","false","<fim_suffix>","bigcode/starcoder2-3b","[""gs://usc-stack-v2/20250122-flattened-shuffled/shard-{00..58}.jsonl.gz""]","[""gs://usc-stack-v2/20250122-flattened-shuffled/shard-{59..60}.jsonl.gz""]","false","0","false","","","","","","","","","","","bigcode/starcoder2-3b","gelu_new","SPLASH","false","","LORA_ZERO_B","0.01","16","LORA","512","true","5","3072","false","0.02","12288","0.00001","","","false","1","24","2","30","false","meta-llama/Llama-2-7b-hf","1","999999.4420358812","false","false","softmax","0.02","1","true","4096","true","1","false","true","true","true","","0.9","0.95","1e-8","0.000139","cosine","1","0.1","0","0.01","0","true","0","gs://usc2-ckpt/starcoder2-3b-state-dicts","8","batch","true","gs://usc2-ckpt/starcoder2-3b-misc","[{""every"":10000}]","0:15:00","embed","true","true","logs","","512","1","jax.numpy.bfloat16","jax.numpy.bfloat16","jax.numpy.float32","500","4","4","false","100","false","5","true","true","1","1","true","0","false","10","[""mlp"",""heads""]","levanter-seqmoe","allow","true","false","256","levanter-seqmoe","allow","true","false","0","","tpu","0.6069830060005188","","","","","","","","","","","","","","","","","","","","","","","","","","","","","499","4","1","0.000013901259990234394","3054213120","1","TPU v4","93111938187264","1100000000000000","275000000000000","11894491431.793852","523239424","","","","","","","","","","","","","","","","","","","","","","","","","","","","","302463","23841792"
"rstarcoder_sweep_lora_baseline_7","78ac2b232a3ea10a95b4fc0c98b3ed501f86fd6d","2025-02-26T04:44:56.000Z","23082","2025-02-26T11:09:38.000Z","t1v-n-f5672e48-w-0","wlae73l7","-","2025-02-27T02:00:33.000Z","hidden, lora_baseline, rstarcoder_sweep","78ac2b232a3ea10a95b4fc0c98b3ed501f86fd6d","0","","false","wlae73l7","","rstarcoder_sweep_lora_baseline_7","[""rstarcoder_sweep"",""lora_baseline""]","","rstarcoder_sweep_lora_baseline_7","[""rstarcoder_sweep"",""lora_baseline""]","0.6080294251441956","0.6080294251441956","0.6080294251441956","","1","","0.09897004812955856","0.2890065908432007","0","37.249113261001185","6.872646825341345","639925.4663840795","0.16550943500260473","58.17504239855268","28150.36139659815","0.5651293992996216","0.5651293992996216","0.5651293992996216","","1","","0.7262401419975504","finished","","","","","","","","","false","false","gs://usc2-datacache/20250122-flattened-shuffled/starcoder","128","4","6442450944","128","3221225472","512MB","flattened","<|endoftext|>","content","path","<file_sep>","files","blob_id","<fim_middle>","true","<fim_pad>","false","false","false","<fim_prefix>","<>|","repo_name","<repo_name>","","<|router|>","false","<fim_suffix>","bigcode/starcoder2-3b","[""gs://usc-stack-v2/20250122-flattened-shuffled/shard-{00..58}.jsonl.gz""]","[""gs://usc-stack-v2/20250122-flattened-shuffled/shard-{59..60}.jsonl.gz""]","false","0","false","","","","","","","","","","","bigcode/starcoder2-3b","gelu_new","SPLASH","false","","LORA_ZERO_B","0.01","16","LORA","512","true","5","3072","false","0.02","12288","0.00001","","","false","1","24","2","30","false","meta-llama/Llama-2-7b-hf","1","999999.4420358812","false","false","softmax","0.02","1","true","4096","true","1","false","true","true","true","","0.9","0.95","1e-8","0.001","cosine","1","0.1","0","0.01","0","true","0","gs://usc2-ckpt/starcoder2-3b-state-dicts","8","batch","true","gs://usc2-ckpt/starcoder2-3b-misc","[{""every"":10000}]","0:15:00","embed","true","true","logs","","512","1","jax.numpy.bfloat16","jax.numpy.bfloat16","jax.numpy.float32","500","4","4","false","100","false","5","true","true","1","1","true","0","false","10","[""mlp"",""heads""]","levanter-seqmoe","allow","true","false","256","levanter-seqmoe","allow","true","false","0","","tpu","0.6080294251441956","","","","","","","","","","","","","","","","","","","","","","","","","","","","","499","4","1","0.0001000090705929324","3054213120","1","TPU v4","93111938187264","1100000000000000","275000000000000","11894491431.793852","523239424","","","","","","","","","","","","","","","","","","","","","","","","","","","","","302463","23841792"
"rstarcoder_sweep_lora_baseline_6","78ac2b232a3ea10a95b4fc0c98b3ed501f86fd6d","2025-02-26T04:44:21.000Z","23145","2025-02-26T11:10:06.000Z","t1v-n-a806e6cf-w-0","3tgtffax","-","2025-02-27T02:00:33.000Z","hidden, lora_baseline, rstarcoder_sweep","78ac2b232a3ea10a95b4fc0c98b3ed501f86fd6d","0","","false","3tgtffax","","rstarcoder_sweep_lora_baseline_6","[""rstarcoder_sweep"",""lora_baseline""]","","rstarcoder_sweep_lora_baseline_6","[""rstarcoder_sweep"",""lora_baseline""]","0.6068496108055115","0.6068496108055115","0.6068496108055115","","1","","0.0676206424832344","0.29328662157058716","0","37.250339127996995","6.87242065422145","639904.4071527441","0.16203552599836257","58.17312792297674","28149.43499969106","0.5639684200286865","0.5639684200286865","0.5639684200286865","","1","","0.0032363989994337317","finished","","","","","","","","","false","false","gs://usc2-datacache/20250122-flattened-shuffled/starcoder","128","4","6442450944","128","3221225472","512MB","flattened","<|endoftext|>","content","path","<file_sep>","files","blob_id","<fim_middle>","true","<fim_pad>","false","false","false","<fim_prefix>","<>|","repo_name","<repo_name>","","<|router|>","false","<fim_suffix>","bigcode/starcoder2-3b","[""gs://usc-stack-v2/20250122-flattened-shuffled/shard-{00..58}.jsonl.gz""]","[""gs://usc-stack-v2/20250122-flattened-shuffled/shard-{59..60}.jsonl.gz""]","false","0","false","","","","","","","","","","","bigcode/starcoder2-3b","gelu_new","SPLASH","false","","LORA_ZERO_B","0.01","16","LORA","512","true","5","3072","false","0.02","12288","0.00001","","","false","1","24","2","30","false","meta-llama/Llama-2-7b-hf","1","999999.4420358812","false","false","softmax","0.02","1","true","4096","true","1","false","true","true","true","","0.9","0.95","1e-8","0.000373","cosine","1","0.1","0","0.01","0","true","0","gs://usc2-ckpt/starcoder2-3b-state-dicts","8","batch","true","gs://usc2-ckpt/starcoder2-3b-misc","[{""every"":10000}]","0:15:00","embed","true","true","logs","","512","1","jax.numpy.bfloat16","jax.numpy.bfloat16","jax.numpy.float32","500","4","4","false","100","false","5","true","true","1","1","true","0","false","10","[""mlp"",""heads""]","levanter-seqmoe","allow","true","false","256","levanter-seqmoe","allow","true","false","0","","tpu","0.6068496108055115","","","","","","","","","","","","","","","","","","","","","","","","","","","","","499","4","1","0.00003730337994056754","3054213120","1","TPU v4","93111938187264","1100000000000000","275000000000000","11894491431.793852","523239424","","","","","","","","","","","","","","","","","","","","","","","","","","","","","302463","23841792"
"rstarcoder_sweep_mlp_baseline_11","78ac2b232a3ea10a95b4fc0c98b3ed501f86fd6d","2025-02-26T04:43:49.000Z","23695","2025-02-26T11:18:44.000Z","t1v-n-680ae139-w-0","mu2k6eua","-","2025-02-27T02:00:33.000Z","mlp_baseline, rstarcoder_sweep","78ac2b232a3ea10a95b4fc0c98b3ed501f86fd6d","0","","false","mu2k6eua","","rstarcoder_sweep_mlp_baseline_11","[""rstarcoder_sweep"",""mlp_baseline""]","","rstarcoder_sweep_mlp_baseline_11","[""rstarcoder_sweep"",""mlp_baseline""]","0.6070360541343689","0.6070360541343689","0.6070360541343689","","1","","0.029457053169608116","0.08459577709436417","0","42.07399536600133","6.0845184245769435","566541.3034484773","0.16560624400153756","51.50375485895248","24922.18746706716","0.5640349984169006","0.5640349984169006","0.5640348792076111","","1","","0.0034821589979401324","finished","","","","","","","","","false","false","gs://usc2-datacache/20250122-flattened-shuffled/starcoder","128","4","6442450944","128","3221225472","512MB","flattened","<|endoftext|>","content","path","<file_sep>","files","blob_id","<fim_middle>","true","<fim_pad>","false","false","false","<fim_prefix>","<>|","repo_name","<repo_name>","","<|router|>","false","<fim_suffix>","bigcode/starcoder2-3b","[""gs://usc-stack-v2/20250122-flattened-shuffled/shard-{00..58}.jsonl.gz""]","[""gs://usc-stack-v2/20250122-flattened-shuffled/shard-{59..60}.jsonl.gz""]","false","0","false","","","","","","","","","","","bigcode/starcoder2-3b","gelu_new","SPLASH","false","","MLP_ZERO_DOWN","0.01","4096","MLP","512","true","5","3072","true","0.02","12288","0.00001","","","false","1","24","2","30","false","meta-llama/Llama-2-7b-hf","1","999999.4420358812","false","false","softmax","0.02","1","true","4096","true","1","false","true","true","true","","0.9","0.95","1e-8","0.000019","cosine","1","0.1","0","0.01","0","true","0","gs://usc2-ckpt/starcoder2-3b-state-dicts","8","batch","true","gs://usc2-ckpt/starcoder2-3b-misc","[{""every"":10000}]","0:15:00","embed","true","true","logs","","512","1","jax.numpy.bfloat16","jax.numpy.bfloat16","jax.numpy.float32","500","4","4","false","100","false","5","true","true","1","1","true","0","false","10","[""mlp"",""heads""]","levanter-seqmoe","allow","true","false","256","levanter-seqmoe","allow","true","false","0","","tpu","0.6070360541343689","","","","","","","","","","","","","","","","","","","","","","","","","","","","","499","4","1","0.0000019001722648681607","3785349120","1","TPU v4","93111938187264","1100000000000000","275000000000000","11894491431.793852","523239424","","","","","","","","","","","","","","","","","","","","","","","","","","","","","302463","754977792"
"rstarcoder_sweep_lora_baseline_3","78ac2b232a3ea10a95b4fc0c98b3ed501f86fd6d","2025-02-26T04:42:55.000Z","22954","2025-02-26T11:05:29.000Z","t1v-n-a726d98d-w-0","zchoipoc","-","2025-02-27T02:00:33.000Z","hidden, lora_baseline, rstarcoder_sweep","78ac2b232a3ea10a95b4fc0c98b3ed501f86fd6d","0","","false","zchoipoc","","rstarcoder_sweep_lora_baseline_3","[""rstarcoder_sweep"",""lora_baseline""]","","rstarcoder_sweep_lora_baseline_3","[""rstarcoder_sweep"",""lora_baseline""]","0.6081311106681824","0.6081311106681824","0.6081311106681824","","1","","0.1140814572572708","1.1330283880233765","0","37.25035885499892","6.872417014732875","639904.0682729089","0.1672769859978871","58.17309711571899","28149.420092345856","0.5649818778038025","0.5649818778038025","0.5649818778038025","","1","","0.0030328790016938","finished","","","","","","","","","false","false","gs://usc2-datacache/20250122-flattened-shuffled/starcoder","128","4","6442450944","128","3221225472","512MB","flattened","<|endoftext|>","content","path","<file_sep>","files","blob_id","<fim_middle>","true","<fim_pad>","false","false","false","<fim_prefix>","<>|","repo_name","<repo_name>","","<|router|>","false","<fim_suffix>","bigcode/starcoder2-3b","[""gs://usc-stack-v2/20250122-flattened-shuffled/shard-{00..58}.jsonl.gz""]","[""gs://usc-stack-v2/20250122-flattened-shuffled/shard-{59..60}.jsonl.gz""]","false","0","false","","","","","","","","","","","bigcode/starcoder2-3b","gelu_new","SPLASH","false","","LORA_ZERO_B","0.01","16","LORA","512","true","5","3072","false","0.02","12288","0.00001","","","false","1","24","2","30","false","meta-llama/Llama-2-7b-hf","1","999999.4420358812","false","false","softmax","0.02","1","true","4096","true","1","false","true","true","true","","0.9","0.95","1e-8","0.000019","cosine","1","0.1","0","0.01","0","true","0","gs://usc2-ckpt/starcoder2-3b-state-dicts","8","batch","true","gs://usc2-ckpt/starcoder2-3b-misc","[{""every"":10000}]","0:15:00","embed","true","true","logs","","512","1","jax.numpy.bfloat16","jax.numpy.bfloat16","jax.numpy.float32","500","4","4","false","100","false","5","true","true","1","1","true","0","false","10","[""mlp"",""heads""]","levanter-seqmoe","allow","true","false","256","levanter-seqmoe","allow","true","false","0","","tpu","0.6081180572509766","","","","","","","","","","","","","","","","","","","","","","","","","","","","","499","4","1","0.0000019001722648681607","3054213120","1","TPU v4","93111938187264","1100000000000000","275000000000000","11894491431.793852","523239424","","","","","","","","","","","","","","","","","","","","","","","","","","","","","302463","23841792"
"rstarcoder_sweep_mlp_baseline_13","78ac2b232a3ea10a95b4fc0c98b3ed501f86fd6d","2025-02-26T00:09:41.000Z","23284","2025-02-26T06:37:45.000Z","t1v-n-d227f627-w-0","clte6o3c","-","2025-02-27T02:00:33.000Z","mlp_baseline, rstarcoder_sweep","78ac2b232a3ea10a95b4fc0c98b3ed501f86fd6d","0","","false","clte6o3c","","rstarcoder_sweep_mlp_baseline_13","[""rstarcoder_sweep"",""mlp_baseline""]","","rstarcoder_sweep_mlp_baseline_13","[""rstarcoder_sweep"",""mlp_baseline""]","0.6101008057594299","0.6101008057594299","0.6101008057594299","","1","","0.024086620658636093","0.059928178787231445","0","42.06491720996564","6.085831542760074","566663.5704275775","0.15301110997097567","51.51487003887068","24927.565999145263","0.5674721598625183","0.5674721598625183","0.5674721002578735","","1","","0.0028099300106987357","finished","","","","","","","","","false","false","gs://usc2-datacache/20250122-flattened-shuffled/starcoder","128","4","6442450944","128","3221225472","512MB","flattened","<|endoftext|>","content","path","<file_sep>","files","blob_id","<fim_middle>","true","<fim_pad>","false","false","false","<fim_prefix>","<>|","repo_name","<repo_name>","","<|router|>","false","<fim_suffix>","bigcode/starcoder2-3b","[""gs://usc-stack-v2/20250122-flattened-shuffled/shard-{00..58}.jsonl.gz""]","[""gs://usc-stack-v2/20250122-flattened-shuffled/shard-{59..60}.jsonl.gz""]","false","0","false","","","","","","","","","","","bigcode/starcoder2-3b","gelu_new","SPLASH","false","","MLP_ZERO_DOWN","0.01","4096","MLP","512","true","5","3072","true","0.02","12288","0.00001","","","false","1","24","2","30","false","meta-llama/Llama-2-7b-hf","1","999999.4420358812","false","false","softmax","0.02","1","true","4096","true","1","false","true","true","true","","0.9","0.95","1e-8","0.000139","cosine","1","0.1","0","0.01","0","true","0","gs://usc2-ckpt/starcoder2-3b-state-dicts","8","batch","true","gs://usc2-ckpt/starcoder2-3b-misc","[{""every"":10000}]","0:15:00","embed","true","true","logs","","512","1","jax.numpy.bfloat16","jax.numpy.bfloat16","jax.numpy.float32","500","4","4","false","100","false","5","true","true","1","1","true","0","false","10","[""mlp"",""heads""]","levanter-seqmoe","allow","true","false","256","levanter-seqmoe","allow","true","false","0","","tpu","0.6101008057594299","","","","","","","","","","","","","","","","","","","","","","","","","","","","","499","4","1","0.000013901259990234394","3785349120","1","TPU v4","93111938187264","1100000000000000","275000000000000","11894491431.793852","523239424","","","","","","","","","","","","","","","","","","","","","","","","","","","","","302463","754977792"
"rstarcoder_sweep_mlp_baseline_8","78ac2b232a3ea10a95b4fc0c98b3ed501f86fd6d","2025-02-26T00:06:41.000Z","23296","2025-02-26T06:34:57.000Z","t1v-n-e7e8dfaf-w-0","psxqgcjz","-","2025-02-27T02:00:34.000Z","mlp_baseline, rstarcoder_sweep","78ac2b232a3ea10a95b4fc0c98b3ed501f86fd6d","0","","false","psxqgcjz","","rstarcoder_sweep_mlp_baseline_8","[""rstarcoder_sweep"",""mlp_baseline""]","","rstarcoder_sweep_mlp_baseline_8","[""rstarcoder_sweep"",""mlp_baseline""]","0.6083986759185791","0.6083986759185791","0.6083986759185791","","1","","0.050686314702034","0.1515495479106903","0","42.06568392999179","6.085720617928152","566653.2420014843","0.1560421559988754","51.51393109104402","24927.111651033712","0.5652914643287659","0.5652914643287659","0.5652914643287659","","1","","0.004772500004037283","finished","","","","","","","","","false","false","gs://usc2-datacache/20250122-flattened-shuffled/starcoder","128","4","6442450944","128","3221225472","512MB","flattened","<|endoftext|>","content","path","<file_sep>","files","blob_id","<fim_middle>","true","<fim_pad>","false","false","false","<fim_prefix>","<>|","repo_name","<repo_name>","","<|router|>","false","<fim_suffix>","bigcode/starcoder2-3b","[""gs://usc-stack-v2/20250122-flattened-shuffled/shard-{00..58}.jsonl.gz""]","[""gs://usc-stack-v2/20250122-flattened-shuffled/shard-{59..60}.jsonl.gz""]","false","0","false","","","","","","","","","","","bigcode/starcoder2-3b","gelu_new","SPLASH","false","","MLP_ZERO_DOWN","0.01","4096","MLP","512","true","5","3072","true","0.02","12288","0.00001","","","false","1","24","2","30","false","meta-llama/Llama-2-7b-hf","1","999999.4420358812","false","false","softmax","0.02","1","true","4096","true","1","false","true","true","true","","0.9","0.95","1e-8","0.000001","cosine","1","0.1","0","0.01","0","true","0","gs://usc2-ckpt/starcoder2-3b-state-dicts","8","batch","true","gs://usc2-ckpt/starcoder2-3b-misc","[{""every"":10000}]","0:15:00","embed","true","true","logs","","512","1","jax.numpy.bfloat16","jax.numpy.bfloat16","jax.numpy.float32","500","4","4","false","100","false","5","true","true","1","1","true","0","false","10","[""mlp"",""heads""]","levanter-seqmoe","allow","true","false","256","levanter-seqmoe","allow","true","false","0","","tpu","0.6083687543869019","","","","","","","","","","","","","","","","","","","","","","","","","","","","","499","4","1","1.0000906769391805e-7","3785349120","1","TPU v4","93111938187264","1100000000000000","275000000000000","11894491431.793852","523239424","","","","","","","","","","","","","","","","","","","","","","","","","","","","","302463","754977792"
"rstarcoder_sweep_lora_baseline_1","78ac2b232a3ea10a95b4fc0c98b3ed501f86fd6d","2025-02-25T18:20:54.000Z","59365","2025-02-26T10:50:19.000Z","t1v-n-a726d98d-w-0","grsyspaz","-","2025-02-27T02:00:34.000Z","hidden, lora_baseline, rstarcoder_sweep","78ac2b232a3ea10a95b4fc0c98b3ed501f86fd6d","0","","false","grsyspaz","","rstarcoder_sweep_lora_baseline_1","[""rstarcoder_sweep"",""lora_baseline""]","","rstarcoder_sweep_lora_baseline_1","[""rstarcoder_sweep"",""lora_baseline""]","0.6138209700584412","0.6138209700584412","0.6138209700584412","","1","","0.003474322147667408","0.01970200426876545","0","37.249573424996925","6.87256192384225","639917.5610409437","0.155297225996037","58.17432373099488","28150.013640057856","0.5696144104003906","0.5696144104003906","0.5696144104003906","","1","","0.1794284939969657","failed","","","","","","","","","false","false","gs://usc2-datacache/20250122-flattened-shuffled/starcoder","128","4","6442450944","128","3221225472","512MB","flattened","<|endoftext|>","content","path","<file_sep>","files","blob_id","<fim_middle>","true","<fim_pad>","false","false","false","<fim_prefix>","<>|","repo_name","<repo_name>","","<|router|>","false","<fim_suffix>","bigcode/starcoder2-3b","[""gs://usc-stack-v2/20250122-flattened-shuffled/shard-{00..58}.jsonl.gz""]","[""gs://usc-stack-v2/20250122-flattened-shuffled/shard-{59..60}.jsonl.gz""]","false","0","false","","","","","","","","","","","bigcode/starcoder2-3b","gelu_new","SPLASH","false","","LORA_ZERO_B","0.01","16","LORA","512","true","5","3072","false","0.02","12288","0.00001","","","false","1","24","2","30","false","meta-llama/Llama-2-7b-hf","1","999999.4420358812","false","false","softmax","0.02","1","true","4096","true","1","false","true","true","true","","0.9","0.95","1e-8","0.000003","cosine","1","0.1","0","0.01","0","true","0","gs://usc2-ckpt/starcoder2-3b-state-dicts","8","batch","true","gs://usc2-ckpt/starcoder2-3b-misc","[{""every"":10000}]","0:15:00","embed","true","true","logs","","512","1","jax.numpy.bfloat16","jax.numpy.bfloat16","jax.numpy.float32","500","4","4","false","100","false","5","true","true","1","1","true","0","false","10","[""mlp"",""heads""]","levanter-seqmoe","allow","true","false","256","levanter-seqmoe","allow","true","false","0","","tpu","0.6138209700584412","","","","","","","","","","","","","","","","","","","","","","","","","","","","","499","4","1","3.000272101871815e-7","3054213120","1","TPU v4","93111938187264","1100000000000000","275000000000000","11894491431.793852","523239424","","","","","","","","","","","","","","","","","","","","","","","","","","","","","302463","23841792"
"rstarcoder_sweep_lora_baseline_0","78ac2b232a3ea10a95b4fc0c98b3ed501f86fd6d","2025-02-25T18:20:42.000Z","60385","2025-02-26T11:07:07.000Z","t1v-n-c0fbfc9d-w-0","rbwgp2uw","-","2025-02-27T02:00:34.000Z","hidden, lora_baseline, rstarcoder_sweep","78ac2b232a3ea10a95b4fc0c98b3ed501f86fd6d","0","","false","rbwgp2uw","","rstarcoder_sweep_lora_baseline_0","[""rstarcoder_sweep"",""lora_baseline""]","","rstarcoder_sweep_lora_baseline_0","[""rstarcoder_sweep"",""lora_baseline""]","0.627293586730957","0.627293586730957","0.627293586730957","","1","","0.049005065113306046","0.34168726205825806","0","37.25050679699052","6.872389720632802","639901.52686635","0.1687641289900057","58.172866078759085","28149.30829571196","0.5813875794410706","0.5813875794410706","0.5813875198364258","","1","","0.003848058986477554","finished","","","","","","","","","false","false","gs://usc2-datacache/20250122-flattened-shuffled/starcoder","128","4","6442450944","128","3221225472","512MB","flattened","<|endoftext|>","content","path","<file_sep>","files","blob_id","<fim_middle>","true","<fim_pad>","false","false","false","<fim_prefix>","<>|","repo_name","<repo_name>","","<|router|>","false","<fim_suffix>","bigcode/starcoder2-3b","[""gs://usc-stack-v2/20250122-flattened-shuffled/shard-{00..58}.jsonl.gz""]","[""gs://usc-stack-v2/20250122-flattened-shuffled/shard-{59..60}.jsonl.gz""]","false","0","false","","","","","","","","","","","bigcode/starcoder2-3b","gelu_new","SPLASH","false","","LORA_ZERO_B","0.01","16","LORA","512","true","5","3072","false","0.02","12288","0.00001","","","false","1","24","2","30","false","meta-llama/Llama-2-7b-hf","1","999999.4420358812","false","false","softmax","0.02","1","true","4096","true","1","false","true","true","true","","0.9","0.95","1e-8","0.000001","cosine","1","0.1","0","0.01","0","true","0","gs://usc2-ckpt/starcoder2-3b-state-dicts","8","batch","true","gs://usc2-ckpt/starcoder2-3b-misc","[{""every"":10000}]","0:15:00","embed","true","true","logs","","512","1","jax.numpy.bfloat16","jax.numpy.bfloat16","jax.numpy.float32","500","4","4","false","100","false","5","true","true","1","1","true","0","false","10","[""mlp"",""heads""]","levanter-seqmoe","allow","true","false","256","levanter-seqmoe","allow","true","false","0","","tpu","0.627293586730957","","","","","","","","","","","","","","","","","","","","","","","","","","","","","499","4","1","1.0000906769391805e-7","3054213120","1","TPU v4","93111938187264","1100000000000000","275000000000000","11894491431.793852","523239424","","","","","","","","","","","","","","","","","","","","","","","","","","","","","302463","23841792"
